age,education-num,marital-status,occupation,sex,capital-gain,native-country
37,9,0,6,1,0,38
58,4,2,13,1,0,38
46,7,0,9,1,0,38
32,9,4,13,0,0,38
56,7,0,11,0,0,38
55,13,2,3,1,0,38
42,9,2,9,1,0,38
24,6,2,6,0,0,38
31,2,2,4,1,0,25
32,9,4,7,1,0,38
42,13,2,11,1,0,38
34,9,4,7,0,0,38
24,10,0,7,1,0,38
38,9,4,7,1,0,38
47,13,2,2,1,0,38
52,9,2,2,1,0,38
33,9,2,11,1,0,38
39,9,2,2,1,0,38
42,10,2,12,1,7688,38
35,13,2,11,1,0,38
47,9,2,11,1,0,38
53,8,0,4,1,0,38
65,9,6,11,0,0,38
34,9,0,13,1,0,38
39,9,5,6,1,2176,38
42,9,2,2,1,0,38
54,9,2,13,1,5013,38
24,9,2,13,0,0,38
35,15,4,9,1,0,18
49,10,0,10,0,4934,38
47,4,2,5,1,0,31
38,9,2,5,1,0,38
51,9,2,6,1,0,38
31,12,2,7,0,0,38
40,10,4,0,0,0,38
47,14,4,9,0,0,38
44,9,2,0,0,0,38
48,10,0,4,1,0,38
49,7,0,6,0,0,38
33,13,2,11,1,0,38
53,13,4,7,1,8614,21
45,13,2,9,1,0,38
42,9,4,0,0,0,38
28,5,4,6,1,0,5
43,10,2,7,1,0,38
43,10,2,2,1,0,38
61,10,2,11,0,0,38
34,9,2,6,1,0,38
36,13,2,9,1,0,38
36,10,2,3,0,7298,38
60,13,2,11,1,0,38
33,9,4,11,1,0,38
37,11,2,2,1,0,38
51,9,4,3,1,10520,38
37,9,0,0,0,0,38
24,12,4,2,1,0,38
44,9,3,0,0,0,38
29,9,2,2,1,0,38
55,9,0,3,1,14344,38
31,9,2,13,1,0,38
30,7,2,7,1,0,25
48,10,2,2,1,0,38
27,9,4,3,0,0,38
47,13,3,11,1,0,38
42,10,2,13,0,14344,38
39,10,3,0,0,0,38
46,13,2,3,1,0,38
37,9,4,11,1,0,38
28,13,4,2,0,0,38
23,11,4,12,1,0,38
48,12,2,13,1,0,38
62,6,2,6,1,0,38
28,10,4,7,1,0,38
44,10,2,5,1,0,38
42,13,2,9,1,0,38
73,11,2,11,1,0,38
44,11,2,2,1,0,38
60,13,2,2,1,5178,38
39,14,4,11,1,0,38
52,9,0,6,0,0,38
34,10,4,2,1,0,38
40,9,2,7,1,0,38
48,10,0,2,1,0,38
41,13,2,12,1,0,38
31,10,2,11,1,0,38
32,13,2,9,1,99999,38
41,14,0,5,1,0,28
61,10,2,11,1,0,38
33,13,2,9,1,0,38
35,13,4,7,1,0,38
56,9,0,7,1,0,38
35,14,2,11,1,0,38
26,14,4,9,1,0,38
52,10,2,3,1,0,38
51,11,2,11,1,0,38
43,10,0,0,0,0,38
39,9,2,0,1,0,38
46,13,2,9,1,15024,38
44,14,2,9,1,0,38
53,10,6,3,0,0,38
39,11,2,10,1,0,38
42,13,2,0,1,0,38
19,9,4,6,1,0,38
42,9,2,10,1,5178,38
27,9,2,10,1,3103,38
37,9,4,5,0,3887,26
39,9,2,0,0,0,38
28,6,4,5,1,0,38
25,13,4,3,1,0,38
41,14,2,9,1,0,38
47,14,2,9,1,0,38
50,10,0,9,0,0,38
46,13,2,11,1,0,38
34,9,2,11,1,0,38
61,9,2,2,1,0,38
38,10,2,2,1,5178,38
35,13,2,2,1,0,38
51,10,2,9,0,0,38
33,9,2,3,1,0,38
45,10,2,7,1,3103,38
34,9,2,2,1,0,38
26,10,4,13,1,0,38
33,12,2,2,1,0,38
41,9,2,7,1,0,38
33,9,0,0,0,0,38
29,11,2,2,1,0,38
67,9,2,13,1,0,38
21,9,2,6,1,0,38
37,9,2,10,1,0,38
34,11,0,2,1,0,38
25,9,4,11,1,0,38
54,13,2,2,1,0,38
27,10,2,12,1,0,38
46,10,2,13,1,0,38
56,9,2,2,1,2885,38
23,3,4,13,1,0,38
37,12,2,3,1,0,9
50,9,0,9,0,0,38
17,7,4,0,0,0,38
32,4,3,0,1,0,38
51,9,2,7,1,7298,7
26,13,4,0,0,0,38
45,10,6,7,0,0,38
20,10,4,4,1,0,38
17,7,4,4,1,0,38
34,10,2,0,1,0,38
50,12,0,11,0,0,38
29,13,2,9,0,0,38
56,9,4,0,0,0,38
30,13,4,7,1,14084,38
38,9,2,10,1,0,33
37,10,2,2,1,0,38
21,11,4,0,0,0,38
66,13,2,9,1,20051,38
45,10,2,3,1,3137,38
46,9,2,7,1,0,38
53,14,2,0,1,0,38
55,11,2,11,1,15024,38
43,13,2,11,1,0,38
50,14,2,10,1,7688,38
45,9,2,2,1,0,8
36,10,2,11,1,7688,38
47,9,2,2,1,0,38
30,9,2,0,1,0,38
30,13,2,9,1,99999,38
65,9,2,3,1,0,38
43,9,2,4,1,7298,38
64,10,3,3,0,0,38
37,4,2,7,1,7298,25
29,15,4,9,1,0,21
39,15,2,9,0,15024,38
24,9,4,3,0,0,38
30,13,2,3,1,0,38
30,13,4,11,1,0,38
33,13,4,0,1,0,38
37,10,2,2,1,0,38
37,14,0,3,0,0,38
21,9,4,2,1,0,38
55,13,2,3,1,15024,38
28,9,2,2,1,0,17
34,13,2,3,1,0,38
52,9,2,3,1,0,38
57,9,0,2,1,14344,38
68,10,2,4,1,9386,38
57,8,2,0,1,6418,38
29,9,2,13,1,0,38
51,14,2,9,0,99999,38
51,9,2,2,1,7298,38
43,13,2,3,1,15024,38
38,13,2,11,1,0,30
31,11,4,10,1,0,38
26,12,4,7,1,0,38
52,13,2,3,1,0,38
28,8,2,3,1,7688,38
26,13,4,4,1,0,38
34,15,2,9,1,0,38
48,9,4,0,0,0,38
26,9,4,13,1,0,38
33,3,5,7,0,0,25
36,10,2,2,1,0,38
38,11,0,9,0,14344,38
21,10,4,0,1,0,38
21,10,4,11,0,0,38
31,13,0,10,1,0,38
20,10,4,0,0,0,38
21,10,4,0,0,0,38
41,9,2,3,1,0,38
58,15,4,3,0,0,38
28,13,4,9,0,0,38
40,9,4,7,0,0,38
30,9,2,0,0,7298,38
24,9,2,5,1,0,38
31,9,4,5,1,0,38
23,9,4,0,0,0,38
52,13,2,1,1,7298,38
73,15,2,0,1,0,38
46,10,2,11,1,0,38
32,9,2,1,0,7298,38
58,13,2,3,1,0,38
39,13,0,0,1,0,38
20,10,4,11,0,0,38
28,10,2,5,1,0,38
43,13,4,9,0,0,38
56,10,2,2,1,0,38
53,14,2,9,1,3103,38
32,13,2,3,1,15024,38
32,10,2,3,1,0,38
25,13,4,0,0,0,38
40,10,0,2,1,0,38
54,10,0,0,0,0,38
39,9,2,2,1,0,38
35,9,2,3,0,0,38
34,14,2,3,1,0,38
39,13,2,3,1,0,38
35,13,4,3,1,0,38
34,13,4,3,1,1471,0
55,4,2,2,1,0,38
27,13,2,2,1,0,38
30,13,4,9,0,0,10
27,9,4,10,1,2174,38
50,14,2,3,1,99999,38
47,4,2,11,1,0,32
30,13,4,0,0,0,35
33,10,4,0,1,0,38
48,9,2,2,1,0,38
29,13,4,9,1,0,38
23,13,4,3,1,0,38
43,10,3,11,1,0,25
38,11,2,2,1,0,38
26,8,4,2,1,0,12
54,13,0,3,1,0,38
64,9,2,0,0,20051,38
61,13,0,0,0,0,38
41,10,2,12,1,3137,38
51,9,2,6,1,0,38
54,11,2,2,1,0,14
43,13,2,7,0,0,38
63,10,2,9,1,0,38
33,15,4,9,1,0,38
42,3,3,2,1,0,32
24,10,4,5,1,0,38
27,13,4,12,1,0,38
29,9,2,0,1,0,38
58,9,2,3,1,0,38
43,13,2,11,1,0,38
40,10,2,4,1,0,38
21,5,4,13,1,0,38
21,10,4,7,0,0,38
30,9,2,13,1,5013,38
45,11,2,2,1,0,23
49,13,2,11,1,0,38
31,14,2,11,1,0,38
31,13,2,3,1,0,38
56,9,0,12,0,0,38
31,9,4,7,1,0,38
28,10,4,5,1,0,38
43,15,4,9,0,14084,38
41,9,2,2,1,0,38
51,10,2,11,1,0,38
33,9,4,0,0,0,38
53,9,2,2,1,0,38
48,10,2,12,1,0,38
43,9,2,5,1,0,38
39,10,2,10,1,7298,38
55,10,0,10,1,0,38
30,9,4,11,0,0,38
42,9,2,10,1,0,38
33,9,5,0,0,0,38
35,10,4,2,1,0,38
58,13,2,3,1,0,38
32,14,2,9,1,7688,38
23,10,5,2,1,0,38
61,10,0,11,0,0,38
40,10,2,7,0,0,38
34,9,2,13,1,0,38
43,10,0,6,1,0,38
48,13,2,2,1,0,22
20,10,4,13,1,0,38
28,11,0,9,0,0,38
26,12,4,7,1,0,38
50,9,1,2,0,99999,38
45,13,2,0,1,0,29
62,13,2,9,1,0,38
69,9,2,11,1,0,38
39,10,0,11,0,0,38
38,11,4,2,1,0,38
31,13,2,3,1,0,38
18,9,4,7,1,0,38
33,9,2,12,0,0,38
20,4,4,6,1,0,38
27,7,5,2,1,0,10
27,10,5,11,0,0,38
52,9,2,10,1,0,38
35,13,2,9,1,7298,38
25,10,4,0,1,0,38
49,13,2,8,1,7298,38
45,14,2,3,1,0,38
58,14,2,3,1,0,38
36,9,0,11,0,0,38
51,14,2,9,1,0,38
30,12,2,3,1,0,38
34,13,0,3,1,0,38
52,14,3,0,0,0,38
43,10,2,3,1,0,38
39,10,2,6,1,0,38
60,4,2,13,1,0,38
39,10,2,2,1,0,38
38,10,0,2,1,0,38
56,2,2,2,1,0,38
49,10,2,9,1,0,38
24,10,4,0,0,0,38
35,13,2,3,1,0,38
59,9,2,3,0,7688,38
44,10,0,3,0,0,38
59,4,2,10,1,0,32
34,13,2,11,0,0,38
66,13,2,11,1,0,38
65,9,2,3,1,0,38
40,13,2,9,1,0,38
36,13,2,11,1,0,38
39,15,0,3,1,0,38
32,9,4,6,1,0,38
36,6,2,6,0,3464,38
57,11,4,12,1,0,38
40,12,4,0,0,0,38
42,7,2,13,1,0,38
24,12,4,11,0,0,38
30,11,2,12,0,0,38
34,13,4,3,0,0,38
32,10,2,11,1,0,38
68,13,2,3,1,0,38
28,13,4,9,1,0,38
29,11,2,2,1,0,38
59,9,0,12,0,0,38
53,9,2,0,1,0,38
33,13,2,3,1,0,38
41,9,3,13,1,0,38
34,9,2,2,1,0,38
43,13,2,3,1,15024,38
42,14,2,3,1,0,38
48,9,0,3,0,0,38
43,13,2,3,1,15024,38
34,9,2,9,1,0,20
63,13,2,0,1,0,38
40,15,2,9,0,0,35
54,6,5,13,1,0,38
39,9,2,3,1,0,38
36,10,0,7,0,0,25
41,14,2,9,0,0,8
48,14,2,9,1,0,38
55,9,2,13,1,0,38
59,6,2,2,1,0,38
40,10,2,11,1,4386,38
30,9,4,12,0,0,38
30,13,4,9,0,0,38
53,9,2,2,1,0,38
27,10,4,0,0,0,38
28,13,2,2,1,0,38
57,10,2,9,1,0,38
27,10,0,6,0,0,38
25,13,4,3,1,4101,38
33,10,2,3,1,0,38
46,5,2,6,1,0,12
59,13,2,3,1,0,38
34,10,2,7,1,0,38
40,9,4,7,0,0,38
55,13,5,3,1,14084,38
44,10,0,13,1,1831,38
26,10,2,2,1,0,32
26,9,4,7,1,0,38
47,4,2,2,1,0,38
25,10,2,11,1,0,38
56,10,2,11,1,0,38
36,13,2,9,1,0,38
35,13,2,11,1,0,38
41,7,6,0,0,0,38
22,13,2,6,1,0,38
56,9,2,5,1,0,38
28,9,4,0,1,0,38
38,14,2,9,1,0,38
50,9,2,2,1,0,38
59,9,2,5,1,0,38
29,11,2,9,1,14084,38
25,10,4,13,1,0,38
31,11,2,10,1,0,38
52,13,2,3,1,0,38
30,12,4,2,1,4787,38
54,9,2,2,1,5178,38
53,13,2,0,1,0,38
41,13,2,0,1,0,38
49,9,2,0,0,0,38
26,13,2,3,0,0,38
38,13,4,9,1,0,38
29,8,4,3,1,0,8
60,13,2,3,1,0,38
41,12,0,0,0,0,38
47,14,2,3,1,0,38
24,10,4,10,1,0,38
36,10,2,0,1,0,38
55,9,2,2,1,0,38
41,13,2,9,1,0,38
40,9,2,3,1,0,38
40,12,2,12,1,0,38
44,3,2,1,1,0,38
63,9,2,2,1,0,38
22,9,0,13,1,0,38
35,10,2,9,1,0,38
45,7,2,7,0,0,38
40,15,2,0,0,0,29
40,12,0,11,0,4687,38
29,9,4,5,0,0,38
38,9,2,11,1,0,38
28,9,3,7,0,0,29
39,9,0,7,0,0,38
46,13,2,3,1,0,38
29,14,4,9,0,0,38
20,9,4,4,1,0,38
19,9,4,2,0,0,38
69,15,2,9,1,99999,38
42,9,3,3,0,0,38
35,5,4,2,1,0,38
37,13,2,3,1,0,38
51,9,2,6,1,0,38
49,13,2,11,1,0,38
29,10,2,0,1,0,38
30,12,4,7,1,0,39
32,10,2,11,0,0,11
29,10,4,7,0,0,38
19,9,4,2,1,0,38
42,14,4,9,0,0,38
34,13,2,9,1,0,38
54,5,5,2,1,0,38
48,14,3,11,1,0,18
38,4,2,2,1,0,25
49,13,1,3,0,10520,38
37,9,2,11,1,0,38
26,3,2,5,1,0,25
31,10,2,2,1,0,38
24,13,4,3,1,0,38
60,12,2,0,1,0,38
35,9,2,2,1,0,38
36,14,2,3,1,0,35
47,16,2,9,1,0,38
49,9,2,0,1,0,38
58,9,2,7,1,0,38
37,10,0,0,0,0,38
60,7,6,13,1,0,38
35,13,2,3,1,0,38
40,9,0,2,1,0,38
46,12,0,0,0,0,38
42,14,0,9,0,0,38
34,12,4,0,0,14344,38
60,10,2,2,1,0,3
36,9,0,0,0,0,38
55,10,2,2,1,0,38
46,14,2,9,1,0,38
60,11,0,9,0,0,38
63,10,6,0,0,0,38
37,10,2,13,1,0,38
47,10,0,0,0,0,38
50,9,2,13,1,0,38
28,10,4,11,0,0,38
54,4,2,3,1,0,38
61,4,0,7,0,0,38
28,13,2,3,1,5178,38
35,13,2,3,1,0,38
43,13,2,6,1,0,38
27,7,2,2,1,0,38
25,10,4,2,0,0,38
48,9,2,6,1,0,38
49,8,2,2,1,0,38
54,4,0,6,0,0,38
41,13,2,9,1,0,38
39,9,2,2,1,0,38
30,7,3,5,0,0,38
54,9,2,4,1,0,38
60,9,2,7,1,0,38
53,10,6,3,1,0,38
33,12,0,9,1,0,38
24,9,4,7,1,0,38
61,4,2,2,1,7688,30
31,12,2,12,1,0,38
32,9,2,3,0,0,1
28,9,2,13,1,0,38
51,9,2,4,1,4386,38
35,11,0,13,1,0,38
39,9,2,2,1,5178,38
47,14,5,9,1,0,38
58,13,2,0,1,0,29
35,9,2,13,1,2885,38
27,9,4,0,0,0,38
46,13,2,0,1,0,29
28,13,2,11,1,0,38
43,10,2,0,1,0,38
41,9,0,3,0,0,38
28,9,2,13,1,0,38
55,14,3,9,0,10520,38
30,13,4,8,1,14084,38
42,13,2,0,0,0,38
41,9,2,2,1,0,38
44,14,2,3,1,15024,38
41,13,2,9,0,0,38
32,13,2,9,1,99999,38
36,13,2,9,1,0,38
47,13,4,9,0,0,38
46,13,2,3,1,0,38
43,13,0,9,0,14344,38
53,8,4,7,0,0,38
37,13,2,3,1,0,38
22,8,2,4,0,0,38
31,9,2,3,1,0,38
32,14,2,9,1,0,38
36,16,2,9,0,0,38
40,9,2,13,1,0,38
42,14,2,9,1,0,38
47,10,2,3,1,0,38
21,9,4,7,0,0,38
47,11,2,3,0,0,38
49,9,2,2,1,0,38
48,12,2,13,1,0,38
25,9,3,0,1,0,38
36,13,2,11,1,0,38
48,13,2,0,1,0,38
37,12,2,6,1,0,38
53,9,2,3,0,0,38
25,10,4,12,0,0,38
45,13,2,3,0,0,38
61,10,2,11,1,0,38
36,9,0,2,1,0,38
19,6,4,0,0,0,38
40,10,2,2,1,0,38
42,14,4,3,1,0,38
31,9,2,3,1,0,38
53,14,0,4,1,25236,38
41,13,2,3,1,0,38
38,9,0,4,1,0,38
60,13,2,3,1,0,38
28,9,2,6,1,0,38
41,13,2,2,1,3103,38
49,14,2,3,1,0,38
30,12,4,6,0,0,38
38,13,2,3,0,7688,38
53,8,2,0,0,0,38
43,9,2,2,1,0,38
39,9,2,6,0,0,38
35,12,2,0,1,0,38
19,10,4,12,0,0,38
59,10,2,3,1,0,38
38,15,2,9,1,0,38
24,10,2,0,0,0,38
37,10,2,7,1,0,38
32,9,2,3,1,0,38
52,11,2,2,1,0,38
60,10,0,11,0,0,38
47,9,2,1,0,7688,38
37,9,0,2,1,0,38
31,10,2,12,1,0,38
27,13,2,10,1,0,38
44,10,0,0,0,0,38
40,10,2,12,0,0,38
38,13,2,10,1,7298,38
35,9,2,3,1,0,38
26,9,4,11,1,0,38
47,13,4,3,0,0,38
52,9,6,7,0,0,18
57,3,2,13,1,0,38
51,12,2,2,1,7688,38
32,12,0,11,1,2597,38
31,5,2,2,1,0,38
54,9,2,0,1,0,38
44,10,2,6,1,3103,38
25,9,4,5,1,0,38
45,9,2,2,1,0,38
22,10,4,0,0,0,38
53,10,2,2,1,0,38
31,13,2,9,1,7688,1
52,9,2,0,1,0,38
46,7,1,7,0,0,38
30,9,2,6,1,0,38
38,13,5,2,1,0,38
29,11,2,9,0,5178,38
39,14,2,9,0,0,38
46,14,2,3,1,0,38
50,9,2,13,1,0,38
36,13,2,2,1,0,38
63,14,2,9,1,0,38
20,9,4,3,0,0,38
62,12,6,9,0,0,38
33,11,4,6,0,0,38
23,13,4,0,0,0,38
23,9,4,0,0,0,38
40,9,5,6,0,0,38
58,9,2,13,0,0,38
42,9,0,11,0,0,38
27,13,2,9,1,0,38
33,9,2,2,1,0,38
56,13,2,0,1,0,38
34,13,2,9,1,0,38
48,9,4,3,0,0,38
24,13,4,13,0,0,38
37,10,2,2,1,0,38
31,13,2,9,1,0,38
31,9,0,0,1,0,38
35,9,4,12,1,0,38
55,9,0,0,0,0,38
27,13,4,3,0,0,38
26,3,4,4,1,0,25
36,14,2,3,1,0,38
45,13,2,9,1,0,38
58,9,2,3,1,0,38
66,13,2,3,1,0,38
62,10,2,11,1,0,38
53,11,5,2,1,0,30
34,13,2,9,1,0,38
75,7,4,3,1,0,38
20,9,4,7,1,0,38
39,9,2,11,0,0,38
41,10,0,0,0,0,38
46,15,2,9,1,0,38
36,10,0,0,0,0,38
52,9,2,5,1,0,38
20,9,4,7,1,0,38
47,12,2,0,1,0,38
41,9,2,12,0,7298,38
23,7,4,13,0,0,38
27,9,2,3,0,0,38
58,10,2,12,1,0,38
50,12,0,9,0,0,38
60,9,2,10,1,0,38
37,11,2,2,1,0,38
51,9,2,0,1,0,38
23,13,4,9,0,0,38
52,13,2,3,1,0,38
37,9,2,0,1,0,8
42,14,2,9,1,0,38
47,15,0,9,1,27828,38
46,14,2,9,1,0,38
39,9,2,6,1,0,38
35,13,4,11,0,8614,38
27,9,4,2,1,0,38
22,13,4,0,0,0,38
29,10,4,9,0,0,38
39,11,0,1,0,10520,38
45,11,4,10,0,14084,38
31,10,2,3,1,0,38
49,15,4,3,0,0,38
27,9,4,7,0,0,38
23,9,4,4,1,0,30
27,10,0,11,0,0,28
33,15,4,9,0,0,38
47,9,2,12,1,0,38
39,14,2,9,1,0,38
30,12,2,3,1,0,38
31,10,2,0,1,0,38
42,10,2,11,1,0,38
59,10,2,3,1,0,38
44,10,2,11,1,0,38
45,14,2,9,1,0,38
52,3,4,5,1,0,38
20,6,4,0,1,0,38
27,13,4,12,1,0,38
34,9,2,2,1,3103,38
38,13,2,3,0,0,38
27,9,2,3,0,0,38
32,10,0,10,0,0,38
36,10,2,11,1,0,38
46,5,2,6,0,0,38
30,13,2,6,1,99999,38
37,13,2,9,1,7688,38
42,11,0,3,1,8614,38
41,9,2,2,1,7688,38
34,13,2,9,1,0,19
34,13,2,9,1,0,38
43,10,2,2,1,0,38
55,9,2,9,0,0,38
32,7,0,7,0,0,38
39,9,2,3,1,0,38
34,15,4,10,1,0,18
25,10,2,2,1,0,38
37,7,2,2,1,0,38
45,11,2,2,1,0,38
51,10,2,11,1,0,38
26,13,2,9,0,0,38
21,9,4,6,1,0,38
42,10,2,3,0,0,38
58,9,0,3,0,0,38
58,6,2,13,1,0,38
38,11,0,12,0,0,38
42,10,2,9,1,0,38
28,6,2,2,0,0,12
42,14,2,3,1,0,38
38,15,4,3,1,0,38
41,14,0,9,1,7430,37
57,9,6,0,0,0,38
46,13,2,3,1,15024,38
46,9,0,3,1,0,38
59,9,2,2,1,0,38
47,10,2,13,1,0,38
54,14,0,3,1,0,38
45,16,2,9,1,0,38
23,9,4,0,0,0,38
44,15,4,9,1,14084,38
43,13,4,11,1,0,38
60,9,2,3,0,3103,38
21,9,4,13,1,0,38
55,9,2,11,1,0,38
33,9,4,2,1,0,38
44,13,2,9,0,4386,38
66,15,2,7,1,10605,38
51,14,2,3,1,7298,38
27,6,0,7,0,0,38
34,9,0,4,1,0,38
23,9,2,7,1,0,38
33,9,0,0,1,0,38
26,9,4,7,1,0,38
30,9,2,0,1,0,38
37,14,2,3,1,0,38
28,10,4,9,1,0,38
49,13,0,9,1,0,38
48,10,2,2,1,0,0
55,9,2,2,1,0,38
23,2,2,11,1,0,38
37,11,4,0,0,0,38
27,9,5,6,1,0,38
59,6,2,13,1,0,38
58,9,2,11,1,0,8
30,10,2,6,1,0,38
22,10,4,0,0,0,38
32,9,2,2,0,7688,38
18,7,4,5,1,0,38
24,13,2,3,0,7688,38
47,15,2,9,1,15024,38
42,14,2,9,1,0,38
33,9,2,0,1,0,38
33,2,3,8,0,0,12
51,10,2,2,1,0,38
47,7,2,2,1,0,5
20,9,4,0,0,0,10
29,16,4,9,1,0,38
52,10,6,2,1,0,38
36,10,0,5,1,0,38
47,9,0,2,1,8614,38
30,10,4,5,1,0,38
42,14,2,3,1,0,38
39,14,2,3,1,0,38
49,11,5,9,0,0,38
46,10,2,2,1,0,38
29,9,0,11,0,0,38
45,13,2,3,1,0,38
43,9,2,7,1,0,38
38,13,2,11,1,0,38
41,10,2,0,0,0,38
49,10,2,3,1,0,38
32,13,0,3,0,0,38
31,9,2,7,0,0,38
59,9,2,2,1,0,38
40,9,2,0,1,0,38
23,10,4,3,0,0,38
53,10,2,0,0,4386,38
53,10,2,3,1,0,38
53,12,2,6,1,0,38
45,13,2,11,1,0,38
41,15,2,9,1,0,38
47,14,2,3,1,0,38
53,11,2,3,1,0,38
38,10,2,13,1,0,38
44,9,2,11,0,0,38
50,9,2,5,1,0,38
57,9,6,0,0,0,38
47,15,2,9,1,0,38
57,13,2,11,0,0,38
39,8,4,5,1,0,38
35,10,2,7,1,0,38
58,9,6,3,1,0,38
51,9,2,11,1,0,38
39,13,2,11,1,7688,38
44,13,2,9,1,0,38
27,10,4,13,1,0,38
54,7,0,0,0,0,38
34,2,4,7,0,0,12
46,15,2,9,1,0,38
49,9,2,2,1,0,38
26,9,4,0,1,0,38
53,9,2,2,1,0,38
57,10,2,11,1,0,38
33,10,4,11,1,0,38
27,13,5,12,1,0,38
34,13,2,3,1,0,38
52,9,0,13,1,0,38
44,14,2,9,1,0,38
28,10,4,7,0,0,38
46,9,2,13,0,5178,38
29,13,2,9,1,0,38
33,14,4,3,1,0,38
57,9,2,2,1,0,38
60,13,2,9,0,0,38
21,9,4,6,1,0,38
45,9,2,2,1,0,38
63,4,2,11,1,0,38
35,9,4,2,1,0,38
48,10,2,10,1,0,38
40,10,5,3,1,0,38
24,8,2,2,1,0,38
35,9,4,6,1,0,25
39,10,4,7,0,0,38
75,10,6,11,1,0,38
41,9,2,11,1,0,38
38,6,5,0,1,0,38
31,10,2,3,1,0,38
45,13,2,13,1,0,38
39,10,2,7,1,0,38
61,14,2,11,1,0,38
43,14,2,9,1,0,38
38,9,5,10,1,0,38
29,13,2,9,1,7298,38
47,3,2,11,1,0,25
31,4,6,0,0,0,38
55,9,2,2,1,0,38
35,10,0,6,1,0,38
33,9,2,2,1,0,38
29,13,2,3,0,0,38
45,9,2,2,1,0,38
24,4,5,6,1,0,38
61,9,2,0,1,0,38
29,7,4,7,0,0,38
57,13,2,10,1,99999,38
42,3,2,6,0,0,25
40,9,0,2,1,0,38
52,13,2,9,1,0,38
41,13,2,12,1,0,38
38,13,2,3,0,0,38
64,10,5,7,1,0,38
19,9,4,13,1,0,38
36,13,0,9,0,0,7
21,10,4,7,0,0,38
25,4,2,5,1,0,25
52,12,5,9,0,0,38
48,10,2,5,1,0,38
48,3,2,13,1,0,38
38,13,4,0,0,0,38
24,9,4,7,0,0,38
39,10,0,0,0,0,38
28,9,2,2,1,0,38
38,13,0,9,0,15020,38
42,9,2,6,1,4386,38
41,6,2,13,1,0,38
27,10,2,3,0,0,38
40,14,4,3,0,0,38
47,12,2,0,1,0,38
46,9,2,2,1,0,38
22,10,2,0,0,0,38
24,9,4,13,1,0,38
51,9,2,12,1,7298,38
59,9,2,13,1,0,38
58,9,4,7,1,0,38
55,9,0,9,0,0,38
71,9,2,11,1,0,38
52,9,2,2,1,0,38
28,9,4,0,0,0,38
41,14,2,3,0,0,22
22,9,4,7,0,0,38
58,9,2,3,0,7688,38
49,10,0,11,0,8614,5
54,9,0,13,1,0,38
50,9,2,3,1,0,38
34,10,2,3,1,0,38
34,9,0,0,0,0,38
38,11,4,2,0,0,31
19,10,4,11,0,0,38
39,13,4,0,0,0,38
41,10,0,6,0,0,15
39,9,0,3,0,0,38
35,15,2,3,1,0,38
40,9,6,7,0,0,38
22,7,4,2,1,0,38
50,13,2,3,1,0,38
42,13,4,9,0,0,38
37,9,4,13,0,0,38
47,15,0,0,1,0,38
37,9,5,2,1,0,38
50,9,2,13,1,0,38
52,9,0,2,0,0,38
35,9,2,2,1,0,38
34,9,2,7,1,0,38
50,13,2,3,1,0,38
33,9,0,0,0,0,38
28,13,2,3,1,0,38
39,9,2,0,0,0,38
44,13,2,3,1,0,38
61,9,6,3,0,0,38
31,13,2,3,1,0,38
26,13,4,11,0,0,38
41,14,4,9,0,0,38
25,9,4,5,1,0,38
32,9,2,8,1,0,23
22,10,4,2,0,0,39
39,13,4,3,0,0,38
38,12,2,7,1,0,7
23,9,2,6,1,0,25
23,12,4,2,1,0,38
49,8,2,2,1,0,38
36,11,0,11,0,0,38
42,14,0,9,1,0,38
32,9,0,0,1,3887,38
56,14,0,9,0,0,38
26,9,5,6,0,0,38
40,15,4,9,1,0,38
33,8,2,0,0,0,38
40,9,0,3,0,0,38
47,14,2,9,1,0,38
44,9,2,13,1,0,38
51,11,2,11,1,3103,38
48,9,2,13,1,0,38
24,13,4,9,1,0,38
27,10,4,11,1,0,38
46,10,2,12,1,0,38
44,10,2,11,1,0,38
28,11,2,12,1,0,38
28,15,4,9,0,0,38
40,9,0,0,1,0,38
59,9,2,2,1,0,38
59,9,2,4,1,0,38
41,14,2,3,1,0,38
30,9,5,2,1,0,38
29,10,2,9,1,0,38
50,13,0,11,1,0,38
40,2,4,7,1,0,7
37,13,4,9,0,0,38
49,9,2,2,1,15024,38
56,16,2,9,1,0,38
59,9,2,13,1,0,38
53,13,2,9,1,0,38
38,10,2,11,0,0,38
32,13,4,7,1,0,34
48,9,2,5,1,3103,38
43,10,2,12,1,0,38
60,9,2,12,1,0,38
23,9,4,7,1,0,25
62,14,4,5,1,4650,38
25,9,4,2,1,0,38
60,15,2,9,1,0,38
27,9,5,3,0,0,38
39,13,0,3,0,0,38
42,13,0,0,1,0,38
39,9,2,2,1,0,38
52,11,2,3,1,0,38
43,9,2,9,0,0,21
42,9,2,2,1,7688,38
42,13,2,3,0,0,38
26,9,4,11,1,0,38
45,14,0,9,1,0,38
51,16,2,9,1,15024,38
28,9,2,9,1,0,38
33,14,4,9,0,0,38
30,9,2,11,1,0,38
49,5,0,6,0,0,38
61,9,2,4,1,0,38
28,9,2,11,1,0,38
21,9,4,0,0,0,38
36,10,2,3,1,0,38
36,9,2,6,1,0,38
50,9,2,3,1,3103,38
34,13,2,9,1,0,38
51,9,3,2,1,0,38
42,15,0,9,0,0,38
34,13,2,4,1,0,38
40,9,2,2,1,0,38
31,10,4,3,0,0,38
47,9,2,1,0,0,21
52,12,2,12,1,0,38
20,10,4,11,1,0,38
39,14,2,9,1,0,38
52,9,0,0,0,0,38
37,9,0,10,0,0,38
39,13,2,9,1,0,38
47,9,2,0,1,3942,38
48,14,2,3,1,0,38
36,13,0,9,1,14084,38
44,16,2,9,1,0,38
38,13,2,3,1,0,38
19,9,4,0,0,0,38
58,13,2,3,1,0,38
47,16,0,9,1,0,9
28,9,2,3,1,0,38
57,9,0,0,0,0,38
47,9,2,6,1,0,4
41,13,2,11,1,0,38
30,12,2,3,0,0,36
32,10,4,6,0,0,14
39,6,2,2,1,0,38
44,13,2,2,1,15024,38
54,4,2,6,1,0,38
34,13,4,3,0,0,29
43,9,0,3,0,0,38
27,11,4,0,1,0,38
20,10,4,11,1,0,38
40,13,2,11,1,0,38
20,10,4,0,1,0,38
40,9,4,2,1,0,38
43,10,2,10,1,0,38
49,11,2,2,1,0,38
19,10,4,7,1,0,38
42,10,0,11,1,0,38
51,9,2,2,1,0,38
55,9,2,11,1,0,38
42,13,2,2,1,3103,38
25,13,4,5,1,0,38
52,9,2,3,1,15024,38
39,13,2,3,1,0,38
36,9,2,4,1,5178,38
27,9,2,2,1,0,38
37,14,4,3,1,0,38
41,10,2,2,1,7298,38
19,9,4,7,1,0,38
36,9,4,0,1,0,38
36,13,2,2,1,0,38
39,13,2,3,1,15024,38
61,9,2,7,1,0,38
54,9,2,6,1,0,8
35,9,2,5,1,0,38
27,8,4,6,1,0,38
39,10,2,2,1,0,38
33,13,2,9,0,15024,38
32,14,2,3,1,0,38
30,11,2,11,1,0,38
75,16,4,0,1,0,38
23,13,2,9,0,0,38
35,10,2,3,1,0,38
34,13,2,3,1,7688,38
19,10,4,3,0,0,38
46,14,2,3,1,0,38
57,14,2,9,1,0,38
20,9,4,5,1,0,38
51,9,2,11,1,0,38
25,13,4,2,1,0,25
42,7,2,13,1,0,38
32,13,2,10,1,0,38
55,9,2,3,1,0,38
22,9,4,7,0,0,38
55,9,2,7,1,0,38
26,13,2,3,0,0,38
56,9,2,13,1,0,38
40,11,0,13,1,0,38
29,10,4,7,0,0,38
36,9,2,6,1,0,38
30,14,2,10,1,0,25
53,13,0,0,0,0,38
50,16,4,3,0,0,38
28,13,2,7,1,0,38
40,9,4,6,0,0,38
52,9,2,10,1,0,38
53,9,2,0,1,0,38
34,9,2,2,1,0,38
33,9,2,11,1,0,38
26,9,2,11,1,0,38
35,9,2,3,1,0,38
47,9,2,2,1,0,38
34,12,2,0,0,0,38
63,8,6,11,0,0,38
62,9,6,0,0,0,38
59,10,2,2,1,0,38
69,9,0,0,0,2964,38
34,10,2,2,1,0,38
17,7,4,0,1,0,38
29,9,4,6,1,0,6
39,9,0,0,1,0,38
49,10,2,6,1,0,38
53,9,0,11,0,0,25
45,10,2,13,1,7298,38
59,9,2,7,1,0,38
58,9,2,2,1,0,38
44,9,2,11,0,0,38
26,9,2,9,1,0,38
42,13,2,9,0,0,38
47,13,2,11,1,0,38
30,10,0,0,0,0,38
64,10,6,11,0,0,38
30,13,2,11,1,0,38
38,13,2,9,1,0,38
40,13,5,11,1,0,38
26,10,0,0,0,0,38
36,10,2,3,1,0,38
29,13,2,9,0,0,38
47,10,4,0,1,0,38
32,14,4,9,1,0,38
59,9,2,6,1,0,38
41,14,2,3,1,0,38
41,10,2,0,0,0,38
44,9,2,2,1,0,38
46,12,0,9,0,4934,38
42,12,4,0,0,0,38
52,14,2,9,1,0,38
43,13,2,9,0,15024,38
36,9,0,0,0,0,38
19,6,4,6,0,0,38
23,9,2,5,1,0,38
36,13,2,9,1,7688,38
34,9,0,10,1,0,38
30,13,4,9,1,0,38
36,9,0,3,0,0,38
43,13,2,3,1,0,38
50,9,2,2,1,0,38
43,7,2,5,1,0,38
30,10,2,0,1,0,38
37,9,2,12,1,0,38
52,13,2,9,1,7688,38
42,11,2,9,1,0,38
31,9,2,0,0,0,38
55,9,0,11,0,0,38
52,9,0,2,1,0,38
56,13,0,3,1,0,38
27,16,4,9,1,0,38
51,9,2,2,1,7298,38
43,14,2,9,1,7688,38
41,13,4,0,1,0,38
55,9,6,11,1,0,38
42,9,4,7,1,0,38
44,10,2,3,1,3411,38
62,13,2,3,1,0,38
40,12,2,9,1,0,38
22,7,3,2,1,0,38
36,13,2,12,1,0,38
54,13,2,11,1,0,38
40,12,2,7,1,0,38
35,9,4,6,1,0,38
35,12,2,10,1,0,38
33,9,4,5,1,0,38
30,7,2,5,1,0,38
43,10,2,3,1,0,38
28,9,4,2,1,0,38
23,13,4,11,0,0,38
30,9,4,2,1,0,38
61,9,2,0,1,0,38
56,7,2,13,1,0,38
38,13,2,0,1,0,38
47,10,2,2,1,0,38
52,10,2,3,1,0,38
43,13,2,2,1,0,38
58,9,2,3,1,0,38
39,14,2,9,1,7688,38
33,14,2,9,1,0,38
45,9,2,11,1,0,38
31,13,2,2,1,0,38
29,10,4,7,0,0,38
46,13,2,3,1,0,38
26,13,2,12,1,0,38
47,9,2,5,1,0,38
59,12,2,4,1,0,38
47,14,2,9,0,7688,38
38,9,2,2,1,0,38
39,9,0,3,0,0,38
50,13,2,9,1,15024,38
23,9,4,2,1,0,38
47,11,2,2,1,7688,38
32,13,2,2,1,7688,38
19,10,4,5,1,0,38
40,10,2,6,1,0,38
26,9,4,6,1,0,38
37,14,4,9,0,0,38
50,10,0,0,0,0,38
31,10,4,11,1,0,38
40,8,2,9,1,0,4
43,9,2,2,1,5178,38
50,13,2,3,1,0,38
50,5,2,2,1,2885,38
65,15,2,9,0,7789,38
42,14,2,9,1,0,38
59,9,2,2,1,0,38
35,9,2,2,1,0,38
48,8,5,0,0,0,38
29,13,4,9,1,0,38
43,13,4,11,1,0,38
48,9,2,2,1,0,21
28,7,2,4,1,0,38
59,3,0,6,0,0,38
39,9,0,6,0,0,38
34,9,5,7,1,0,38
42,9,2,4,1,0,38
37,9,2,2,1,0,38
49,9,2,3,1,0,38
28,13,2,9,0,0,38
66,14,6,9,0,0,38
44,9,2,13,1,0,38
41,10,2,2,1,0,38
51,13,2,1,1,7298,38
48,14,2,11,1,0,38
25,10,4,7,0,0,38
24,11,4,12,0,0,38
36,10,0,0,0,0,38
69,9,6,0,0,1848,38
43,9,2,11,1,0,38
45,14,2,3,1,15024,38
22,9,4,2,1,0,38
45,9,2,2,1,0,38
40,9,3,7,0,0,38
30,12,4,9,0,0,38
57,13,0,0,0,14084,38
42,10,2,12,1,7688,38
35,13,2,3,0,0,38
42,9,0,5,0,0,38
18,6,4,0,1,0,38
50,13,2,11,1,0,38
17,7,4,0,0,0,38
54,14,2,9,1,0,38
51,9,2,2,1,7298,38
21,9,4,11,1,0,38
37,14,4,9,0,0,38
27,9,4,7,0,0,38
19,9,4,7,0,0,38
53,4,5,0,1,0,38
36,9,4,2,1,0,38
47,14,5,12,1,27828,38
46,10,0,0,0,0,38
44,13,2,3,1,0,38
32,3,2,5,0,0,24
37,9,2,2,1,0,38
39,9,2,6,1,0,38
61,4,2,13,1,0,38
59,9,2,3,0,0,38
53,10,2,4,1,99999,22
35,9,2,2,1,0,38
45,13,2,3,1,0,38
59,13,4,0,1,0,38
45,9,2,5,1,7298,38
54,10,2,11,1,0,38
64,14,2,3,1,0,38
29,9,0,0,1,0,38
29,10,0,0,0,0,38
33,7,2,7,1,0,38
28,12,2,10,1,0,16
55,9,2,4,1,0,38
68,16,0,9,0,0,4
34,13,2,11,1,15024,38
41,13,2,9,1,0,38
28,9,0,2,1,0,38
38,13,2,9,0,7688,38
60,15,2,9,1,0,38
27,13,2,0,1,0,38
43,9,2,3,1,0,38
23,10,4,7,0,0,38
57,9,4,0,0,0,38
39,7,0,0,0,0,38
22,9,4,0,1,0,38
33,14,2,9,1,15024,38
48,10,0,3,0,0,38
53,9,5,2,1,0,38
28,10,4,2,1,0,38
51,10,2,9,0,0,38
49,4,2,6,1,0,38
51,9,2,13,1,0,38
23,10,4,7,0,0,38
30,11,4,9,1,0,38
22,9,4,2,1,0,38
29,9,2,4,1,0,38
28,10,4,7,1,0,38
44,10,0,7,1,0,38
32,9,2,13,1,0,38
57,10,2,11,1,0,38
52,10,0,0,1,0,38
41,9,2,3,1,0,38
45,9,2,6,1,0,38
61,10,2,11,1,0,38
42,9,2,2,1,0,38
36,10,2,2,1,0,38
34,9,2,2,1,0,38
33,14,2,9,1,15024,38
36,13,4,9,0,0,38
31,9,2,0,0,0,38
61,5,4,6,0,0,38
41,10,2,2,1,0,38
44,13,2,11,1,7688,38
41,13,2,9,1,0,38
30,9,4,0,0,0,38
45,9,6,6,1,0,3
49,10,2,9,1,0,10
51,9,0,2,1,0,38
66,6,0,7,0,0,38
58,9,2,3,0,7688,38
30,10,4,7,0,0,38
45,8,2,7,1,7688,38
25,9,2,10,1,0,38
33,11,2,2,1,0,20
21,9,4,5,0,0,38
30,12,0,0,0,0,38
35,8,4,7,0,0,37
57,14,2,3,1,0,38
44,9,2,6,1,0,38
51,12,2,3,1,0,38
30,13,2,11,1,0,38
34,9,2,7,0,0,38
25,9,4,11,1,0,38
35,9,2,6,1,0,38
25,10,2,13,1,0,38
22,8,2,13,1,0,38
24,9,4,7,1,0,38
45,5,2,6,0,0,38
55,6,2,2,1,0,38
22,10,4,0,1,0,38
27,9,2,9,0,0,38
33,13,4,9,0,0,38
40,10,5,0,0,0,38
45,9,2,2,1,0,25
46,15,2,9,1,15024,38
42,9,2,5,1,0,38
54,9,2,2,1,0,38
25,10,4,7,1,2597,38
31,12,2,0,0,0,38
25,9,4,6,1,0,38
24,6,2,5,1,0,38
22,11,2,6,1,0,38
35,10,4,0,0,0,38
40,11,2,2,1,0,38
50,7,0,7,0,0,38
32,13,2,9,1,99999,38
52,9,0,13,1,0,38
54,9,2,7,1,0,38
43,16,5,9,0,0,38
59,9,2,3,1,0,38
25,6,4,6,1,0,5
18,9,3,7,1,0,22
53,13,2,9,0,0,38
36,9,4,13,1,0,38
38,13,2,9,1,4064,38
30,12,4,9,0,0,38
28,5,4,2,1,0,7
22,9,4,5,1,0,31
45,13,2,3,1,0,38
44,13,2,2,1,0,38
38,9,2,2,1,0,38
62,9,2,0,1,0,38
20,9,4,7,0,0,38
24,13,4,3,1,0,38
46,9,4,0,1,0,38
32,13,1,9,1,0,38
69,6,3,4,1,3273,38
40,13,2,0,1,3103,28
26,13,4,9,0,0,38
40,14,4,3,0,0,38
64,11,2,3,1,0,38
31,9,2,2,1,0,38
25,14,4,9,0,4650,38
31,10,2,2,1,0,38
48,9,2,2,1,0,38
51,13,2,3,1,0,9
46,9,2,6,1,0,38
28,14,2,9,0,7298,38
36,15,2,9,1,0,38
49,9,2,3,1,0,38
32,2,4,4,1,0,25
53,9,0,11,0,8614,4
55,9,2,0,0,0,38
35,13,2,9,1,0,38
50,14,2,3,1,7298,33
30,10,3,2,1,0,38
32,13,0,2,1,0,38
41,16,0,10,0,0,38
25,12,2,3,1,0,38
26,10,4,0,1,0,29
43,6,2,6,1,0,38
25,9,4,2,1,0,38
30,13,2,9,1,0,18
20,10,4,7,1,0,38
34,10,2,2,1,0,38
33,6,4,5,1,0,38
57,2,2,5,1,0,21
44,9,2,2,0,0,38
61,9,2,13,1,0,38
42,11,6,9,0,0,38
39,10,4,0,0,2202,38
54,13,2,3,1,0,38
34,10,1,0,0,0,38
27,9,4,10,1,0,38
33,5,2,13,1,0,25
32,12,0,0,0,0,38
46,13,0,9,1,0,38
23,10,4,7,0,0,38
47,9,2,11,1,0,38
26,9,4,11,1,0,38
39,9,2,11,1,0,38
51,16,2,9,0,0,38
38,5,3,5,1,0,25
27,12,4,2,1,0,38
27,10,4,0,0,0,22
55,10,2,2,1,0,38
73,6,6,11,0,0,1
55,9,2,2,1,0,38
26,9,4,0,1,0,25
56,8,6,7,0,0,38
50,11,2,7,1,0,38
56,13,2,11,1,0,38
40,13,2,11,1,0,38
26,9,2,13,1,0,38
41,9,0,13,1,7443,38
33,10,4,11,0,0,38
64,9,2,0,0,0,38
49,14,0,10,0,4787,38
51,6,2,3,1,0,38
40,15,2,9,1,0,38
48,10,4,7,1,0,38
45,13,0,3,0,0,38
30,10,4,9,1,3325,38
50,9,2,13,1,0,38
26,9,2,2,1,0,38
52,9,0,0,0,0,38
55,3,6,6,0,0,38
31,10,2,6,1,0,38
47,13,2,3,1,0,38
56,10,0,3,0,0,38
39,13,0,12,0,0,38
44,13,0,12,1,0,38
28,10,4,0,0,0,38
49,9,2,2,1,0,38
27,13,4,9,1,0,38
62,16,2,9,1,15024,38
30,9,2,7,1,0,38
52,9,2,2,1,0,38
47,14,2,9,1,0,38
29,9,2,5,1,0,38
25,13,2,0,0,0,38
33,9,2,2,1,0,38
41,9,2,3,1,0,38
35,9,2,2,1,0,38
45,10,0,11,0,0,38
30,9,2,12,1,0,38
51,13,2,11,1,0,38
28,9,4,5,1,0,38
33,14,2,9,0,0,38
45,15,2,9,1,15024,38
27,13,4,9,0,0,38
37,5,2,6,1,0,38
45,10,2,2,1,15024,38
21,9,4,0,0,0,38
25,9,2,6,1,0,38
33,13,2,11,1,0,38
49,13,2,3,1,7298,38
51,9,2,2,1,15024,38
21,10,4,11,1,0,38
45,10,2,5,1,0,38
40,13,2,11,1,0,38
50,10,0,2,0,0,38
31,6,4,0,0,0,38
37,6,0,7,0,0,38
23,13,2,0,0,0,38
35,10,4,3,0,13550,38
45,14,0,9,0,1506,38
22,9,0,11,0,0,38
51,13,0,3,1,0,38
37,12,2,11,1,0,38
45,10,2,11,1,0,38
45,10,2,9,0,0,38
42,13,2,3,1,4386,38
58,9,2,11,1,0,38
53,13,2,2,1,0,38
49,10,0,0,1,0,38
31,10,2,11,1,0,38
32,5,2,2,1,0,38
38,13,2,9,0,7688,38
37,9,0,9,0,0,38
38,13,2,11,1,0,38
30,6,4,6,1,0,39
22,9,4,5,1,0,38
22,9,4,7,1,0,11
36,15,4,9,1,0,18
71,5,2,3,0,0,38
33,13,2,3,1,0,38
60,13,2,3,1,0,38
33,10,2,10,1,0,38
39,9,2,3,0,0,31
44,12,0,9,0,0,38
30,10,2,11,1,0,38
23,9,3,10,0,99999,38
26,10,2,0,1,0,38
64,5,2,3,1,0,38
41,13,2,9,1,0,38
42,14,4,3,1,0,38
31,10,2,3,1,0,38
52,13,2,3,1,0,38
58,9,2,0,1,0,38
29,13,2,11,1,0,38
61,9,2,3,1,0,38
17,7,4,9,0,0,38
42,14,4,9,0,0,38
21,10,4,11,1,0,38
37,13,2,3,1,0,38
23,9,4,3,1,0,38
48,9,2,0,0,0,38
45,13,2,9,1,0,38
41,15,2,9,1,0,38
22,9,2,11,1,0,38
44,9,2,11,0,0,38
53,9,2,11,1,99999,38
49,5,0,5,0,0,38
35,12,3,11,0,0,38
27,9,4,0,1,4416,38
38,9,2,2,1,0,38
58,13,2,3,1,0,38
35,11,2,11,1,0,10
29,13,4,9,1,0,38
49,10,2,2,1,0,38
61,9,2,0,1,0,38
54,13,2,3,1,0,38
30,10,2,6,1,0,38
27,10,5,11,1,0,38
32,13,4,9,1,0,38
32,12,0,2,1,0,38
39,12,4,9,1,0,38
43,9,2,0,1,0,38
44,9,2,0,0,0,38
43,13,2,9,1,0,38
53,11,2,12,1,7688,38
56,6,2,5,1,0,38
54,9,4,0,0,0,38
40,11,2,2,1,0,38
41,13,2,3,1,7688,38
41,9,3,2,0,0,38
34,13,2,9,1,0,38
36,13,2,0,1,0,38
43,14,2,3,1,0,38
53,9,2,1,1,5178,38
60,6,2,11,1,0,38
32,13,0,9,0,0,38
49,14,2,3,1,0,38
43,10,4,7,0,0,38
22,10,4,0,1,0,2
46,13,2,10,1,0,38
64,13,0,3,0,0,38
53,9,2,13,1,0,38
25,9,2,11,1,0,38
54,9,2,3,1,5178,38
43,13,2,0,1,0,39
53,16,2,9,1,0,38
56,4,0,6,0,0,38
54,13,0,3,0,0,38
30,15,4,9,0,0,38
22,9,4,11,0,0,38
46,9,4,12,1,0,38
43,9,2,2,1,0,38
34,13,2,2,1,0,38
32,12,2,7,1,0,38
28,7,2,3,1,0,38
21,10,2,5,1,0,38
19,10,4,0,0,0,38
27,13,2,3,1,0,38
52,9,2,11,1,7298,38
24,10,4,13,1,0,38
68,9,2,5,1,0,38
36,13,4,3,0,0,38
38,13,2,10,1,0,29
50,5,2,0,1,0,38
31,13,2,9,1,0,38
63,13,2,10,1,0,29
42,14,2,9,0,0,38
51,10,0,0,0,0,38
36,10,1,3,0,0,38
25,9,4,2,1,0,38
51,12,2,11,1,0,38
56,13,2,3,1,4508,38
32,13,2,3,1,0,38
23,9,4,0,0,0,38
60,9,2,2,1,0,38
51,13,2,11,1,0,38
52,13,4,9,1,0,38
46,15,4,9,0,0,38
47,13,2,6,1,7688,38
51,9,6,13,1,0,38
19,9,4,11,0,0,38
40,15,2,9,1,0,17
26,13,4,9,1,0,38
51,11,2,11,1,0,38
40,16,2,9,1,0,38
41,12,2,3,0,0,38
57,12,3,4,1,0,38
59,13,2,3,1,0,38
42,9,2,2,1,0,38
45,13,2,3,1,7688,38
49,13,4,3,1,0,38
45,10,0,0,0,0,38
57,9,2,2,1,99999,38
46,13,2,3,1,0,38
32,14,2,9,1,0,38
29,10,3,0,0,0,38
59,16,2,9,1,0,38
58,2,6,5,1,0,38
23,9,0,11,1,0,38
65,13,2,3,1,0,38
24,13,4,3,1,2174,38
36,10,4,10,0,0,38
31,11,0,5,0,0,38
34,13,0,9,0,0,38
53,10,2,11,0,0,1
40,14,4,9,1,0,38
44,10,4,7,0,0,38
32,9,4,5,1,0,38
35,9,0,2,1,0,38
32,10,2,4,1,0,38
28,9,4,2,1,0,38
53,16,2,9,1,0,18
46,9,2,4,1,0,25
35,9,0,9,0,0,38
26,13,4,10,1,0,38
20,6,4,5,1,0,38
27,9,4,6,0,0,38
56,13,4,3,1,14084,38
51,13,2,9,1,0,38
37,11,1,11,1,0,38
38,14,4,9,0,0,38
34,14,2,3,1,0,38
33,9,2,2,1,0,38
56,13,2,9,1,0,38
21,10,4,7,1,0,38
64,8,2,2,1,0,3
50,9,2,2,1,0,38
31,13,4,3,0,0,38
46,9,0,3,1,0,38
63,9,2,0,1,2105,39
27,11,2,0,0,0,38
60,7,2,4,1,0,38
43,13,2,9,0,0,38
41,13,6,0,0,0,38
61,14,2,11,1,3103,38
41,15,2,0,1,0,38
47,9,2,3,1,0,38
37,10,0,12,0,0,38
80,4,6,4,1,0,38
38,10,0,10,0,0,38
61,13,2,2,1,0,9
28,13,2,9,0,0,38
46,13,2,3,1,0,38
20,10,4,0,0,0,39
44,9,1,12,1,0,38
38,13,2,9,0,0,38
29,11,2,2,1,0,38
29,9,2,6,1,0,38
30,9,2,10,1,0,38
46,9,2,13,1,0,38
44,10,0,2,1,0,38
68,13,2,3,1,0,38
28,10,5,3,1,0,38
29,10,0,0,1,0,38
56,9,2,13,1,0,38
48,9,2,6,1,4386,38
38,15,2,9,1,0,38
33,11,2,2,1,0,38
33,9,2,2,1,0,38
53,10,2,9,1,15024,38
52,10,2,2,1,0,38
36,10,0,11,0,3325,38
41,9,5,0,0,0,38
59,14,2,3,1,0,38
63,5,2,3,1,5178,38
44,13,4,9,0,0,38
38,13,2,11,1,0,38
20,10,4,6,0,0,38
39,13,2,3,1,0,38
51,13,2,9,1,0,38
26,13,4,11,0,0,38
50,14,0,9,0,0,38
26,10,2,13,1,0,38
50,9,2,2,1,0,38
45,9,2,6,1,0,38
60,9,2,6,1,0,38
43,10,0,2,1,0,38
27,10,2,11,1,0,38
55,13,2,9,1,7298,38
54,10,2,11,1,0,38
43,10,2,11,1,7688,38
48,6,2,13,1,0,38
28,9,2,2,1,0,38
31,16,4,9,1,0,38
34,7,2,6,1,0,38
26,10,4,13,1,0,38
29,10,4,2,1,0,38
28,13,4,0,1,0,38
37,9,2,9,1,0,38
31,10,2,2,1,0,38
56,13,2,11,1,0,38
37,9,2,9,0,0,38
31,10,2,2,1,0,38
61,9,2,3,1,0,38
31,9,4,3,0,0,38
40,9,0,7,0,0,38
29,15,4,9,1,0,38
36,10,0,2,0,0,38
46,13,2,9,1,0,38
29,10,2,9,1,0,38
53,10,2,3,1,0,38
29,9,2,2,1,0,38
47,10,2,3,1,0,38
24,9,4,0,0,0,38
32,10,5,3,0,0,38
25,10,4,0,0,0,38
52,14,2,9,1,0,38
41,7,0,5,0,0,38
60,9,2,2,1,0,38
66,10,0,7,0,7896,38
66,9,6,0,0,0,38
23,10,4,9,1,0,38
38,9,2,2,1,0,38
50,13,4,9,1,0,38
26,10,4,2,1,0,38
36,12,4,9,1,0,38
28,10,4,11,1,0,38
47,10,2,4,1,0,38
44,9,2,4,1,0,23
40,13,2,0,1,0,8
55,13,2,3,1,0,38
29,10,2,2,1,0,38
54,14,2,9,1,0,38
50,10,2,2,1,3103,38
36,11,2,9,0,0,38
43,13,2,10,0,0,29
32,9,2,5,1,0,38
33,9,2,7,1,0,38
35,2,3,7,1,0,12
53,12,2,7,1,7298,38
49,10,2,2,1,0,38
33,9,2,9,1,0,38
45,9,3,0,0,0,38
90,13,2,3,0,0,8
43,13,2,11,1,0,38
34,9,0,0,1,0,38
42,12,5,0,0,0,38
28,9,2,2,1,0,38
24,13,4,9,1,0,38
47,16,2,9,1,0,38
42,4,3,9,1,0,32
61,5,2,6,1,0,38
51,10,0,3,0,0,38
56,9,2,11,1,0,38
45,13,2,11,0,0,38
46,15,2,9,1,15024,38
51,9,2,13,1,0,38
31,10,5,11,1,0,34
40,10,2,12,1,0,38
33,10,4,2,1,0,38
42,13,4,3,1,0,38
35,12,4,10,1,0,38
25,9,2,11,1,0,38
42,13,5,3,1,0,38
53,14,2,9,1,0,38
53,13,2,9,1,0,38
35,12,4,0,0,14344,38
31,13,2,9,0,7688,38
51,10,2,13,1,0,38
54,13,0,3,1,0,38
40,10,4,11,0,0,38
39,9,2,2,0,0,38
25,9,2,2,1,0,38
57,14,4,3,1,0,4
49,9,2,0,0,0,38
57,10,4,2,1,0,38
51,11,0,12,0,0,38
28,6,2,2,1,0,38
30,13,2,3,1,0,38
21,11,2,0,0,0,38
46,10,2,11,1,0,38
27,14,4,0,0,0,23
56,9,2,7,1,0,40
34,12,2,9,1,0,38
24,9,2,2,1,2885,38
37,9,2,2,1,4386,38
67,9,2,11,1,0,1
42,12,2,11,1,0,38
30,9,2,7,0,0,38
40,9,0,2,1,0,38
33,13,2,9,0,0,38
58,6,2,2,1,5178,38
28,13,4,12,0,0,38
40,14,0,9,0,0,38
31,10,0,0,0,0,38
38,10,0,0,0,0,3
18,6,4,6,1,0,38
31,13,2,9,1,0,38
58,5,2,5,1,0,38
44,11,5,2,1,0,38
61,15,2,9,1,0,38
61,9,6,0,0,0,38
65,6,2,3,1,9386,38
46,11,0,12,0,0,38
61,10,2,0,1,9386,38
46,7,2,7,0,0,38
58,9,3,7,0,0,15
57,14,2,11,1,15024,38
38,16,2,9,1,0,38
31,9,4,7,0,0,38
43,11,2,11,1,0,38
44,9,4,2,1,0,38
27,14,4,9,0,0,10
44,4,2,6,1,0,38
34,14,4,3,0,0,38
49,14,2,9,1,0,38
54,13,2,13,1,0,38
31,13,2,6,1,0,25
39,13,2,11,1,0,1
43,6,2,11,1,0,38
25,9,2,6,1,0,38
51,11,2,5,1,0,11
23,9,2,13,1,0,38
38,13,2,10,1,7298,38
48,13,2,3,1,0,38
52,9,6,13,1,0,38
41,13,2,3,1,0,38
27,13,3,0,1,0,38
47,11,2,2,1,7688,38
36,3,2,6,1,7298,25
31,13,2,3,0,0,38
40,13,2,11,1,0,38
35,13,2,7,1,7298,38
53,13,2,3,1,0,38
45,11,2,11,1,0,38
40,10,2,2,1,0,38
36,13,2,9,1,0,38
37,10,2,11,1,0,10
34,13,2,9,1,0,38
41,9,2,12,1,0,38
32,10,0,0,0,0,38
45,13,0,3,0,0,38
45,13,2,3,1,7688,38
49,9,2,2,1,0,38
33,7,4,7,1,0,38
44,5,2,6,1,0,38
30,10,2,3,1,3103,38
22,10,4,0,1,0,38
33,11,2,12,1,0,38
61,5,2,2,1,0,38
60,13,2,3,1,0,38
55,13,2,3,1,0,38
27,10,4,7,0,0,38
70,7,2,13,1,0,38
26,9,2,2,1,0,38
55,14,4,9,0,0,38
57,13,2,9,1,7298,38
41,12,2,12,1,0,38
42,13,4,9,0,0,38
35,13,4,3,1,8614,38
26,13,4,3,0,0,38
29,9,2,0,0,0,38
31,10,2,3,1,15024,38
42,9,4,0,0,0,37
41,13,4,9,1,0,38
45,13,2,4,1,4386,38
46,9,0,0,1,0,38
47,10,2,3,1,0,38
63,8,2,13,1,0,4
45,9,2,0,1,7298,38
36,12,4,3,1,0,38
31,13,2,3,1,0,38
40,13,2,0,1,7298,38
31,9,2,7,1,0,38
37,13,2,3,1,0,38
46,13,2,11,1,0,38
46,13,2,0,1,0,38
33,10,2,11,1,0,38
58,10,2,13,0,0,38
57,9,0,0,0,0,38
52,10,2,0,1,0,38
61,2,6,5,0,0,38
31,13,2,9,1,0,38
57,10,2,11,1,0,38
48,10,5,0,0,0,38
35,9,5,3,0,0,38
35,9,4,6,1,0,38
33,14,2,9,1,0,38
37,10,2,6,1,0,38
33,9,4,2,1,0,38
55,9,2,2,1,0,38
22,10,4,11,0,0,38
63,13,2,10,1,0,38
31,9,4,7,0,0,38
55,12,2,9,1,0,38
57,9,2,2,1,0,38
42,13,4,3,1,4650,38
25,11,4,0,0,3418,38
49,9,2,2,1,7298,38
43,10,2,0,1,0,38
47,9,0,0,0,0,38
63,10,2,11,1,7298,38
44,10,0,4,1,0,38
56,14,4,3,0,0,38
52,11,2,2,1,0,38
61,14,2,7,1,0,8
28,11,2,6,1,0,38
39,9,2,11,1,0,28
51,14,2,9,0,0,38
28,10,0,2,0,0,38
41,7,3,6,1,0,12
56,9,2,7,1,0,2
49,10,0,6,1,3325,38
31,9,2,2,1,0,38
20,9,4,7,1,0,38
52,9,2,2,1,0,38
53,10,2,3,1,0,38
52,9,2,2,1,0,38
33,13,2,9,1,0,38
28,9,2,2,1,0,38
43,13,3,12,1,0,38
54,10,6,9,1,0,38
39,10,0,7,0,4787,38
43,9,2,3,1,0,38
30,15,1,9,0,0,38
31,13,2,9,1,0,38
43,9,5,7,0,0,38
29,13,2,2,1,3411,38
21,9,4,7,0,0,38
27,10,4,11,0,0,38
38,8,2,2,1,0,38
58,11,2,2,1,0,38
31,12,4,9,1,0,38
25,10,4,11,1,0,38
32,2,4,2,1,3674,12
53,10,0,9,0,0,38
26,9,2,2,1,0,38
55,10,2,11,1,0,38
41,11,0,11,1,0,38
47,10,2,1,0,0,19
40,6,2,6,1,0,38
34,9,0,10,1,0,31
41,13,0,9,0,0,38
55,9,5,0,0,0,38
22,5,4,2,1,0,38
42,13,2,3,1,0,38
47,10,2,9,1,0,38
40,8,2,7,1,0,38
18,9,4,5,1,0,38
39,14,3,11,1,0,38
45,9,0,2,0,0,38
25,10,2,11,1,0,38
25,9,4,3,0,0,38
26,9,2,2,1,5178,38
31,9,2,3,1,0,38
38,13,2,3,1,0,38
22,13,4,9,0,8614,38
67,14,2,4,1,6514,38
51,14,2,9,1,15024,38
41,9,2,0,1,0,38
47,13,2,3,1,0,4
31,13,4,3,0,13550,38
61,10,0,0,0,0,38
58,10,2,3,1,0,38
27,13,4,9,0,0,38
24,13,0,0,0,0,38
29,11,1,3,1,0,38
49,10,2,9,1,0,38
36,9,2,6,1,0,38
53,13,2,11,1,0,38
32,10,2,0,1,0,38
54,2,2,7,1,0,25
33,11,5,10,0,0,38
27,9,0,7,0,0,38
41,15,0,10,0,0,38
27,9,2,0,0,5178,38
32,9,0,2,1,0,38
43,14,4,9,1,0,38
30,11,2,5,1,0,25
59,9,2,2,1,0,38
48,10,2,3,1,0,38
38,13,4,11,0,0,38
45,14,2,9,1,0,38
57,2,2,7,1,0,5
35,4,2,5,1,7298,38
49,10,4,2,1,0,38
36,10,2,2,1,0,38
26,13,4,3,1,0,38
37,9,0,11,0,0,38
32,9,0,7,0,0,38
46,12,4,0,0,0,4
45,9,2,10,1,0,38
28,10,4,0,0,0,38
57,13,2,11,1,15024,38
51,10,2,11,1,7298,38
32,9,0,2,1,0,38
38,13,4,11,1,0,38
29,12,6,11,0,0,38
36,10,0,2,0,0,38
31,14,2,3,1,0,38
27,10,2,3,0,0,38
19,9,4,0,0,0,38
55,14,2,3,1,0,38
33,2,2,2,1,0,25
41,10,2,3,1,0,38
46,9,2,6,1,0,38
34,14,2,9,0,7688,38
44,10,2,3,1,0,38
56,9,5,2,0,0,38
31,10,2,2,1,0,38
35,13,0,3,1,27828,38
47,9,2,2,1,0,38
61,6,2,13,1,0,38
44,7,5,12,1,0,38
53,10,4,0,0,0,38
43,5,0,5,0,0,38
22,10,4,0,1,0,38
21,11,4,3,1,0,38
32,7,2,5,1,0,3
46,13,2,2,1,0,38
53,13,2,9,1,0,38
44,9,2,13,1,0,38
28,9,2,2,1,0,38
37,9,2,6,1,0,38
41,9,2,4,1,0,38
51,10,0,11,0,0,38
44,11,5,2,0,0,38
33,16,2,9,1,0,16
51,9,2,13,1,0,38
42,13,0,11,0,4710,38
46,13,0,3,0,0,38
69,9,2,3,1,0,38
50,10,2,3,1,0,10
39,15,2,9,1,0,38
45,13,2,3,1,7688,38
31,4,2,5,1,0,38
41,9,2,11,1,7298,38
42,11,4,0,0,0,38
49,10,2,11,1,0,38
48,2,2,7,1,0,38
31,9,0,6,0,0,38
60,9,2,2,1,0,38
30,13,2,11,1,0,38
25,9,0,12,0,0,38
27,9,4,7,1,0,38
59,10,2,2,1,0,38
36,9,2,6,1,0,38
60,3,2,5,1,7298,29
40,14,2,9,1,0,38
57,14,0,3,1,0,38
46,12,0,0,1,0,38
44,13,2,3,1,0,38
33,9,2,11,1,0,4
28,9,2,10,1,0,38
40,9,2,2,0,7298,38
37,13,2,3,1,0,38
52,12,2,10,1,0,38
31,12,2,9,1,99999,38
62,10,5,11,0,0,38
50,6,2,2,1,0,38
35,12,4,10,0,10520,38
34,14,2,9,0,0,2
37,9,2,0,1,0,28
23,10,4,5,1,2597,38
34,13,2,9,1,0,38
46,6,2,6,0,0,38
39,12,5,0,1,0,38
32,13,2,12,0,0,38
60,9,2,11,1,0,38
19,10,4,0,1,0,38
56,10,0,0,0,0,38
38,14,2,3,1,0,38
28,6,2,6,1,0,38
44,8,2,5,1,0,38
33,14,2,10,1,0,38
41,14,2,3,1,0,38
50,10,2,10,1,0,38
36,9,0,5,0,0,38
36,10,0,9,1,0,38
47,14,0,9,0,0,38
53,14,2,3,1,99999,38
23,9,4,8,1,0,38
65,9,6,0,0,0,38
24,10,4,3,1,0,38
34,13,2,9,1,0,38
52,9,2,10,1,0,38
44,10,4,7,1,0,38
36,9,5,7,0,0,38
47,13,2,11,1,0,38
40,9,2,3,0,0,38
53,8,2,2,1,99999,38
50,9,2,3,1,5178,38
17,6,4,0,1,0,38
41,9,2,6,0,7298,38
52,9,0,3,1,0,38
22,5,4,13,1,0,38
25,9,0,2,1,3325,38
30,13,4,9,1,0,38
37,9,2,9,1,0,38
31,9,2,2,1,0,38
25,13,4,11,0,0,38
29,13,4,9,1,0,38
32,13,4,3,0,0,38
54,10,0,0,0,0,38
47,9,2,2,1,0,38
58,13,2,0,1,0,38
31,9,2,2,1,0,38
42,13,2,3,1,7298,38
55,6,2,13,1,0,38
56,9,2,0,1,0,38
30,9,2,0,0,0,38
37,9,0,12,0,0,38
54,9,2,2,1,0,38
53,14,0,9,0,0,38
23,12,4,3,0,0,30
50,9,2,3,1,0,38
33,9,2,11,1,0,38
41,12,0,11,1,0,38
34,11,2,7,1,0,38
58,9,2,2,1,0,38
56,10,0,0,0,0,38
33,13,4,5,1,0,38
37,13,5,3,0,0,38
64,10,2,3,1,0,38
20,9,4,11,0,0,38
50,9,2,3,1,0,38
47,13,2,3,1,0,38
24,9,4,6,0,0,38
57,9,2,2,1,0,38
23,7,5,7,0,0,38
24,9,2,5,0,4386,38
59,9,2,3,1,0,38
27,13,2,3,0,0,38
36,9,2,4,0,0,38
41,14,2,3,0,0,38
32,12,2,2,1,0,20
35,9,2,11,1,0,38
26,9,6,13,1,0,38
38,13,2,9,1,0,38
34,9,2,7,1,0,38
34,11,4,5,1,0,38
56,10,2,3,1,0,38
64,10,2,6,1,0,38
50,9,2,13,1,0,38
35,9,0,2,1,0,38
30,13,4,7,1,0,38
22,10,4,5,1,0,38
42,9,0,0,0,0,38
69,9,2,11,1,0,38
32,9,2,6,1,0,38
27,9,4,5,1,0,38
44,9,0,0,0,0,38
36,13,2,1,1,3103,22
31,13,2,0,0,0,38
53,14,4,3,0,14344,38
32,11,2,12,1,0,38
29,12,4,12,1,0,38
31,9,2,6,1,0,38
52,14,4,9,1,0,38
54,10,2,11,1,0,38
38,9,5,7,0,0,38
26,9,2,2,1,0,38
42,9,2,5,1,0,38
44,13,2,3,1,0,38
35,9,2,2,1,0,38
27,12,4,3,0,0,38
51,8,2,2,1,0,38
38,15,2,9,1,0,38
55,13,2,11,1,15024,38
46,7,2,2,1,0,38
26,13,2,9,0,0,38
36,9,2,0,0,0,38
30,10,4,7,0,0,38
54,14,2,3,1,0,38
43,6,2,0,1,0,38
56,13,2,0,1,0,38
32,10,0,5,1,0,26
20,10,4,0,0,0,13
46,12,2,3,1,15024,38
69,15,2,2,1,0,38
49,10,2,3,1,0,38
36,10,2,10,1,0,38
33,9,2,5,1,0,38
42,9,5,7,0,0,38
41,10,2,6,1,3103,38
23,10,2,11,1,0,38
28,9,2,3,1,0,38
37,10,2,13,1,0,38
24,10,4,5,1,0,38
48,9,2,4,1,0,38
26,13,4,0,1,0,38
28,14,2,9,0,0,38
24,13,4,0,0,0,38
35,9,6,7,1,0,38
66,13,2,8,1,0,38
54,13,2,10,0,3103,38
23,9,4,13,1,0,38
32,13,2,8,1,7688,38
53,3,2,2,1,5178,32
45,13,2,9,1,0,38
51,9,2,3,1,7298,38
28,10,4,0,0,3887,38
20,10,4,7,0,0,38
64,12,2,7,1,0,38
35,13,4,9,1,0,38
32,9,2,10,1,0,38
41,13,2,9,1,0,38
37,8,2,5,1,7688,38
24,13,4,3,1,0,38
32,13,4,2,1,0,38
30,14,2,9,1,10520,38
40,12,0,3,0,0,38
34,10,2,2,1,0,38
41,12,4,3,1,0,38
31,9,2,6,1,0,38
63,9,2,3,1,0,38
39,13,3,3,1,0,38
58,13,2,3,1,0,38
55,9,6,0,0,0,38
48,7,2,13,1,0,38
28,5,4,2,1,0,38
21,10,4,11,0,0,38
35,9,4,7,0,0,38
33,13,2,9,1,0,38
40,11,2,3,1,0,38
37,10,5,7,0,0,38
52,9,2,3,1,99999,38
60,9,2,2,1,0,38
32,9,2,11,0,0,38
27,13,4,9,1,13550,38
29,10,4,3,1,0,38
29,10,4,13,1,0,38
29,13,2,9,0,0,38
65,9,2,0,0,0,38
47,10,2,7,1,0,38
24,10,2,6,0,0,32
26,10,2,11,1,0,38
58,9,0,11,1,0,38
29,13,4,9,1,0,38
49,6,2,3,1,0,38
33,13,2,0,1,0,38
39,6,0,7,0,0,38
40,12,0,3,1,0,38
52,13,2,9,1,0,38
42,9,2,2,1,0,38
28,7,2,2,1,0,38
28,13,4,9,1,0,38
39,15,2,9,1,0,38
35,9,2,11,1,0,38
38,11,2,2,1,0,38
51,13,2,3,1,0,38
20,10,4,0,0,0,38
21,9,4,11,0,0,38
32,13,2,3,1,0,38
51,13,6,0,0,0,38
42,10,3,0,1,0,38
52,10,0,0,0,0,38
35,9,4,7,1,3325,38
30,13,2,9,1,99999,38
25,10,4,2,1,0,38
36,12,2,10,1,5178,38
25,10,2,2,1,0,38
27,10,2,12,1,3908,38
37,11,2,2,1,0,38
37,10,6,2,1,0,38
39,10,4,3,1,0,38
39,9,2,0,0,0,38
41,13,2,9,1,0,38
59,10,2,12,1,0,38
36,9,2,8,1,0,5
44,15,2,6,1,0,38
24,9,2,5,1,0,38
25,7,2,2,1,0,38
23,9,2,5,1,0,38
33,15,2,9,0,15024,38
60,11,2,7,1,0,38
27,9,4,3,0,0,38
48,9,0,2,0,14344,38
39,10,0,2,1,0,38
40,13,2,3,1,0,38
46,10,5,0,0,0,38
30,12,4,9,0,0,38
46,5,5,2,0,0,38
29,5,4,6,1,0,38
37,9,4,0,1,0,38
59,3,2,4,1,0,21
36,9,2,2,1,3103,38
47,10,2,3,1,0,38
40,16,2,9,1,0,38
33,11,0,0,1,0,38
44,13,2,9,1,0,38
40,10,2,6,1,0,38
33,13,4,9,0,0,38
39,13,2,12,1,0,29
38,13,2,9,1,0,1
27,12,4,9,1,0,38
33,13,4,9,1,0,38
47,10,2,0,0,0,38
34,11,4,10,0,4787,38
24,9,4,0,0,0,38
54,15,2,9,1,0,18
28,9,2,2,1,0,38
23,9,4,6,0,0,38
25,5,4,2,1,914,38
47,10,0,6,0,0,38
51,3,2,2,0,0,38
67,7,2,13,1,0,38
26,10,4,13,1,0,38
41,13,2,9,1,0,38
33,13,2,9,1,0,38
23,10,4,12,0,4101,38
29,10,2,0,1,0,38
41,4,2,2,1,0,38
38,4,2,0,1,0,38
42,9,2,9,1,5178,38
54,13,2,3,0,0,38
53,14,2,3,1,0,38
45,11,2,2,1,4386,38
45,9,2,2,1,0,38
30,10,2,2,1,0,38
23,10,4,11,0,0,38
39,13,0,9,1,0,26
43,13,2,3,1,7688,38
42,13,4,9,1,0,38
48,14,2,9,1,0,38
32,10,0,2,0,0,38
38,8,2,7,1,3942,38
30,13,2,9,0,7688,38
23,9,4,4,1,0,38
55,9,6,11,0,0,38
55,14,2,3,1,0,38
47,9,2,3,1,0,38
30,9,3,2,1,0,38
38,10,0,0,0,0,38
41,10,2,3,1,0,38
51,14,2,9,1,0,38
59,10,6,4,0,6849,38
35,10,2,13,1,0,10
42,6,6,13,1,0,38
25,9,4,12,0,0,38
43,10,2,2,1,7298,38
53,14,2,3,1,0,38
34,13,2,3,1,0,38
28,9,2,2,1,0,38
58,7,6,7,0,0,38
34,10,2,2,1,0,38
40,10,2,3,1,0,38
27,10,2,7,0,0,38
35,10,2,6,0,0,38
42,14,4,3,0,4650,38
33,9,2,2,1,0,38
55,6,2,2,1,0,38
27,9,5,7,0,0,38
88,9,2,2,1,9386,11
41,10,0,12,1,0,38
37,11,0,6,1,0,38
57,11,4,2,0,0,38
44,15,2,9,1,99999,38
18,10,4,11,1,0,38
50,13,0,11,1,0,38
29,8,4,12,1,0,38
59,9,5,11,0,0,38
45,14,2,9,1,0,38
27,9,2,9,1,0,38
41,10,2,2,1,7688,38
31,10,4,0,0,0,38
59,9,2,0,0,0,38
26,9,2,5,1,0,38
46,13,2,6,1,7298,38
37,9,4,7,0,0,29
59,9,2,13,1,0,38
52,9,2,6,1,0,38
55,13,2,3,1,15024,38
18,9,4,0,1,0,38
50,10,2,11,1,0,38
23,9,4,11,1,0,38
59,12,2,2,1,0,38
48,12,5,0,0,0,38
41,8,2,5,1,0,38
45,10,2,2,1,0,38
38,14,2,9,1,0,38
42,12,2,2,1,0,38
27,9,2,4,1,0,38
52,9,0,7,1,0,38
29,10,2,6,0,0,38
30,9,2,13,1,0,38
57,9,2,3,0,0,38
57,6,2,6,1,0,38
52,13,2,9,1,3103,38
34,10,2,13,1,0,38
20,10,4,11,0,0,38
29,13,2,11,1,0,38
45,11,2,9,1,0,38
39,13,2,9,1,0,38
45,10,0,7,0,0,38
26,13,4,9,1,1055,38
53,10,6,0,0,0,38
50,9,2,6,1,0,38
37,13,4,9,0,4865,38
31,9,2,0,0,0,38
58,13,2,3,1,0,38
28,9,2,6,1,0,38
36,10,2,3,1,0,38
63,13,2,11,1,0,38
20,9,4,0,1,0,7
42,14,2,9,1,0,38
52,13,2,10,1,0,38
68,10,2,10,1,20051,38
31,9,2,4,0,4386,38
47,9,2,11,1,0,38
60,9,0,0,0,0,38
31,13,2,9,1,0,38
50,11,2,7,0,0,38
41,10,2,10,1,0,38
50,9,2,0,1,0,38
36,14,2,9,1,0,38
23,9,4,9,0,0,38
23,9,4,6,0,0,38
26,11,0,11,0,594,38
37,9,0,6,0,0,38
41,9,2,3,1,0,38
43,10,2,11,1,0,38
34,10,4,9,1,0,38
57,13,2,9,1,0,38
41,10,2,3,1,0,38
33,10,2,2,1,0,38
30,9,2,3,1,0,38
22,12,4,5,1,0,38
26,9,4,0,0,0,38
60,13,2,3,1,15024,38
25,13,4,10,1,0,38
49,9,2,3,1,7298,38
42,14,2,0,1,0,38
28,9,2,11,1,0,38
58,9,0,0,0,0,38
43,13,2,9,1,0,29
44,9,0,2,1,0,38
35,13,4,3,0,0,38
41,14,2,9,0,0,34
50,4,2,2,1,0,6
37,10,2,2,1,5178,38
79,9,2,3,1,0,38
19,8,4,0,0,0,38
35,13,4,3,1,0,38
36,10,0,9,0,0,38
50,13,2,9,0,0,38
49,14,2,0,1,0,21
35,9,0,12,0,0,38
47,14,2,9,1,0,38
35,10,0,0,0,0,38
48,9,0,0,0,0,38
39,13,4,0,1,0,38
35,12,2,2,1,0,38
53,13,2,3,1,99999,38
42,13,4,9,0,0,38
46,9,2,2,1,0,38
41,15,2,9,1,0,18
34,10,2,9,1,0,38
23,9,4,11,1,0,38
50,13,2,11,1,0,38
28,10,4,0,0,0,38
36,11,2,11,1,0,38
25,11,4,11,1,27828,38
36,9,4,7,1,0,38
47,10,0,0,0,0,38
26,13,4,9,0,0,38
71,10,2,3,1,20051,38
38,13,2,0,1,7298,38
38,9,2,2,1,0,38
32,10,0,3,0,0,38
37,11,2,12,0,0,38
64,7,2,11,1,0,38
54,14,2,9,1,0,38
29,13,2,12,1,0,38
28,10,2,2,1,0,38
35,12,2,12,1,0,38
42,15,2,9,1,0,38
55,9,2,9,0,0,38
50,9,2,12,1,0,38
29,16,2,9,1,0,38
48,14,2,11,1,0,38
58,13,2,3,1,0,38
32,9,4,0,1,0,38
45,6,2,2,1,2829,38
43,10,2,2,1,0,38
34,9,4,2,1,0,38
55,9,2,12,1,0,38
47,9,2,4,1,0,38
22,9,4,11,0,0,38
33,13,0,11,1,0,38
41,14,4,3,1,0,5
36,7,2,2,1,0,38
23,9,4,6,0,0,38
33,13,2,9,1,7688,38
29,10,4,11,0,0,38
26,9,4,13,1,0,38
33,9,4,0,1,0,38
31,13,4,11,1,4101,38
38,15,2,9,1,0,38
66,9,2,13,1,0,38
25,13,2,9,0,0,38
32,9,2,2,1,0,38
47,13,2,11,1,0,38
24,13,4,0,0,0,38
29,12,2,11,1,0,38
49,11,2,2,1,0,38
39,13,2,11,1,0,38
83,6,2,4,1,20051,38
44,13,0,3,0,0,38
23,9,0,8,0,0,38
41,9,2,9,1,0,22
32,13,2,0,1,0,38
40,10,2,6,1,0,38
51,13,2,9,1,0,38
23,9,4,2,1,0,38
29,10,4,3,1,0,34
27,6,4,6,0,0,38
43,9,0,12,0,0,38
35,13,2,11,1,15024,38
32,10,0,2,0,0,38
29,3,4,7,0,0,7
27,10,2,12,1,0,38
44,14,0,3,0,0,38
46,13,0,10,0,0,38
37,9,2,2,1,0,38
21,9,4,7,1,0,38
43,13,2,3,1,0,18
42,13,2,10,1,0,38
40,10,4,2,1,0,38
55,3,2,6,1,0,25
90,9,2,6,1,0,38
29,9,2,13,1,0,38
55,9,5,6,1,4865,38
55,9,2,2,1,3103,38
69,15,2,3,1,0,38
63,11,2,4,1,0,38
51,13,2,11,1,0,38
44,10,0,7,1,0,38
60,14,2,9,1,0,38
42,10,2,11,1,0,8
18,8,4,0,1,0,38
45,9,2,11,1,0,38
18,9,4,0,0,0,38
33,9,2,6,1,0,38
53,9,2,6,1,0,38
28,13,2,9,0,0,38
42,16,2,9,1,0,38
59,9,2,0,0,0,38
31,13,2,9,1,0,38
34,16,4,9,1,0,35
33,9,4,7,1,0,38
36,9,2,11,0,7688,38
27,10,2,11,0,0,38
40,9,0,2,0,0,32
44,9,0,2,1,0,38
30,13,4,12,0,4787,38
27,9,2,3,0,0,38
23,13,4,9,0,0,38
44,13,2,3,1,0,38
37,9,2,9,0,0,38
40,10,0,3,1,0,38
23,9,2,3,1,0,38
23,6,2,7,1,0,38
47,10,0,9,1,0,38
69,4,0,6,0,2964,38
34,11,0,12,0,0,38
21,4,4,2,1,0,38
41,9,5,0,0,0,38
50,9,0,7,0,0,5
55,8,0,6,0,0,21
48,9,5,6,0,0,38
48,13,2,3,1,0,38
46,13,2,11,1,0,38
39,13,2,3,1,0,38
30,14,2,9,1,0,38
17,8,4,7,1,0,38
45,10,0,0,0,0,38
53,9,2,2,1,0,38
34,15,2,9,1,0,38
54,11,2,9,1,0,1
44,13,2,12,1,5178,38
50,9,2,2,1,3103,38
52,13,2,10,1,0,38
46,13,3,10,0,0,10
57,9,2,2,1,99999,38
35,10,4,11,1,0,38
33,13,4,9,1,0,1
61,3,4,5,1,0,38
32,13,2,0,0,0,38
28,13,4,2,1,0,38
45,5,2,0,1,5178,38
32,13,2,3,1,15024,38
65,13,2,3,1,0,38
61,10,6,0,0,0,38
46,15,2,9,1,99999,38
34,11,2,0,1,7298,19
30,11,0,11,0,0,38
37,9,4,7,0,0,38
30,9,4,11,1,0,38
32,13,2,11,1,0,38
22,9,4,7,1,0,38
67,10,2,4,1,0,38
34,10,2,3,1,0,38
41,13,2,2,1,0,38
35,6,2,2,1,0,38
28,9,2,13,1,4064,38
26,14,4,9,0,0,38
29,11,4,2,1,0,38
46,11,2,2,1,0,1
43,9,2,2,1,0,38
43,9,2,11,1,0,38
48,7,2,4,1,0,38
41,12,2,3,1,0,18
52,2,2,4,1,0,38
49,10,1,9,1,0,38
33,13,2,9,1,99999,38
32,11,4,2,1,0,38
24,9,5,11,0,0,38
41,13,0,9,1,0,38
29,13,4,3,1,0,38
49,13,2,3,1,0,38
37,11,2,0,1,7688,38
25,9,3,6,1,0,30
41,7,2,5,1,7688,38
57,9,6,0,0,0,38
23,13,4,9,1,0,38
54,9,2,2,1,0,38
27,10,2,3,0,0,38
50,9,0,11,0,0,38
77,10,4,2,1,0,38
47,9,0,7,0,0,32
40,10,2,0,0,0,5
26,9,2,2,1,0,38
43,9,2,3,1,0,38
37,13,4,9,1,10520,38
39,14,2,9,1,99999,38
18,9,2,0,0,0,38
45,10,2,2,1,0,38
37,13,2,9,1,0,38
60,9,2,2,1,0,38
31,9,2,7,1,0,38
34,10,2,3,1,0,38
42,9,0,2,1,0,38
60,11,6,0,1,0,38
39,12,2,11,1,5178,38
58,10,2,11,1,0,38
34,13,2,3,1,7688,38
43,12,2,3,1,0,38
39,13,4,9,1,0,38
26,9,2,6,1,3464,38
26,13,4,0,1,0,38
41,9,4,2,1,14344,38
44,10,2,3,1,0,38
40,11,2,9,1,0,38
40,10,2,0,1,0,38
40,15,2,9,0,15024,38
43,9,2,7,0,0,38
49,13,2,3,0,0,38
32,6,1,2,0,0,38
41,9,4,0,0,0,38
40,15,2,2,1,5178,25
36,13,2,9,1,0,38
37,12,2,0,0,7688,38
36,9,0,7,0,0,38
28,12,4,11,0,0,38
40,10,2,4,1,0,38
29,13,4,9,0,14344,38
25,6,2,7,0,0,38
53,10,5,2,1,0,38
32,12,0,11,1,0,38
20,9,4,13,1,0,38
48,16,2,9,1,0,18
51,9,0,8,0,0,38
42,14,2,3,1,0,38
28,9,4,7,1,0,38
47,13,2,3,1,0,38
52,9,2,2,1,0,38
58,10,0,2,1,0,38
36,9,2,6,1,0,13
22,9,4,11,0,2597,38
48,10,2,2,1,0,38
44,10,2,3,1,0,38
58,9,2,3,1,0,38
24,10,4,0,0,3325,5
35,9,2,2,1,0,38
42,12,2,0,0,0,38
22,13,4,9,0,0,38
43,7,2,2,1,0,38
22,10,4,9,0,0,38
31,10,4,11,0,0,38
42,13,0,0,1,9562,38
34,10,4,10,1,0,38
44,6,0,0,0,0,38
40,11,2,11,1,0,8
62,9,2,2,1,0,38
41,13,0,9,0,0,38
36,6,4,13,0,0,38
57,10,2,3,1,0,38
35,9,4,0,0,0,38
51,6,3,2,1,0,38
33,10,2,2,1,0,21
28,13,2,11,1,0,38
37,10,2,2,1,0,38
40,9,4,5,1,0,38
43,10,2,10,1,0,38
61,4,2,13,1,0,38
30,13,4,3,1,0,38
57,9,0,10,0,0,38
35,9,2,4,1,0,38
47,10,2,2,1,7298,38
24,8,4,2,0,14344,38
22,7,4,2,1,0,38
31,13,2,3,0,0,38
37,14,4,3,0,0,38
21,9,4,11,0,0,38
29,9,3,2,1,0,38
49,6,4,3,1,0,38
19,9,2,2,0,0,38
35,12,0,9,0,0,38
23,9,2,6,1,0,38
44,10,2,12,1,0,38
39,13,4,9,0,0,38
25,9,4,3,1,0,38
27,12,4,0,0,0,38
22,10,4,0,0,0,38
27,9,2,7,0,0,38
25,13,4,5,1,0,38
45,13,2,3,1,0,38
38,14,4,9,0,0,38
37,9,0,7,0,0,28
33,14,2,9,1,7688,38
28,7,4,13,1,0,38
46,11,2,0,1,0,38
34,14,4,3,1,0,38
30,13,5,9,0,0,38
50,15,2,9,1,0,38
41,13,2,9,0,0,38
61,9,2,2,1,0,38
27,9,2,5,1,0,38
29,13,2,11,1,0,38
45,10,2,2,1,0,38
30,9,4,6,1,0,38
35,13,2,3,1,0,38
56,13,2,0,1,0,38
30,7,2,2,1,0,38
40,10,0,13,1,0,38
43,8,2,13,1,0,38
38,10,2,9,1,0,38
22,9,4,0,0,0,38
41,9,2,7,1,0,38
47,10,2,2,1,0,38
31,10,4,11,0,0,38
33,11,5,9,1,0,38
24,9,2,6,0,0,38
46,11,0,12,0,3325,38
38,11,2,2,1,0,38
40,9,2,2,1,0,38
60,13,2,11,1,0,38
57,10,2,2,1,0,38
28,13,4,11,1,0,38
27,13,2,9,1,0,38
44,9,2,2,1,0,38
21,10,4,7,0,0,38
38,9,2,3,0,15024,38
33,10,3,2,1,0,38
45,10,2,2,1,0,38
53,9,0,7,0,0,38
35,15,2,9,1,7688,38
41,13,2,3,1,7688,38
34,9,2,0,1,0,38
45,13,2,2,1,15024,38
28,13,2,3,0,0,38
42,10,4,9,1,0,38
54,9,6,7,0,0,38
61,9,0,0,0,0,23
37,10,2,0,1,7688,38
48,9,2,2,1,0,38
30,7,0,5,1,0,38
34,9,0,2,1,0,38
43,9,2,0,1,0,38
41,9,4,11,0,0,38
27,13,2,2,1,0,38
56,13,2,0,1,0,38
33,14,2,9,1,0,38
41,13,4,9,0,0,38
61,13,2,11,1,0,38
45,10,2,6,1,0,38
19,10,4,0,1,0,38
44,11,2,2,1,0,38
24,13,4,11,0,0,38
38,11,2,6,1,0,38
44,14,2,3,1,0,38
54,9,6,2,1,0,38
26,9,4,3,0,0,25
42,5,2,13,1,0,38
47,10,2,1,0,0,21
21,7,4,2,1,0,38
57,14,2,3,1,0,38
39,13,2,11,1,3464,38
54,10,2,10,1,0,38
31,9,2,7,0,0,38
38,13,2,3,1,0,38
53,9,2,2,1,0,38
59,13,2,3,1,0,38
72,7,2,0,1,0,38
35,13,2,3,1,0,38
45,11,4,9,0,0,38
38,11,2,2,1,0,38
26,13,4,11,0,0,38
45,16,2,9,1,0,38
52,9,2,3,1,15024,38
33,11,0,11,1,0,38
37,9,2,9,1,0,38
45,9,0,3,0,0,38
30,13,2,5,1,0,16
22,13,4,0,0,0,38
31,13,2,3,1,0,38
41,9,5,7,0,0,38
45,9,2,0,1,0,38
37,11,2,3,1,27828,38
40,10,0,0,0,0,38
26,9,2,2,1,0,38
40,14,2,3,1,0,38
54,13,2,3,1,0,38
28,13,2,3,1,5178,38
43,9,2,3,1,0,38
29,9,0,3,0,0,38
46,13,2,3,1,0,38
28,9,2,3,1,0,38
75,14,6,11,1,0,38
63,13,2,9,1,0,38
42,13,2,12,1,7298,38
25,8,2,2,1,0,38
47,14,2,10,1,27828,38
26,13,4,3,0,0,38
28,13,2,9,1,0,1
47,13,2,9,0,0,38
39,10,0,3,1,0,38
48,10,2,11,1,0,38
38,5,2,2,1,0,38
38,9,0,7,0,0,38
48,16,1,9,1,0,38
29,9,2,2,1,0,38
44,6,0,0,0,0,38
40,13,2,12,1,0,38
30,13,2,9,1,7688,38
20,9,4,0,0,0,38
43,14,2,9,1,0,38
25,14,4,7,0,0,38
34,9,2,2,1,0,38
42,13,2,0,1,0,38
57,10,6,0,0,0,38
41,9,2,13,1,0,38
37,3,2,7,1,0,38
39,8,2,6,1,0,38
52,9,5,2,1,0,38
35,13,2,9,1,0,38
66,15,2,11,1,20051,38
47,10,2,9,1,0,38
57,9,2,3,1,0,38
38,13,2,11,1,0,38
34,9,2,5,1,0,38
46,6,2,13,1,0,38
27,11,4,3,0,0,38
47,13,2,7,1,0,7
49,14,2,0,1,0,38
46,13,2,9,1,0,29
27,9,0,0,1,0,38
35,13,4,3,1,8614,38
64,9,2,3,1,0,38
29,9,0,5,1,0,38
39,9,2,2,0,7298,38
48,9,2,2,1,0,38
46,13,2,3,1,0,38
29,7,5,11,0,0,38
37,9,2,10,1,0,38
27,14,4,12,1,0,38
31,9,2,4,1,0,38
51,1,2,7,1,0,38
23,10,4,3,0,0,38
34,13,2,9,0,0,38
25,12,4,11,1,0,38
63,12,2,11,1,0,38
36,9,2,13,1,0,38
45,11,2,3,1,0,38
40,15,2,9,0,15024,38
51,11,2,3,1,0,38
36,11,0,12,0,0,38
27,12,2,0,1,0,38
44,9,4,0,0,0,38
37,13,0,9,0,15020,38
56,8,2,9,1,0,38
51,10,0,11,0,0,38
35,13,2,3,1,0,38
53,9,2,2,1,0,38
33,11,2,2,1,0,38
46,9,0,6,1,0,38
36,9,0,3,0,0,38
28,13,4,9,0,0,38
45,13,0,3,1,0,38
30,10,4,9,1,0,38
46,3,2,0,1,0,25
27,7,2,3,1,0,38
34,10,0,9,1,0,10
20,10,4,0,0,0,38
44,10,4,8,0,13550,38
32,9,4,10,0,13550,38
43,9,0,7,1,0,38
36,9,2,0,0,0,38
47,15,2,3,1,99999,38
35,10,2,6,1,0,38
24,13,4,3,1,0,38
26,7,5,2,1,2907,38
47,13,2,9,0,0,29
25,6,2,2,1,0,38
41,13,2,0,1,3103,29
58,6,2,13,1,0,38
25,13,4,9,0,0,38
36,10,2,3,0,0,38
66,13,2,0,1,0,29
59,13,2,9,1,0,38
51,10,2,2,1,0,38
28,9,2,2,1,0,30
21,4,4,7,1,0,25
24,9,4,5,1,0,38
55,9,2,2,1,0,38
48,9,2,2,1,0,38
62,9,2,2,1,0,38
38,13,2,11,1,0,38
50,9,0,6,0,0,38
44,9,0,12,1,0,38
36,10,5,2,1,0,38
30,12,2,12,0,0,38
32,13,2,3,1,0,38
55,9,2,3,1,0,38
44,12,2,9,1,0,38
25,11,4,9,1,0,38
33,9,2,11,1,0,38
24,10,4,2,1,0,38
49,9,2,2,1,0,38
60,9,2,2,1,0,38
49,10,4,2,1,0,38
35,14,4,9,1,0,38
33,13,2,2,1,0,38
37,13,2,6,1,0,38
46,14,2,1,1,0,38
33,9,4,0,0,0,38
29,8,4,5,1,0,5
26,13,2,9,1,0,38
23,5,4,6,1,0,25
24,5,4,0,1,0,38
29,12,4,9,0,8614,38
45,10,2,0,1,0,38
46,14,2,3,1,0,23
32,6,0,0,0,0,38
45,9,2,6,1,0,38
46,9,2,11,1,0,38
57,10,2,3,1,0,38
46,12,0,9,0,0,38
37,9,2,0,1,0,38
31,13,4,3,1,0,38
36,12,2,9,1,0,38
34,10,2,2,1,0,38
48,9,2,2,1,0,38
29,12,2,0,0,0,29
43,13,2,2,1,0,38
19,9,4,6,1,0,38
40,15,2,9,1,0,38
37,2,4,7,1,0,38
38,12,2,9,1,0,29
20,9,4,0,1,0,38
36,10,2,3,0,0,38
62,10,2,11,1,0,38
30,12,2,10,1,5013,38
37,9,3,9,1,0,38
37,9,2,0,0,0,38
19,8,4,11,1,1055,38
41,13,2,9,1,0,38
34,10,2,3,1,0,38
38,15,2,9,1,15024,38
20,9,4,4,1,0,38
47,9,2,13,1,0,38
54,9,0,0,1,0,38
31,10,2,2,1,0,38
54,9,0,11,0,8614,4
28,9,4,7,0,0,38
28,9,4,7,0,0,38
22,10,4,2,1,0,38
46,13,2,6,1,0,10
37,13,2,9,0,15024,38
45,9,0,0,0,0,38
50,15,2,9,1,0,38
39,9,2,13,1,0,38
50,10,2,0,1,0,38
61,9,2,10,1,0,38
44,9,2,6,1,0,38
31,12,4,0,0,3325,38
40,14,2,3,1,0,38
40,10,2,13,1,0,38
58,14,2,9,1,0,38
24,13,2,9,1,0,38
28,9,2,6,1,0,38
42,13,2,0,1,0,38
36,9,0,6,1,4101,38
23,9,2,5,1,0,38
39,5,2,2,1,0,38
66,10,2,0,1,0,38
34,13,2,9,1,0,38
44,10,4,11,1,0,38
47,14,2,3,1,0,38
29,10,2,3,1,0,38
31,15,0,12,0,0,38
48,16,2,9,1,0,38
58,13,2,0,1,0,38
52,10,2,3,1,0,38
21,9,2,9,1,0,25
27,9,2,9,1,0,38
44,11,0,11,1,0,38
39,9,2,2,1,0,38
27,11,2,6,0,0,38
38,10,2,13,1,0,38
32,13,4,9,0,0,38
43,14,4,12,0,8614,38
41,10,0,2,1,0,38
35,13,2,3,1,0,38
50,11,6,3,0,0,38
28,9,4,6,1,0,38
31,14,2,9,1,0,38
32,14,4,3,0,0,38
56,10,2,2,1,0,38
80,14,3,9,1,0,38
41,9,2,3,0,0,31
44,10,2,11,1,0,38
48,9,2,2,1,0,38
28,13,2,3,1,0,38
47,10,2,0,1,0,38
39,9,2,2,1,0,38
51,9,2,11,1,7298,38
24,10,4,0,0,0,38
36,13,0,9,0,0,38
27,10,4,0,0,0,38
44,6,2,6,1,0,38
34,10,2,3,0,0,38
56,14,2,9,1,0,38
30,14,0,9,1,0,18
29,13,4,2,0,0,38
45,9,2,10,1,0,38
32,13,2,11,1,0,38
48,9,2,13,1,0,38
20,10,4,9,1,0,38
18,9,2,3,0,0,38
29,10,2,12,1,0,38
31,10,2,0,1,0,38
38,14,2,9,1,0,38
19,10,4,0,0,0,38
22,10,4,2,1,0,38
39,9,4,0,0,0,38
39,9,4,13,1,0,38
47,9,2,3,1,0,38
36,12,2,3,1,0,38
46,9,2,11,1,4386,38
60,13,2,3,1,0,38
35,13,2,0,1,0,38
30,10,2,0,1,0,38
23,12,4,11,0,0,38
44,11,2,10,1,7298,38
53,13,2,3,1,0,38
48,14,2,9,1,0,19
39,9,0,6,1,0,38
39,13,4,3,0,0,38
43,3,2,6,1,0,25
30,10,0,0,0,0,1
51,13,2,3,1,0,38
37,15,1,9,0,14084,38
38,9,2,11,1,3464,3
30,9,2,2,1,0,38
43,13,2,9,1,0,38
43,13,2,9,1,0,38
30,10,4,5,1,0,38
20,9,0,11,0,0,38
26,13,4,0,0,0,25
32,10,4,2,1,0,38
31,7,5,7,0,0,38
25,8,4,2,1,0,38
32,13,2,9,1,0,38
49,10,2,6,1,0,38
50,3,0,7,1,0,4
47,9,2,0,0,0,38
43,14,2,3,1,0,38
46,14,2,9,1,15024,38
44,10,2,2,1,5178,38
26,13,4,2,1,0,38
45,9,2,2,1,0,38
59,9,2,0,0,0,38
44,13,0,9,0,0,38
56,13,2,9,1,0,38
25,9,4,13,1,0,38
36,10,0,9,0,0,38
54,10,0,2,1,0,38
24,5,0,7,0,0,38
36,9,2,2,1,0,38
22,9,4,0,1,0,38
40,11,2,10,1,0,38
59,14,2,9,1,0,38
44,15,2,9,1,0,29
61,9,2,3,1,0,38
24,6,4,7,1,0,38
37,9,4,2,1,0,38
38,10,0,3,0,0,38
46,13,1,4,1,0,38
66,13,2,9,1,0,38
79,9,2,3,1,0,38
40,9,2,6,1,0,38
18,10,4,0,0,0,38
47,12,2,10,1,0,38
35,13,2,2,1,0,38
50,13,2,3,1,0,29
61,9,2,6,1,3471,38
53,9,0,7,1,0,38
51,13,2,9,1,0,38
35,5,2,6,1,0,1
45,10,2,3,1,0,38
32,10,2,9,1,7298,38
49,9,2,11,1,5013,38
28,13,2,3,0,0,38
39,9,2,2,1,0,38
53,9,2,3,1,0,38
30,13,2,3,1,0,38
52,9,2,6,1,0,38
37,12,0,3,0,0,38
38,13,2,3,1,0,38
54,10,2,11,0,0,38
61,8,3,9,1,0,38
25,6,2,10,0,0,38
32,1,2,6,0,4508,0
37,14,2,9,0,0,38
55,9,2,4,1,0,38
36,10,2,2,1,0,38
39,14,2,0,0,3464,38
45,13,2,6,1,0,9
37,10,2,3,1,4386,38
28,10,4,0,0,0,38
33,13,2,3,1,0,38
24,9,0,10,0,0,38
53,10,2,2,1,0,38
26,13,4,9,1,8614,38
57,10,4,0,0,0,22
37,4,2,11,1,0,38
41,11,0,1,1,10520,38
58,9,2,0,1,0,38
32,13,2,12,1,0,38
48,12,0,3,0,0,8
38,10,2,6,1,0,38
49,9,2,2,1,0,38
20,6,4,6,1,0,38
45,10,2,9,1,0,38
43,9,2,6,1,0,38
52,14,2,9,0,0,38
55,13,2,3,1,0,38
42,10,2,10,1,0,38
57,9,2,13,1,0,38
37,6,0,2,0,0,38
57,13,2,0,1,0,38
47,16,2,9,1,0,38
21,9,0,11,0,0,38
22,10,4,0,1,0,38
25,9,4,2,1,0,38
60,9,2,3,1,0,38
18,10,4,0,0,0,38
41,9,0,3,0,0,38
50,14,2,11,1,0,38
54,14,0,9,0,0,38
29,9,2,9,1,0,38
36,9,5,2,1,0,38
51,10,2,3,1,0,38
41,10,0,0,0,0,38
34,11,4,13,1,0,38
76,4,6,8,0,0,38
24,10,2,0,0,0,24
44,9,2,3,1,0,38
59,10,2,3,1,0,38
55,10,4,0,0,0,38
38,11,2,2,1,0,38
47,14,5,6,0,0,18
41,9,2,4,1,0,38
65,10,2,4,1,0,38
41,9,2,3,1,0,38
31,9,2,6,1,0,38
41,10,2,0,1,0,38
38,9,2,2,1,4386,38
48,13,0,8,0,0,10
38,10,2,0,0,0,38
21,10,4,0,1,0,38
60,13,2,9,0,99999,38
37,10,5,7,0,0,38
40,13,0,3,0,0,38
24,13,4,3,1,0,38
37,9,2,2,1,0,38
30,9,2,10,1,0,38
48,9,2,2,1,0,38
30,13,2,0,1,7298,38
55,9,2,2,1,0,38
53,10,2,3,0,0,29
60,15,2,11,1,0,38
60,10,0,9,1,3325,38
37,9,2,5,1,0,38
18,9,4,11,0,0,38
35,9,2,7,1,0,38
53,14,2,9,1,0,38
54,13,2,11,1,0,38
44,13,2,11,1,0,38
57,9,2,3,1,0,38
55,9,0,2,1,0,38
58,13,5,9,1,4787,38
52,14,2,9,1,0,38
37,9,2,2,1,0,38
34,10,2,2,1,0,38
37,9,2,9,1,0,38
42,9,5,2,1,0,38
19,10,4,0,0,0,38
29,9,2,2,1,0,38
35,9,2,11,1,0,19
44,10,4,7,1,0,38
24,13,4,3,1,0,38
53,13,2,11,1,0,38
20,9,4,9,0,0,38
23,10,4,0,0,0,38
63,14,2,12,1,5013,38
28,13,4,3,0,0,38
32,13,2,11,1,0,38
23,10,4,3,1,0,38
55,10,4,0,1,0,38
57,13,2,9,1,0,38
62,15,2,9,1,15024,38
55,9,2,7,1,0,29
41,16,2,9,1,0,38
40,10,2,12,1,0,38
54,9,2,7,0,0,38
60,9,2,11,1,0,38
51,9,2,12,1,0,38
32,13,0,0,1,0,38
21,10,4,11,1,0,38
28,11,2,2,1,0,9
45,14,2,9,1,0,38
27,10,2,9,1,0,38
21,9,4,2,1,0,38
45,10,2,3,1,0,38
41,9,2,13,1,0,38
31,13,2,3,0,0,38
39,9,4,12,1,4650,38
55,9,0,0,0,0,38
38,10,2,3,1,0,38
44,9,0,6,1,0,38
38,9,4,7,0,0,38
33,10,2,9,1,0,38
59,14,2,2,0,0,29
34,11,0,10,1,0,38
39,12,2,2,1,4386,38
73,9,4,7,0,0,38
40,11,4,2,1,0,38
25,10,2,2,1,0,38
57,10,2,9,1,0,38
29,13,2,12,1,0,38
46,9,2,13,1,0,38
50,4,2,6,1,0,38
54,10,2,3,1,0,38
36,13,4,9,0,0,38
36,14,2,3,1,0,38
36,9,2,0,1,0,38
46,15,4,9,1,0,38
22,9,4,11,0,0,38
51,4,2,13,1,0,38
24,11,4,12,1,0,38
51,16,1,3,0,0,38
42,15,2,10,0,15024,34
33,13,2,9,1,3103,38
52,10,2,10,1,3137,38
64,13,2,9,1,0,38
70,10,2,3,1,9386,38
54,7,0,1,0,0,38
48,14,2,3,1,0,38
52,9,2,0,1,0,38
64,15,2,3,1,0,38
27,9,4,5,0,0,38
36,10,2,0,0,0,38
50,13,4,2,1,4416,38
61,10,2,11,1,0,38
40,13,2,3,1,0,2
25,9,0,7,1,0,38
37,9,2,13,1,0,38
32,9,2,11,1,0,38
61,10,2,0,1,0,38
23,9,4,11,1,0,38
58,13,2,3,1,0,38
44,9,2,2,1,0,38
21,10,4,11,1,0,38
54,6,2,0,1,0,38
37,9,2,3,1,0,38
20,9,4,6,1,0,38
43,13,4,0,1,0,38
53,10,2,10,1,15024,38
46,11,2,11,1,5178,38
36,13,2,11,1,0,38
52,9,2,10,1,0,38
29,10,0,12,1,0,38
38,6,0,2,1,0,38
31,12,2,0,0,0,38
25,9,0,0,1,0,38
37,6,4,13,1,0,38
42,13,2,3,0,0,38
46,10,2,11,1,0,38
21,9,4,7,1,0,38
58,9,2,5,1,0,38
31,9,2,13,1,0,38
39,14,2,9,1,7298,38
39,12,0,7,0,0,38
33,9,0,0,0,0,38
21,9,4,0,0,0,38
40,13,4,11,0,0,38
41,9,2,3,1,0,38
65,9,2,0,1,0,38
19,9,4,6,1,0,38
50,14,2,3,1,0,38
42,13,2,0,1,0,38
40,10,2,3,1,7688,38
49,9,0,7,0,0,38
38,11,0,9,0,14344,38
33,11,2,10,1,0,22
23,9,4,0,1,0,38
53,9,2,1,0,7688,38
26,12,4,2,1,0,38
67,9,2,0,1,0,38
38,4,2,11,1,0,38
42,9,2,2,1,0,38
33,10,2,3,0,7688,38
49,4,2,5,1,0,38
47,14,4,9,1,0,38
31,13,4,10,1,0,38
29,13,2,2,1,0,38
51,9,2,2,1,0,38
44,13,2,0,1,0,38
41,15,2,9,1,15024,38
30,11,4,2,1,0,38
38,15,2,9,0,0,38
49,10,4,0,0,0,38
58,10,2,3,1,0,38
69,12,2,3,1,6514,38
65,13,2,3,1,0,38
43,9,2,0,0,0,38
28,9,4,0,0,0,38
18,9,2,7,0,0,38
53,10,2,12,1,0,38
49,10,0,9,1,0,38
33,13,2,3,1,0,38
41,5,2,2,1,0,38
60,10,2,3,1,0,38
55,10,0,9,0,0,38
46,14,2,3,1,0,38
38,10,2,2,1,0,38
38,9,0,2,1,0,38
26,10,2,11,0,0,38
39,13,2,3,1,0,38
39,10,0,3,1,8614,38
38,13,2,4,1,0,38
28,3,2,6,1,0,25
62,9,2,0,1,0,38
40,15,2,9,1,99999,38
37,13,2,9,1,7298,38
43,14,2,9,1,0,38
39,15,2,9,1,0,38
37,9,4,6,1,0,38
34,13,4,9,1,0,38
30,11,0,0,0,0,38
52,14,2,9,1,0,38
71,10,2,3,1,20051,38
61,9,2,0,1,0,38
35,9,2,13,1,0,38
20,9,4,2,1,0,38
28,13,2,3,0,0,38
61,11,0,6,0,8614,38
33,14,2,9,1,0,38
42,15,2,9,1,0,38
22,7,0,11,1,0,38
53,9,2,7,1,0,10
51,11,2,0,1,7298,38
46,10,0,0,0,0,38
39,9,2,11,1,0,38
57,13,2,3,1,0,38
57,9,2,2,1,0,38
68,10,2,0,0,0,38
35,15,2,9,1,0,38
38,7,0,11,0,0,38
37,9,2,9,1,0,38
19,7,4,7,0,0,38
29,13,4,0,0,0,23
64,10,0,9,1,11674,38
35,13,4,9,1,0,38
55,10,2,2,1,0,38
28,13,2,9,1,0,38
53,9,2,6,1,0,38
44,15,2,9,1,0,38
21,11,4,7,0,0,38
47,11,2,11,1,0,38
37,9,3,7,0,0,38
34,16,2,9,1,0,10
35,9,2,2,1,0,38
36,9,2,2,1,0,38
41,10,4,12,0,0,29
41,14,2,3,1,0,38
51,10,2,0,0,0,22
44,15,0,9,0,0,38
24,10,2,6,1,0,38
30,13,2,10,1,3103,38
39,9,4,2,1,0,38
25,10,2,2,1,0,38
20,10,4,0,1,0,40
61,10,2,2,1,0,38
38,9,2,5,1,0,38
34,10,0,0,0,0,38
35,9,0,7,0,0,38
43,14,2,3,0,0,38
41,10,2,0,0,0,38
55,14,2,3,1,0,38
36,10,2,2,1,0,38
38,13,2,3,1,0,23
39,10,0,0,0,114,38
33,6,5,7,0,3418,38
34,9,4,3,1,0,38
34,13,2,9,0,0,38
55,14,2,3,1,0,38
42,14,2,9,1,0,38
39,9,4,0,1,0,38
25,9,0,0,0,0,38
50,13,0,10,1,0,38
64,9,2,3,1,0,38
25,5,4,6,1,0,25
58,9,6,2,1,8614,25
50,9,2,13,1,0,38
23,13,4,12,0,3325,38
24,13,4,11,1,0,38
55,10,2,2,1,0,38
26,10,4,9,0,0,38
30,9,2,2,1,0,38
37,13,2,3,0,7688,38
47,9,2,13,1,0,38
44,14,2,9,0,0,38
36,13,0,11,0,0,34
42,9,2,4,1,0,7
53,10,0,0,0,0,38
50,9,2,2,1,0,38
58,9,2,11,1,0,38
47,15,2,3,1,99999,38
44,9,2,2,1,7688,38
51,13,2,3,0,15024,38
52,13,2,9,1,0,38
38,10,2,2,1,0,38
39,10,2,13,1,0,38
33,13,2,2,0,0,10
20,9,4,2,1,0,38
54,13,2,3,1,0,38
31,5,0,0,0,0,38
47,9,0,7,0,0,38
32,15,2,9,1,3908,38
43,14,2,9,1,0,38
42,13,5,12,1,0,38
30,11,4,0,0,0,38
35,13,2,3,1,0,38
40,10,2,9,1,0,38
34,13,4,11,0,0,38
58,9,0,11,0,0,38
43,10,2,3,1,0,38
37,9,2,2,1,0,38
33,10,2,10,1,0,38
52,10,2,3,0,0,38
64,9,4,7,1,1055,38
29,11,4,7,1,0,38
62,13,2,3,1,0,38
35,10,2,3,1,0,38
60,14,2,9,1,0,38
36,13,2,9,1,0,38
45,10,2,6,1,0,38
52,12,2,10,1,0,38
55,10,2,3,1,0,38
45,14,1,8,0,25236,38
28,3,4,6,0,0,38
42,9,2,2,1,0,38
33,13,2,3,1,7298,38
36,11,5,3,1,0,38
43,10,2,11,1,0,38
32,9,2,11,1,7298,38
33,9,2,2,1,0,38
25,13,4,4,1,27828,38
67,5,0,0,0,2050,38
37,13,2,12,1,0,38
35,9,2,2,1,0,38
57,10,4,0,0,0,38
53,7,0,7,0,0,38
49,7,2,8,0,0,38
38,9,2,3,1,0,38
44,4,0,5,1,0,38
37,12,2,0,1,0,38
23,9,4,6,1,0,38
40,10,0,13,1,0,38
30,15,4,9,1,0,38
35,9,2,2,0,0,38
34,10,2,2,0,7688,38
30,9,4,2,1,0,38
43,12,2,3,1,99999,38
27,12,2,0,1,0,38
39,9,2,6,1,0,38
39,15,2,3,0,15024,38
28,9,2,5,1,0,38
26,3,4,13,1,0,3
40,10,2,2,1,5178,38
36,5,0,0,0,0,38
54,13,2,3,1,0,38
52,15,2,9,1,99999,38
32,9,2,10,1,0,38
28,9,2,6,1,2885,38
42,13,2,2,0,0,38
54,14,2,9,1,0,38
42,13,0,11,1,0,38
29,13,2,9,0,0,38
36,12,2,11,1,5178,38
56,9,2,13,1,0,38
28,13,2,10,1,0,38
60,13,2,9,1,0,38
44,10,5,3,1,0,38
60,13,2,9,1,0,38
33,9,2,6,1,0,38
21,9,4,2,1,0,25
37,4,2,7,1,7298,25
24,10,4,6,1,0,38
40,10,2,9,1,0,38
25,12,4,11,0,0,28
53,13,2,9,1,0,38
54,11,2,3,1,0,10
20,10,4,0,1,0,38
59,9,2,5,1,0,38
34,9,2,2,1,0,38
32,12,2,2,1,7688,38
68,10,6,11,1,0,38
25,10,2,4,1,0,38
37,9,4,2,1,0,38
65,10,6,0,0,0,38
20,10,4,11,0,0,38
23,13,4,3,1,0,38
45,13,2,3,1,0,38
45,10,2,0,0,0,38
34,9,5,0,0,0,38
46,14,2,2,1,0,38
40,14,2,3,1,0,38
43,10,2,11,1,0,38
46,14,3,3,1,0,38
50,15,4,3,0,0,38
26,12,5,2,0,0,38
26,7,4,6,1,6497,38
44,11,2,2,1,0,38
37,9,2,2,1,0,38
64,13,2,9,1,0,38
63,13,2,2,1,0,8
52,14,2,7,1,7298,21
56,14,2,2,1,0,38
34,14,2,9,1,7688,38
44,13,2,9,1,7688,38
27,9,4,13,1,0,38
17,7,4,0,0,0,37
48,14,2,11,1,0,38
44,10,2,12,1,7298,38
31,10,2,2,1,0,38
46,13,2,9,1,0,38
38,11,2,2,1,0,38
55,13,2,3,1,15024,38
40,13,1,9,1,7298,38
38,10,2,7,1,0,38
52,10,2,3,1,0,38
44,9,2,6,1,0,38
34,10,2,6,1,0,38
70,13,2,0,1,0,2
51,11,2,3,1,0,38
40,15,2,9,1,0,38
48,9,3,0,0,1471,38
43,10,0,9,0,0,38
51,12,2,2,1,0,38
29,9,0,11,1,0,38
59,9,0,0,0,0,38
43,9,2,3,1,0,38
46,9,2,11,1,0,38
30,11,2,6,1,0,38
33,10,4,3,1,0,38
35,16,2,9,1,0,35
17,5,4,0,1,0,38
47,13,2,9,1,0,38
55,12,2,3,1,7688,38
25,10,4,11,0,0,38
61,9,2,3,1,0,38
63,10,2,11,1,0,38
45,9,2,6,1,0,38
64,4,6,0,0,0,38
24,11,4,6,0,0,38
66,4,2,3,1,0,38
54,10,2,3,1,0,38
61,4,2,6,1,0,21
44,14,2,3,1,0,38
34,9,2,6,1,0,38
22,8,4,0,1,0,38
56,13,0,9,0,0,13
64,3,0,2,1,0,38
21,9,4,0,0,0,38
32,10,0,0,0,0,38
46,9,0,9,0,0,38
28,12,2,12,1,0,38
90,10,2,4,1,0,38
51,9,2,2,1,0,38
38,10,2,7,0,0,38
33,9,2,2,1,0,38
31,9,0,13,1,0,38
30,12,2,9,1,0,38
29,10,2,10,1,0,38
43,9,0,10,0,0,38
35,13,2,3,1,0,38
34,9,2,2,1,0,38
33,9,5,11,0,0,38
38,11,2,3,1,0,38
46,11,2,2,1,0,38
43,10,0,0,1,0,38
29,13,4,9,1,0,38
56,10,2,3,0,0,38
54,9,2,11,1,0,38
46,13,2,2,1,0,38
25,10,4,5,1,0,38
50,13,2,3,1,0,38
28,9,2,11,1,0,38
26,9,2,10,1,0,38
40,10,2,9,0,0,38
34,12,0,3,0,0,38
51,9,0,3,1,14084,38
63,8,2,3,1,6418,38
45,9,2,2,1,0,38
30,9,2,0,1,0,38
31,10,2,7,1,0,38
33,10,2,7,1,0,38
56,10,2,3,1,0,38
47,9,2,6,0,0,38
41,6,4,5,1,0,38
21,9,4,0,0,1055,38
47,11,2,1,0,7688,38
28,4,5,5,1,0,25
45,9,2,6,1,0,38
39,8,2,13,1,0,26
43,16,4,9,0,0,38
33,4,2,6,1,0,38
36,4,4,2,1,0,38
29,11,0,12,1,14344,38
67,15,2,3,1,99999,38
23,10,0,3,1,0,38
19,9,4,2,1,0,38
57,13,0,3,1,0,38
54,13,2,11,1,7688,38
45,14,2,9,1,0,38
63,13,2,9,1,0,38
36,10,4,2,1,0,24
33,9,4,7,1,0,38
38,10,2,2,0,0,30
67,13,2,8,1,0,20
39,9,2,6,1,0,38
32,13,2,9,1,0,38
26,9,4,0,0,0,38
46,9,2,11,1,0,38
40,13,0,9,0,5455,38
31,7,2,2,1,0,38
34,9,2,2,1,0,38
53,9,2,2,1,0,38
26,12,2,0,0,0,38
22,10,4,12,1,0,38
52,5,0,2,0,0,4
32,13,0,0,0,0,38
24,12,4,2,1,2354,38
30,13,4,9,1,0,38
45,14,2,3,1,7298,38
34,10,2,3,1,0,38
34,9,4,6,1,0,2
74,5,2,0,1,3471,38
54,10,4,3,0,0,38
47,11,2,12,1,0,38
53,3,2,6,1,0,24
41,9,0,2,1,0,38
34,13,4,11,1,0,38
26,13,2,9,0,0,38
41,15,2,9,1,0,38
21,9,4,11,1,0,38
36,9,0,0,0,0,38
34,10,0,0,0,0,38
52,13,2,0,0,0,38
49,12,2,9,1,0,38
41,14,2,3,1,0,38
58,9,0,5,1,0,38
66,9,6,0,0,0,32
41,9,2,13,1,0,38
43,14,2,9,0,0,38
45,9,2,6,0,0,38
46,9,2,11,1,0,38
42,10,2,2,1,7688,38
47,9,2,2,1,0,38
55,9,0,6,0,0,38
36,13,2,11,1,0,38
20,9,4,10,1,0,38
29,9,4,2,1,0,38
38,9,2,2,1,7298,38
65,9,2,11,1,0,38
36,13,2,4,1,0,38
68,9,2,3,1,0,38
39,12,2,3,1,0,38
30,5,2,7,1,0,25
55,12,2,3,1,7688,38
52,10,2,13,1,0,38
34,13,2,3,1,0,38
45,14,0,13,1,14344,38
38,13,2,11,1,7298,38
37,11,4,10,0,0,38
41,10,4,2,1,0,38
35,14,2,11,1,0,38
49,9,6,0,0,0,38
62,4,2,10,1,0,4
22,11,2,7,1,0,38
22,3,4,4,1,0,25
46,9,3,4,1,3325,38
29,9,2,5,0,0,25
43,8,2,13,1,0,38
18,10,4,0,0,0,38
46,10,2,12,1,0,38
59,6,3,10,1,0,18
56,10,2,11,1,0,38
46,13,2,3,1,0,38
33,10,2,3,1,0,38
46,10,2,0,1,0,38
27,10,2,3,0,0,38
59,14,2,3,1,0,38
35,10,4,11,1,0,38
54,10,2,13,1,0,38
52,13,2,0,0,0,38
45,14,2,0,1,0,38
55,9,2,2,1,0,38
27,9,4,0,0,0,38
25,13,2,9,0,0,38
44,13,2,3,1,0,8
20,9,4,5,1,0,38
46,12,2,2,1,0,38
36,10,2,2,0,7298,38
36,12,2,10,1,5178,38
43,14,2,3,1,0,38
41,14,4,9,0,27828,38
31,9,2,7,1,0,25
34,9,2,2,1,0,38
36,10,2,6,1,0,38
63,10,2,3,1,0,38
40,9,2,3,0,0,38
47,11,2,11,1,0,38
34,10,2,2,1,0,38
35,12,2,11,1,0,38
29,9,2,12,1,0,38
45,13,2,2,1,0,23
43,9,2,2,1,7688,38
45,9,4,7,0,0,38
37,9,4,2,1,0,38
61,8,2,7,0,0,38
20,10,4,7,1,0,38
32,10,2,13,1,0,38
54,9,0,7,0,0,38
34,9,2,13,1,0,38
64,13,4,11,0,0,28
44,14,2,3,1,0,38
33,9,2,9,1,0,38
40,10,2,0,0,0,38
33,9,2,7,1,0,38
43,13,2,11,1,0,38
47,13,6,2,0,6497,38
37,13,2,13,1,0,38
47,10,0,3,0,0,38
20,10,4,7,0,0,38
55,10,2,0,0,0,38
38,9,2,0,1,0,38
41,10,0,11,1,2174,38
38,9,0,0,0,0,38
41,9,4,2,0,0,38
38,13,2,11,1,0,38
36,9,0,0,0,0,38
48,10,0,3,0,0,38
60,5,2,6,1,0,38
44,11,2,3,1,0,38
29,11,1,4,1,0,38
37,10,2,2,1,0,38
46,10,2,11,1,0,38
50,9,2,2,1,0,38
50,12,2,11,0,3942,38
47,10,0,0,1,0,38
36,13,4,0,0,0,38
50,13,2,3,1,0,21
40,13,2,11,1,0,38
55,10,0,6,1,0,38
34,12,5,7,0,0,38
40,7,0,13,0,0,38
24,13,4,9,0,0,38
31,5,0,13,1,0,38
23,13,2,11,1,0,38
33,9,2,11,0,0,38
30,10,2,5,1,0,38
52,4,2,2,1,0,38
20,9,4,6,1,0,38
63,13,2,10,1,0,38
50,9,2,3,1,0,38
30,11,0,9,0,0,38
35,11,4,2,1,0,38
42,10,2,9,1,0,38
28,9,2,13,1,0,38
48,10,2,2,1,0,38
23,13,4,9,0,0,38
41,16,2,9,1,0,38
27,9,2,2,1,0,38
41,9,2,3,0,0,38
64,9,6,11,0,8614,9
43,13,2,11,1,0,38
29,11,0,0,0,0,38
24,9,4,7,1,13550,38
42,14,0,9,0,0,38
31,13,4,9,1,0,38
26,10,0,2,1,0,38
47,9,2,2,1,0,38
59,9,2,11,0,0,38
58,6,2,13,1,0,38
21,10,4,0,0,0,38
41,9,0,9,0,0,38
31,8,4,5,1,0,38
59,10,2,9,1,0,38
46,13,2,9,1,15024,38
26,9,2,0,0,0,38
46,3,2,6,1,0,25
48,9,2,13,1,0,38
53,13,2,11,1,0,38
44,13,2,3,1,0,38
23,13,4,9,1,0,38
25,13,2,9,1,0,38
62,11,2,0,1,0,1
49,9,2,3,1,0,38
30,12,2,11,1,0,24
28,9,4,7,0,0,25
36,13,2,3,1,5013,38
41,10,2,11,1,0,38
29,13,2,12,1,0,38
21,10,2,0,1,0,38
46,9,2,11,1,0,38
21,9,4,6,1,0,38
33,9,2,3,1,0,38
42,9,2,0,1,0,38
32,5,5,6,0,0,3
49,9,0,0,0,0,38
25,13,0,9,0,0,38
42,10,2,2,1,0,38
48,10,6,3,0,0,38
32,10,2,3,1,0,38
25,9,4,0,0,0,38
51,14,2,10,1,0,38
37,9,0,4,1,0,38
49,10,2,11,1,0,38
37,13,2,3,1,0,38
25,13,4,9,1,0,38
36,9,2,3,1,0,38
45,9,5,9,0,0,38
57,9,2,2,1,0,38
42,9,2,6,1,0,38
49,11,0,3,1,0,38
45,8,2,11,1,7688,38
29,14,2,9,0,0,16
26,9,2,13,1,0,38
30,9,4,10,1,0,38
60,9,2,2,1,0,38
52,15,2,9,1,7688,38
36,10,4,3,0,0,38
35,10,5,2,1,0,38
35,13,2,11,1,0,38
35,11,4,0,0,14344,38
49,13,2,3,1,0,38
42,13,2,9,1,0,38
36,14,2,9,1,0,38
48,10,2,2,1,0,38
49,9,2,6,1,0,38
38,9,2,3,1,0,38
45,13,2,3,1,0,38
33,15,0,9,1,14084,38
26,6,2,2,1,0,38
49,11,2,9,1,4787,38
47,10,2,12,1,7298,38
40,10,2,2,1,0,38
29,12,2,9,1,99999,38
49,6,4,3,1,0,38
44,13,2,0,1,0,38
39,9,2,11,1,0,38
35,14,2,11,1,0,38
43,10,2,11,1,7298,25
30,9,2,10,1,0,38
57,11,4,2,1,0,38
38,9,0,9,1,0,38
38,11,2,2,1,0,38
41,13,2,9,1,15024,38
34,10,2,12,1,0,38
29,9,4,7,0,0,38
45,9,2,11,1,0,34
33,9,0,12,0,0,38
31,9,4,7,0,0,38
41,9,2,7,1,0,38
53,14,2,9,1,0,18
33,10,2,11,1,0,38
56,9,6,0,0,0,38
53,8,2,0,0,0,21
30,13,2,3,1,0,38
38,13,2,9,1,0,38
44,9,2,7,1,0,38
43,13,2,9,1,0,38
41,10,2,3,1,0,38
34,9,0,0,1,0,38
37,10,2,11,0,7298,38
34,14,4,9,1,0,38
20,10,4,0,1,0,38
31,13,0,3,0,0,38
49,4,2,11,1,0,38
21,10,4,11,0,0,38
55,13,2,7,1,0,29
35,14,2,9,0,0,38
40,13,2,9,1,0,38
29,9,2,2,1,0,38
37,10,2,11,0,7298,38
68,13,2,6,1,10605,38
70,13,2,3,1,0,38
27,13,2,3,0,0,38
51,10,2,11,1,0,38
39,9,2,11,1,0,38
51,9,0,0,0,0,38
44,13,2,11,1,0,38
53,16,2,9,1,0,38
43,14,2,10,1,0,38
55,9,2,5,1,0,38
39,9,0,0,0,0,38
59,9,2,11,1,0,38
52,13,0,3,1,0,38
32,9,2,2,1,0,38
26,12,2,0,0,0,38
30,10,2,13,1,0,38
39,13,2,0,1,0,29
46,13,2,9,1,0,38
34,10,2,10,1,0,38
41,9,2,2,1,0,38
69,13,2,4,1,6418,38
55,9,0,7,0,0,38
37,9,2,0,1,0,38
33,9,2,6,0,0,25
50,13,0,3,1,0,38
37,11,2,9,0,0,38
46,10,4,6,0,0,38
58,10,4,0,0,0,38
19,9,4,13,1,0,38
61,3,2,13,1,0,38
60,9,2,2,1,0,38
35,14,2,3,1,0,38
53,9,2,9,1,0,38
36,12,0,11,0,0,38
44,8,0,13,1,0,38
24,7,2,13,1,0,39
53,13,0,0,0,0,38
50,9,0,2,0,0,38
57,10,2,9,1,4386,38
34,9,4,12,1,0,38
49,9,2,10,1,0,38
40,10,4,11,0,0,38
50,9,0,2,1,0,38
36,14,4,9,0,0,38
45,13,4,9,1,0,38
49,13,2,11,1,0,38
52,9,2,6,1,4386,38
36,7,2,2,1,0,38
37,7,4,6,1,0,38
43,9,4,0,1,0,38
29,9,2,0,0,0,38
32,3,2,7,1,0,38
61,10,2,0,1,0,38
50,13,0,10,1,0,38
44,9,0,2,0,14344,38
19,9,4,12,1,0,38
39,9,2,3,1,0,38
31,13,2,9,1,0,38
32,13,2,9,1,0,38
49,10,0,0,0,0,38
59,9,2,0,1,0,38
29,11,4,12,1,0,38
41,10,2,7,1,0,38
20,10,4,0,0,0,38
35,9,0,2,1,2354,38
36,10,2,2,1,0,23
48,15,2,9,1,15024,38
42,14,0,12,0,4687,38
43,9,0,2,1,0,38
49,10,0,0,0,0,38
46,11,0,0,0,0,38
37,9,4,7,1,0,38
45,15,0,9,1,0,38
21,11,2,4,1,0,38
49,9,2,0,1,0,38
60,9,2,11,1,0,38
36,9,2,0,0,0,38
26,9,4,2,1,0,38
45,14,2,3,1,15024,38
57,10,2,2,1,0,38
47,9,2,2,1,0,38
31,6,4,7,0,0,38
30,9,2,12,1,99999,38
39,9,2,7,1,0,38
49,9,2,3,1,8614,38
39,15,2,9,1,0,38
28,14,2,9,1,0,38
39,9,5,7,0,0,7
42,13,4,10,0,14084,38
26,13,4,9,0,0,38
27,13,4,2,1,0,38
32,13,4,9,0,0,38
50,9,3,3,0,10520,38
29,10,0,0,0,0,38
26,13,4,3,0,0,38
33,10,2,2,1,0,38
42,13,2,3,1,0,38
30,13,2,11,1,0,38
42,13,2,9,1,0,38
51,11,2,3,1,0,38
26,9,4,0,0,0,22
26,7,4,4,1,0,38
57,9,0,6,0,0,38
47,9,2,0,1,0,38
59,9,6,7,0,0,38
33,10,5,3,0,0,38
31,10,2,9,1,0,38
20,10,4,2,1,0,38
47,6,0,3,0,0,38
62,9,2,3,0,0,38
42,10,2,3,0,0,7
40,10,5,0,0,0,38
19,7,4,0,0,0,38
27,10,4,0,1,0,38
58,13,2,8,1,0,38
57,11,2,9,1,0,38
39,9,2,2,1,0,38
58,9,2,11,1,0,38
51,9,2,0,1,0,38
61,4,6,4,1,0,38
42,9,2,3,1,0,38
57,10,2,11,1,0,38
58,14,2,3,1,0,38
45,9,2,0,1,0,38
24,13,4,3,1,0,38
39,14,0,9,1,0,5
59,9,4,3,0,0,38
30,10,0,11,0,0,38
45,13,0,9,0,0,38
43,12,2,12,1,0,38
58,4,2,13,1,0,38
38,13,2,11,1,0,38
52,9,2,2,1,0,38
36,11,2,3,1,0,38
44,10,2,3,1,0,38
26,10,4,10,1,0,38
27,10,2,7,1,0,38
42,14,4,3,1,0,38
49,13,2,11,1,0,34
41,9,2,2,1,0,38
28,4,4,0,1,0,31
28,13,4,0,0,0,38
39,13,2,3,1,0,38
19,10,4,0,0,0,38
61,14,2,9,1,0,38
27,9,0,2,1,0,38
28,10,2,7,1,0,38
47,10,2,2,1,7688,38
31,9,4,4,1,0,38
47,9,0,7,0,0,38
62,10,2,3,1,0,38
41,13,1,9,0,0,38
48,14,2,3,1,15024,38
30,10,2,6,1,0,38
26,9,0,5,0,0,38
57,12,2,3,1,15024,38
36,9,2,6,1,0,38
57,14,2,9,0,0,38
44,11,2,2,1,0,38
30,13,2,2,1,0,38
45,9,0,7,0,0,38
43,9,2,0,0,0,38
41,13,2,9,1,0,38
35,10,2,2,1,0,38
48,14,2,12,1,0,38
18,9,4,6,0,0,38
21,7,4,7,0,0,38
42,14,2,9,1,0,38
24,9,2,4,1,0,38
69,10,2,3,1,20051,38
38,15,4,9,0,4787,38
60,10,0,2,0,0,38
24,9,5,7,1,0,38
26,9,2,2,1,0,38
56,9,2,2,1,15024,38
36,10,2,2,1,0,38
43,12,2,11,1,0,38
19,10,4,11,0,0,38
43,13,2,0,1,0,38
35,14,4,9,1,0,38
25,8,4,5,1,0,38
36,9,2,13,1,0,38
41,10,2,0,0,0,38
37,9,2,3,1,0,38
48,13,2,3,1,0,22
30,9,2,12,1,0,38
38,9,2,2,1,0,38
42,14,4,3,1,0,38
51,13,3,11,0,0,38
38,9,2,11,1,0,38
38,15,2,9,1,0,38
26,13,4,7,1,0,38
31,13,4,9,1,0,38
22,9,4,11,0,0,38
34,10,5,3,0,0,38
43,13,2,3,1,0,38
29,10,4,10,1,0,38
22,9,4,12,0,0,38
46,13,0,8,1,0,8
26,13,4,9,0,0,38
55,9,2,9,1,0,38
36,13,5,9,1,0,38
36,10,2,5,1,0,38
42,9,0,7,1,0,38
55,9,2,4,1,0,38
21,9,4,6,1,0,38
29,9,2,0,0,2829,38
29,13,4,11,0,3325,38
21,9,5,6,1,0,38
28,13,4,9,0,0,38
59,16,2,9,1,0,38
51,10,2,3,1,0,38
29,9,2,2,1,0,38
25,7,4,6,0,0,38
41,15,2,9,1,99999,38
37,13,2,9,0,15024,38
53,11,2,2,1,0,38
19,10,4,0,1,0,38
28,9,5,10,1,0,38
39,13,2,9,0,0,38
30,10,2,11,1,0,38
47,9,2,2,1,0,38
35,15,2,9,1,0,38
35,9,0,10,0,0,38
25,10,4,0,0,0,38
61,13,2,9,1,15024,38
38,14,2,3,1,0,38
18,7,4,5,1,0,38
38,7,2,13,1,0,38
34,9,4,0,1,0,38
53,16,2,9,1,0,38
27,13,4,9,1,0,38
55,6,6,13,1,0,38
25,13,4,10,1,0,38
49,10,2,3,1,0,38
47,11,2,9,1,0,38
42,11,2,7,1,0,38
58,15,2,13,1,15024,38
53,10,2,2,1,0,38
25,10,4,0,0,0,38
37,13,2,3,1,0,38
33,13,4,9,0,0,38
28,9,2,6,1,0,29
41,9,4,0,0,0,38
38,13,2,9,1,0,38
39,9,2,3,1,0,38
42,13,2,11,1,0,38
52,9,2,6,1,0,38
45,9,0,2,1,0,38
41,9,5,2,1,0,38
32,13,4,11,0,0,38
37,9,2,2,1,0,38
26,13,4,9,1,0,38
76,11,2,3,1,0,38
38,9,0,2,1,0,38
19,10,4,0,0,0,38
61,13,3,9,1,0,38
56,9,2,11,0,0,38
51,14,2,9,1,0,38
28,13,0,8,0,0,8
23,9,0,5,1,0,38
35,10,2,2,1,0,38
31,13,2,9,1,0,38
30,10,2,3,1,0,34
40,10,0,7,0,0,38
44,13,2,3,1,0,38
58,11,2,3,1,0,10
40,5,2,2,1,0,38
32,4,6,0,0,0,38
58,9,6,0,0,0,38
22,11,4,12,0,0,38
43,10,2,11,1,7688,38
32,13,4,9,0,0,38
43,13,2,7,0,0,38
43,10,2,11,1,0,38
24,10,2,4,1,0,38
30,13,2,9,1,0,38
43,9,2,3,1,0,38
41,6,4,11,0,0,38
23,7,0,7,0,0,38
43,9,0,2,1,0,38
39,13,2,0,1,7298,38
43,6,2,5,1,0,38
39,9,2,6,0,0,38
58,5,0,4,1,0,38
45,13,2,7,1,7298,38
41,10,2,9,1,0,38
66,9,4,0,0,0,38
33,13,2,0,1,0,38
34,14,2,9,0,0,2
57,15,1,9,0,0,38
55,13,2,0,1,0,38
26,10,2,0,1,0,38
46,10,2,2,1,7688,38
64,10,0,3,0,0,38
46,9,2,6,1,0,38
44,10,5,0,0,0,38
43,9,2,0,1,0,38
27,6,2,5,1,0,38
55,9,2,2,1,0,38
47,10,2,0,0,0,38
23,13,4,3,0,0,1
32,8,4,0,0,0,38
38,7,2,3,1,0,38
41,13,2,3,1,0,38
60,9,2,10,1,0,38
90,14,2,9,0,0,38
29,10,4,9,1,0,38
35,10,3,2,1,0,38
38,10,4,9,1,0,38
53,9,2,0,1,0,38
46,10,2,12,1,0,38
43,9,4,0,0,0,38
42,9,0,6,0,0,38
36,12,2,6,1,0,38
22,10,2,3,1,0,38
58,10,2,3,1,0,38
31,10,2,2,1,0,38
36,10,2,10,1,0,38
36,15,0,9,0,0,29
48,10,2,2,1,0,38
19,4,4,7,1,0,38
56,10,2,3,1,0,38
50,9,2,11,1,0,38
35,12,4,0,0,0,38
36,13,2,9,1,15024,38
19,9,4,0,0,0,38
36,13,2,9,1,0,38
55,10,2,9,1,0,38
49,10,0,3,1,0,38
49,9,2,2,1,0,38
40,11,2,3,1,0,38
36,9,2,2,1,0,38
44,9,2,3,0,0,38
33,10,2,3,1,0,38
38,14,0,0,0,0,38
22,13,4,9,0,8614,38
65,9,6,0,0,0,38
38,10,0,2,1,0,38
31,9,4,2,1,0,38
44,9,2,13,1,0,38
35,9,2,2,1,0,38
29,9,2,10,1,0,38
59,13,2,3,1,0,8
44,13,0,0,0,0,38
21,10,4,0,0,0,38
40,10,2,11,1,0,38
46,13,4,9,0,0,38
43,11,2,0,1,0,30
37,10,2,11,1,0,9
37,13,2,6,1,0,38
44,11,2,9,1,0,38
28,13,2,12,1,0,38
32,13,2,0,0,0,38
52,10,2,3,1,0,38
32,9,2,7,1,0,38
52,9,2,2,1,0,38
26,4,2,6,1,0,38
33,9,2,2,1,0,38
57,10,2,3,1,7688,38
20,10,4,5,1,0,38
24,9,0,3,0,0,38
56,10,0,7,0,0,38
36,5,2,13,1,0,38
39,13,2,3,1,0,38
39,13,2,9,1,0,38
30,5,2,2,1,0,38
46,9,0,0,0,0,38
38,13,2,9,1,0,38
47,10,2,2,1,0,38
31,16,2,9,1,0,36
32,9,2,2,1,0,38
54,9,2,2,1,0,38
42,9,2,11,1,0,38
49,10,2,2,1,0,1
43,14,2,9,0,0,38
53,7,0,7,0,0,38
36,14,2,3,1,0,38
61,9,2,3,1,0,38
44,10,2,2,1,7688,38
51,9,2,0,1,0,38
27,13,2,11,1,0,38
32,9,2,11,1,0,38
39,13,4,3,1,0,38
51,16,2,9,1,4386,38
48,12,2,13,1,0,38
28,11,2,0,0,0,18
56,13,2,0,1,0,38
47,9,2,7,0,0,38
32,9,4,2,1,0,38
21,10,2,0,0,3781,38
48,13,2,9,1,0,38
44,9,0,5,0,0,38
22,5,4,5,1,0,29
52,9,2,0,0,0,38
39,13,2,9,1,0,38
40,10,2,11,0,0,38
36,13,2,9,0,15024,38
62,9,1,13,1,0,38
47,9,4,7,0,0,38
37,13,2,3,1,0,5
40,9,2,2,1,0,38
27,13,4,12,0,0,9
32,14,4,11,1,0,38
66,13,2,4,1,10605,38
54,14,2,3,1,15024,38
49,14,2,9,1,0,38
35,9,2,6,1,0,38
39,11,2,11,1,7298,26
24,13,4,3,1,0,38
31,14,2,9,1,5178,38
49,9,2,3,0,0,38
27,10,2,3,0,0,38
56,10,2,3,0,0,38
29,10,0,3,0,1831,38
26,9,4,0,0,0,38
33,9,0,0,0,0,38
30,13,2,9,1,0,38
34,13,2,3,1,0,38
28,13,4,11,1,0,38
53,6,0,2,1,0,38
57,10,2,9,1,0,38
33,13,5,3,0,0,38
35,9,0,2,1,0,38
39,11,0,0,0,0,38
48,9,0,2,1,0,38
50,9,2,7,1,0,38
62,13,2,3,1,0,38
29,9,0,2,0,0,38
39,9,2,2,1,7298,38
45,14,4,9,1,0,38
39,9,2,6,1,0,38
49,5,0,7,1,0,38
33,9,5,2,1,0,38
25,7,2,6,1,0,38
57,13,2,3,1,0,38
32,12,2,3,0,0,38
42,11,2,9,1,0,38
38,10,0,11,0,0,38
21,3,4,5,1,0,25
50,10,2,2,1,0,38
36,10,2,3,1,0,38
36,10,2,0,0,99999,38
50,13,2,3,1,7298,38
36,9,2,6,1,0,38
30,11,4,5,1,0,38
54,9,2,13,1,0,38
45,9,2,2,1,0,38
53,13,0,0,0,0,5
31,12,4,2,1,0,38
29,12,2,11,0,7688,38
32,10,2,11,1,0,38
50,10,2,5,1,3103,38
45,8,1,9,1,0,38
48,12,2,2,1,0,38
60,9,2,10,1,0,38
42,15,2,9,1,15024,38
47,13,4,9,0,0,38
44,13,2,9,1,0,38
36,9,2,0,0,0,2
52,9,0,11,1,0,38
51,9,2,3,1,7298,38
35,12,2,2,1,0,38
44,9,2,13,1,0,38
49,10,2,13,1,0,38
35,13,2,3,1,4386,38
59,13,2,9,1,3103,38
43,13,1,9,0,8614,38
63,9,2,2,1,0,38
35,13,2,11,1,0,38
26,13,4,3,0,0,38
46,5,2,7,1,0,38
51,12,2,11,1,0,38
47,13,2,9,1,0,38
53,10,2,2,1,0,38
50,13,2,3,1,0,38
35,12,0,7,0,0,38
45,10,6,12,0,0,38
58,9,2,2,1,0,38
43,9,0,3,0,0,38
37,10,2,2,1,0,38
25,5,4,13,1,0,38
42,10,2,9,0,0,38
34,10,2,5,1,0,38
23,9,5,7,0,0,36
25,10,4,5,1,0,38
27,9,1,2,1,0,38
50,9,2,5,1,0,38
35,9,2,6,1,0,38
25,9,2,11,1,0,38
48,13,4,0,0,0,38
38,9,4,6,1,0,38
24,13,4,3,1,0,38
47,10,2,6,1,0,38
21,10,2,3,1,0,38
57,4,2,11,1,0,38
59,10,2,12,1,0,38
48,14,2,9,1,0,38
49,13,3,7,1,0,29
60,10,2,11,1,0,38
48,9,2,7,1,0,25
52,9,0,3,1,0,38
37,13,4,2,1,0,38
23,9,4,0,0,0,38
28,12,4,9,0,8614,38
57,9,2,2,1,0,38
29,13,2,6,1,0,38
47,9,2,3,1,0,38
26,5,4,7,1,0,38
41,9,2,13,1,0,38
32,13,2,11,1,0,38
33,9,4,5,1,0,38
32,10,2,11,1,0,38
44,10,2,2,1,0,38
38,9,0,7,1,0,38
40,13,0,3,1,0,38
46,15,2,9,1,0,38
49,16,2,9,1,0,18
58,14,4,9,1,0,38
38,13,4,3,1,0,38
28,9,2,3,1,0,30
40,13,3,7,0,0,38
33,10,4,0,1,0,38
55,14,2,9,1,15024,38
31,10,4,4,0,0,38
57,9,2,2,1,0,34
23,10,4,11,0,0,38
46,16,2,9,1,0,38
41,11,2,11,1,0,38
43,9,2,2,1,0,38
48,10,0,0,0,0,38
28,9,2,3,1,0,38
32,13,2,11,1,0,38
30,10,4,7,0,0,38
50,9,2,3,1,7688,38
41,10,2,2,1,0,21
36,9,2,2,1,7298,38
28,9,2,3,0,0,38
43,3,4,6,0,0,25
40,9,2,11,0,0,38
34,11,2,2,1,0,38
28,9,4,2,1,0,38
26,13,4,9,0,0,38
51,10,2,10,1,0,38
41,11,0,12,0,3325,38
36,12,2,2,1,0,38
45,13,2,3,1,0,38
31,9,2,11,1,0,38
48,9,2,2,1,0,38
65,13,2,3,1,0,38
35,13,2,3,1,0,38
52,9,2,3,1,0,38
57,15,2,11,0,15024,38
53,10,0,0,0,0,38
42,14,4,9,0,0,38
33,10,0,9,0,0,9
54,14,0,9,0,0,38
54,3,3,6,1,0,25
53,13,2,0,0,0,34
27,9,4,5,1,0,38
53,9,2,4,1,5178,38
25,10,0,6,0,0,38
57,9,2,2,1,0,38
56,10,2,3,1,0,38
34,10,2,9,1,0,38
56,10,3,9,1,0,38
44,13,2,3,1,0,38
25,11,2,9,0,7688,38
53,13,2,3,1,0,38
30,13,2,12,1,0,38
29,9,3,10,1,0,38
54,12,2,3,1,0,38
59,9,2,7,1,0,38
24,10,4,6,0,0,38
53,10,2,2,1,7688,38
31,13,0,9,1,0,38
59,13,2,2,1,15024,38
28,9,2,2,1,0,38
35,9,5,0,0,0,38
50,9,2,2,1,0,38
23,9,4,0,0,0,38
24,9,2,3,0,7298,38
45,9,2,2,1,0,38
48,10,0,3,1,0,38
32,10,2,2,1,0,38
52,13,2,3,1,0,38
41,14,2,3,1,0,38
41,9,4,5,1,0,38
22,9,4,0,0,0,38
30,9,2,13,1,0,38
43,13,2,11,1,0,38
32,14,2,9,1,0,38
63,9,2,0,1,0,38
50,13,2,3,1,0,38
49,9,0,6,1,0,38
48,14,2,9,1,0,38
35,10,2,2,1,0,38
38,13,2,11,1,0,38
24,9,4,6,1,0,38
30,9,0,6,1,0,38
38,13,0,11,1,0,38
43,13,2,3,1,0,38
40,10,2,11,0,0,32
46,14,2,3,1,0,38
52,9,0,0,0,0,38
37,9,2,9,0,0,38
38,9,2,10,1,0,38
61,8,4,0,1,0,38
23,10,5,11,0,0,38
48,14,2,9,1,0,38
43,9,2,0,0,0,38
37,9,2,2,1,0,38
55,9,2,2,1,0,38
24,9,4,13,0,0,25
59,10,2,2,1,0,38
23,10,4,3,1,0,38
52,10,2,12,1,0,38
31,12,0,2,1,0,38
55,14,2,9,1,0,38
59,13,2,9,0,0,38
37,12,2,3,1,7688,38
22,9,4,13,1,0,38
54,9,2,2,1,0,38
64,6,2,3,1,0,38
50,11,2,12,1,0,38
49,9,2,13,1,0,38
31,13,4,0,1,0,38
57,10,2,12,1,0,38
40,11,2,3,1,7688,38
25,14,4,9,0,0,38
33,9,2,2,1,0,38
79,15,2,9,1,0,38
49,9,2,10,1,0,38
55,9,2,3,1,0,38
63,14,2,5,1,0,38
47,10,5,7,0,0,38
38,10,0,3,1,0,38
47,12,2,2,1,0,1
51,9,2,9,1,0,38
47,9,2,0,1,0,38
31,9,5,7,0,0,38
24,10,4,7,0,0,38
39,13,2,3,1,0,38
30,13,4,0,1,0,38
57,9,2,13,1,0,38
31,9,4,9,1,0,38
33,9,2,13,1,0,38
52,13,2,3,1,0,38
23,10,4,11,0,0,38
24,9,2,2,1,0,38
31,9,4,10,1,0,38
22,10,4,7,1,3325,38
37,13,2,6,1,0,38
58,3,2,0,1,0,38
36,14,2,0,1,0,23
48,9,0,0,0,0,38
19,9,4,11,0,0,38
33,13,2,9,0,0,38
20,10,4,0,0,0,38
59,14,4,11,0,27828,38
38,13,2,9,1,0,8
43,10,2,0,0,0,38
22,9,4,4,1,0,38
51,12,2,3,1,0,9
30,13,4,3,1,0,38
40,9,2,6,1,0,38
43,10,2,11,1,0,38
47,9,5,7,0,0,38
31,6,2,2,1,0,38
43,11,2,2,1,0,38
55,13,2,3,1,0,38
52,10,0,0,0,0,38
37,13,2,11,1,0,38
42,13,2,9,1,0,38
47,9,2,0,0,0,19
19,9,4,5,1,2597,38
50,9,2,0,1,0,38
44,10,2,3,1,0,38
37,14,2,9,1,0,38
22,9,3,11,1,0,38
51,10,0,9,0,0,38
66,13,2,8,1,10605,38
35,10,0,3,0,0,38
52,10,2,3,1,0,38
25,14,4,9,0,0,38
45,4,0,6,1,0,38
40,13,0,9,1,0,38
32,13,0,3,0,0,38
32,13,2,2,1,0,38
51,9,2,2,1,7298,38
41,9,2,13,1,0,38
46,9,2,5,1,7298,38
38,9,2,0,1,0,38
36,14,2,3,1,0,38
46,14,2,3,1,0,23
23,9,2,11,1,0,38
60,9,2,6,1,7688,38
25,13,2,9,1,0,38
53,13,2,7,1,7688,38
27,9,5,6,0,0,38
24,13,4,3,1,0,38
23,13,4,9,0,0,38
69,9,2,3,1,0,38
40,10,2,9,1,0,38
46,10,2,12,1,0,38
58,10,2,11,0,0,38
19,10,4,11,0,0,38
62,9,2,6,1,0,38
46,9,3,6,0,0,3
36,9,4,9,0,0,38
38,13,2,9,0,15024,38
42,10,2,13,0,14344,38
50,13,2,3,1,0,38
44,13,2,9,1,0,38
51,2,5,0,0,0,25
65,14,2,10,1,20051,38
39,14,2,9,0,7688,38
19,10,4,11,1,0,38
51,9,2,10,1,0,38
51,6,2,2,1,0,38
56,9,0,0,0,0,38
33,12,2,9,1,0,24
35,13,2,3,1,7688,38
29,6,3,0,0,0,25
52,10,2,9,1,0,38
34,13,2,10,1,0,38
30,13,2,11,1,0,18
48,14,2,11,1,0,38
35,10,0,12,0,0,38
59,9,0,3,0,0,38
56,9,2,3,1,0,38
22,11,4,3,1,0,38
20,7,2,11,0,0,38
35,9,4,10,1,0,38
49,13,2,3,1,0,38
25,13,4,9,1,0,38
46,9,0,13,1,0,38
69,10,2,3,1,20051,38
38,16,2,9,0,7688,38
43,10,0,0,0,0,38
41,11,0,4,1,0,38
39,9,4,6,0,0,38
42,13,2,9,0,0,38
38,12,4,9,1,0,38
35,10,4,3,0,0,38
30,10,0,9,0,6849,8
21,11,4,6,1,0,38
47,12,2,0,0,0,38
62,9,2,13,1,0,38
55,13,2,3,1,0,38
44,10,2,11,1,7688,11
33,9,2,3,1,0,38
45,9,4,2,1,10520,38
34,13,4,11,1,27828,38
25,10,4,0,1,0,38
39,13,2,9,1,7298,38
43,13,2,9,1,15024,38
45,13,4,9,1,0,38
41,14,2,3,1,0,38
24,7,4,2,1,0,38
58,10,2,12,1,0,38
23,3,2,5,1,0,25
44,10,2,3,1,0,38
42,13,2,0,0,0,38
52,11,2,2,1,0,38
34,9,2,11,1,0,38
51,5,5,7,0,0,38
45,10,2,1,1,4386,38
39,9,2,6,1,0,38
34,10,2,3,1,7298,38
33,13,4,0,0,0,38
56,9,2,3,1,0,38
57,15,2,9,1,0,38
39,10,0,0,0,0,38
32,13,2,9,1,0,38
46,12,2,0,1,0,18
43,10,2,3,1,0,38
35,9,0,7,0,0,38
23,4,4,0,0,0,25
24,8,2,3,0,15024,38
32,13,4,9,0,0,38
22,5,4,0,0,0,38
42,9,2,7,0,0,38
34,7,2,6,1,0,38
37,10,2,12,0,7298,38
54,7,2,7,0,0,38
55,10,0,9,0,0,38
31,11,2,9,0,0,38
25,4,4,11,1,0,12
26,13,4,3,0,0,38
49,14,2,3,1,0,38
45,10,2,2,1,0,38
49,9,2,10,1,0,38
34,13,2,12,1,0,38
63,10,0,3,0,0,38
54,13,2,3,1,7688,38
22,8,4,13,1,0,38
26,13,2,3,1,0,38
48,16,0,9,1,0,38
34,9,2,6,1,0,38
34,9,1,7,0,0,38
64,10,6,0,0,0,4
58,9,2,3,1,0,38
67,10,2,10,1,0,38
23,10,5,3,1,0,38
46,13,4,11,1,0,38
27,7,2,5,1,3942,38
51,10,6,0,0,0,38
37,12,2,6,1,0,38
50,9,2,3,1,7298,38
43,14,2,3,1,0,38
37,15,2,9,0,0,38
77,9,2,3,1,0,38
32,9,4,6,1,0,38
47,14,4,9,1,0,38
33,9,2,2,1,0,38
63,16,2,3,1,0,38
49,9,2,6,0,0,38
50,9,2,6,1,3137,38
50,13,2,11,1,0,38
47,12,2,0,0,0,21
43,13,2,11,1,0,38
39,9,4,6,1,0,38
56,10,2,2,1,0,38
37,9,4,6,1,0,38
53,9,2,6,1,0,38
22,9,4,0,0,0,38
54,11,2,3,1,0,38
41,10,2,3,1,0,38
29,11,0,0,1,0,38
35,12,2,3,0,0,33
38,12,2,2,0,0,38
44,12,0,0,0,0,38
40,10,0,7,1,4787,38
46,13,2,9,0,0,38
38,13,2,3,1,15024,38
52,12,2,7,1,7298,38
47,9,4,4,0,0,38
29,9,2,6,0,0,38
38,13,4,11,0,0,38
33,9,4,6,0,0,38
27,13,2,11,1,0,38
64,9,2,5,1,0,38
61,9,2,1,0,15024,38
53,14,0,9,0,0,38
34,13,2,3,1,0,38
52,13,2,9,1,0,38
24,9,2,6,1,0,38
40,9,2,3,1,0,38
36,13,4,2,1,0,38
30,10,0,3,1,8614,38
59,10,2,2,1,15024,38
61,13,2,11,1,0,38
20,10,4,9,1,0,38
23,13,4,3,0,0,38
39,12,2,4,1,3103,22
29,9,0,11,1,0,38
34,10,2,3,1,0,38
64,9,2,5,1,3471,38
42,9,2,11,1,0,38
42,14,0,9,1,4650,38
27,5,5,0,0,0,38
49,13,2,3,1,15024,38
36,9,2,2,1,0,38
48,9,2,2,1,0,38
33,7,4,0,0,0,38
45,10,2,0,0,0,38
50,10,4,0,1,0,38
55,14,2,3,1,0,38
47,9,2,3,0,0,38
37,9,2,2,1,3103,38
28,12,2,9,1,0,38
40,10,2,2,1,0,38
48,7,2,13,1,0,38
39,14,2,3,1,0,38
50,13,2,4,1,0,38
42,10,2,10,1,0,38
57,13,0,6,1,0,38
37,10,4,0,0,0,38
36,10,2,6,1,0,38
30,10,2,11,1,0,38
31,13,2,9,1,0,38
56,10,2,2,1,0,38
38,13,2,11,1,0,38
51,9,2,2,1,0,38
32,10,4,2,1,8614,38
43,13,2,9,1,7298,38
20,5,4,8,1,0,25
46,10,2,9,1,0,38
41,12,4,0,0,0,38
23,13,4,9,0,0,38
23,6,4,0,0,0,38
58,16,4,3,0,0,38
22,10,4,13,1,0,38
61,14,2,9,0,99999,38
51,13,2,3,1,15024,38
63,9,2,3,1,0,38
25,9,4,11,1,0,38
53,10,0,11,1,8614,4
27,9,4,11,1,0,38
39,9,2,13,1,0,38
79,13,2,11,1,0,38
47,13,0,10,1,0,38
50,9,2,3,1,0,38
29,6,4,2,1,0,25
60,4,2,5,1,0,38
55,9,2,3,1,0,38
63,9,6,0,0,0,38
53,9,2,2,1,0,38
39,9,2,4,0,0,38
33,15,4,9,0,0,38
47,13,2,9,1,0,34
45,10,5,11,1,0,38
47,13,2,2,1,0,38
57,9,2,11,1,0,38
63,11,2,3,1,0,38
39,9,6,6,0,0,38
38,13,2,2,1,0,38
34,10,2,3,0,0,38
45,12,4,0,0,0,38
59,14,2,3,1,0,38
34,10,2,2,1,0,38
41,9,2,3,1,0,38
46,13,2,11,1,0,38
33,9,4,2,1,0,38
23,13,4,9,1,0,38
32,11,0,3,0,0,38
33,9,2,2,1,0,38
28,4,2,5,1,0,25
40,10,2,2,1,0,38
31,11,2,2,1,0,38
21,7,2,6,1,0,38
32,13,2,11,1,0,38
20,10,4,7,0,0,38
36,9,4,7,1,0,38
78,13,2,3,1,9386,38
18,10,4,0,1,0,38
34,10,2,2,1,0,29
43,14,2,9,1,0,38
36,10,0,2,0,0,4
21,10,4,10,0,99999,38
50,9,2,4,1,3103,38
54,10,2,3,1,0,38
38,10,4,9,1,0,38
50,9,2,3,1,0,38
30,9,4,0,1,0,38
51,9,0,2,1,0,38
36,13,4,9,0,0,38
36,9,2,2,1,0,38
45,13,4,10,0,0,38
43,10,4,3,1,0,38
32,11,2,12,1,0,38
25,12,2,0,0,0,18
19,9,4,11,0,0,38
44,14,2,9,1,0,38
33,9,4,2,1,0,38
42,10,2,2,1,0,38
53,14,2,3,0,0,38
22,9,4,5,1,0,38
45,9,2,2,1,0,38
42,12,2,3,0,7298,38
30,9,4,7,0,0,38
50,10,2,2,1,0,38
22,9,4,0,0,0,38
30,9,4,12,0,0,38
38,12,2,11,1,0,38
45,14,2,3,1,0,38
39,13,2,3,1,15024,38
43,9,2,2,1,7688,38
46,13,2,3,1,0,38
41,9,2,6,1,0,38
33,9,4,7,1,0,38
39,13,5,9,0,0,29
30,14,0,9,1,14084,38
52,14,2,9,1,0,38
53,4,2,3,1,0,38
30,10,4,6,0,0,38
49,10,2,3,1,15024,38
45,10,2,9,0,0,38
47,9,2,7,1,0,38
46,15,5,9,1,0,38
35,10,4,0,0,0,38
38,13,2,9,1,7688,38
26,13,2,9,1,0,38
33,9,2,2,1,0,38
28,10,2,0,0,0,38
36,9,4,13,1,0,38
24,12,4,11,1,0,38
68,13,2,9,1,20051,38
54,9,0,11,0,0,38
29,9,2,2,1,0,38
47,9,2,2,1,0,38
61,9,2,0,1,0,38
47,9,2,2,1,0,38
55,13,6,0,0,0,38
28,10,3,7,0,0,38
42,10,6,11,0,0,38
47,14,2,9,1,0,38
33,11,5,2,1,0,38
62,9,2,3,1,0,38
40,11,0,12,1,3325,38
43,9,2,2,1,0,38
54,15,2,9,1,15024,38
30,11,0,0,0,0,38
33,9,2,2,1,0,38
48,14,2,3,1,15024,38
32,9,4,6,1,0,38
39,10,2,3,0,0,32
41,12,2,0,0,7688,38
62,10,2,3,1,0,38
51,11,2,3,1,0,38
56,10,2,3,0,7688,38
57,14,2,3,1,0,38
40,7,4,13,1,0,38
55,10,2,2,1,15024,38
42,10,2,6,1,0,38
55,13,2,3,1,0,38
31,9,2,12,1,0,38
45,9,2,6,1,0,38
46,7,2,7,1,7688,38
29,9,4,7,0,0,23
49,13,2,11,1,0,36
43,10,2,6,1,0,38
39,11,2,2,1,0,38
29,11,4,2,0,14344,38
30,13,4,3,0,0,38
32,8,2,2,1,0,38
37,12,2,12,1,0,38
59,9,2,2,1,0,38
59,9,0,5,1,0,38
45,3,2,6,1,0,38
20,10,4,0,1,0,38
47,16,2,2,1,0,38
34,10,2,6,1,0,38
44,14,2,3,1,0,38
56,14,2,9,0,0,38
54,9,2,7,0,0,38
40,10,2,0,0,0,38
36,15,2,9,1,0,38
52,13,0,9,0,0,38
38,9,2,9,1,0,38
46,4,3,13,1,0,38
37,9,4,2,1,0,38
44,6,2,13,1,0,38
37,14,2,3,1,0,38
37,9,2,6,1,0,38
25,9,4,7,0,0,38
45,13,2,3,1,0,38
20,9,4,6,0,0,38
46,13,2,3,1,0,38
36,10,0,12,0,0,38
30,11,0,10,0,0,38
39,10,2,11,1,3103,38
27,9,2,9,1,0,38
50,9,2,6,1,0,38
34,15,2,9,1,0,38
66,10,2,6,1,0,21
57,9,2,11,1,7688,38
49,10,2,0,0,0,38
49,13,2,10,1,15024,38
42,12,1,9,0,8614,38
34,13,2,9,1,0,38
26,10,2,10,1,0,38
35,12,6,3,0,0,38
38,10,2,3,0,0,38
53,9,2,13,1,0,38
60,9,4,3,1,0,38
39,16,0,9,0,0,38
36,9,0,0,0,0,38
64,13,2,3,1,0,38
47,13,2,3,1,0,38
37,13,0,9,0,0,38
43,14,2,9,1,0,38
39,14,0,9,0,0,38
36,9,2,2,1,0,38
50,7,2,0,0,0,38
37,4,2,5,0,0,1
40,9,2,5,1,0,38
45,10,2,2,1,0,38
42,9,0,7,1,0,38
39,9,0,9,0,0,38
38,13,2,3,1,0,38
39,11,0,3,0,0,38
76,3,6,0,0,0,38
33,13,2,9,1,0,38
40,11,2,2,1,0,38
39,13,2,3,1,15024,38
56,9,0,3,0,0,38
36,14,2,9,1,0,38
38,10,2,2,1,0,38
44,10,0,3,0,0,38
50,10,2,6,1,0,38
45,13,2,9,1,0,38
55,15,2,3,1,15024,38
35,10,2,10,1,0,38
47,9,2,3,1,0,38
36,12,2,9,1,0,38
69,13,2,8,0,0,19
35,5,2,2,1,0,38
29,13,4,11,1,0,38
38,12,0,2,0,0,38
28,9,4,0,0,0,38
54,10,4,7,0,0,38
36,11,2,11,1,0,38
27,13,4,7,0,0,38
50,14,2,3,1,0,38
24,9,2,10,1,0,38
24,11,2,2,1,0,38
47,11,2,6,1,0,38
44,13,0,3,1,0,38
51,13,2,9,1,0,38
21,9,4,0,1,0,38
57,9,2,3,1,0,38
36,9,2,3,1,5178,38
37,9,0,3,1,0,38
42,13,0,9,0,0,38
30,8,2,0,0,0,38
53,13,2,9,0,0,38
37,11,2,2,1,7688,38
26,13,4,0,0,0,38
52,12,2,10,1,0,38
57,13,2,9,1,0,38
41,8,5,2,1,0,38
53,10,2,11,1,0,38
58,13,2,9,1,0,38
39,15,2,9,1,0,38
35,9,2,5,1,0,38
52,6,2,2,1,5013,38
50,9,2,3,1,0,38
42,13,2,9,1,7298,38
54,10,2,11,1,0,38
27,9,1,2,1,0,38
49,14,0,3,0,0,38
32,14,4,9,0,4865,38
55,13,2,3,1,0,38
35,5,2,5,1,0,38
65,11,2,10,1,15353,38
54,9,2,11,1,0,38
46,13,2,9,1,15024,38
40,9,4,2,1,0,38
27,13,4,9,0,0,38
36,10,2,3,1,0,38
54,5,4,13,1,0,38
32,13,2,11,1,0,38
30,7,2,11,1,0,38
58,12,2,2,0,3103,38
31,9,2,6,0,0,38
46,13,2,11,1,0,38
38,13,2,12,1,0,38
40,9,2,3,1,0,38
54,12,2,2,0,14344,38
53,1,2,7,1,0,25
44,12,2,2,1,0,38
41,10,1,2,1,0,38
67,10,0,0,1,7978,38
44,14,2,2,1,15024,38
33,7,4,0,0,0,38
57,14,2,11,1,15024,38
55,14,2,3,1,0,38
56,10,2,3,1,0,38
23,9,4,0,1,0,38
56,5,6,6,0,0,38
37,12,2,0,1,7298,38
19,9,4,0,1,0,38
38,10,4,0,0,0,38
20,8,4,2,1,0,38
23,9,4,11,1,0,38
34,10,2,3,1,0,38
29,6,4,7,0,0,38
33,14,2,9,1,0,38
35,14,4,9,0,0,35
37,9,2,2,1,0,38
74,13,4,9,1,0,38
23,13,4,9,0,0,38
51,14,2,9,0,99999,38
36,13,4,7,0,0,38
33,9,4,7,0,1831,38
40,9,2,0,0,0,38
21,8,2,2,1,0,38
36,9,2,3,1,0,38
33,10,0,3,0,0,38
55,9,2,7,1,0,38
21,10,4,3,1,0,25
38,14,2,3,1,0,38
38,9,2,13,1,0,38
43,10,2,2,1,0,38
20,6,3,5,1,0,38
49,11,0,3,0,0,38
61,10,2,11,1,0,38
64,9,0,0,0,0,38
29,14,4,3,1,0,38
74,9,2,11,1,0,38
90,6,2,3,1,0,38
60,13,2,6,1,15024,14
31,11,2,3,1,7298,38
28,13,4,9,0,8614,38
32,4,2,6,1,0,38
19,9,4,6,1,0,38
38,9,4,7,0,114,38
33,10,2,12,0,4064,38
48,14,2,3,1,0,38
41,11,2,11,1,0,38
38,13,2,11,1,0,38
43,13,2,11,1,0,38
64,15,2,9,1,0,2
38,13,2,10,1,7298,38
40,14,2,9,0,0,2
22,9,4,5,1,0,38
30,10,4,6,0,0,38
42,10,2,12,0,0,38
27,13,2,11,1,0,38
76,13,2,3,1,0,38
53,10,0,2,1,0,38
25,10,4,7,1,0,38
38,10,0,0,1,0,38
22,10,4,2,1,0,38
24,9,4,2,1,0,38
40,12,2,3,1,0,38
25,9,4,0,0,0,38
33,6,0,6,0,0,38
26,9,4,0,0,0,38
45,13,2,9,1,0,38
48,10,0,7,0,0,38
38,13,2,11,1,0,38
28,9,2,3,0,0,38
32,13,2,2,1,0,38
51,14,2,11,1,0,38
55,9,2,5,1,0,38
21,10,4,0,1,0,38
23,9,4,6,1,0,38
41,10,2,2,1,0,38
42,9,2,3,1,0,38
28,11,2,7,1,0,38
44,13,2,3,1,0,38
41,9,2,2,1,0,38
24,10,4,9,0,0,38
35,10,1,10,1,0,10
42,4,3,7,0,0,32
46,16,4,9,0,0,38
37,13,2,11,0,0,38
26,9,4,5,0,0,38
42,15,2,9,1,0,38
32,13,2,9,1,0,38
38,11,2,6,1,0,38
36,13,2,2,1,7688,38
38,13,2,3,0,7688,38
24,10,4,3,1,0,38
41,13,2,9,0,0,13
41,14,2,9,0,0,34
21,11,4,0,0,0,38
26,10,2,2,1,0,38
34,13,3,0,0,0,38
49,13,0,3,0,0,38
36,7,4,2,1,0,38
46,13,2,12,1,0,38
33,14,2,9,1,0,38
24,10,4,13,1,0,38
32,7,4,7,0,0,22
40,10,5,11,0,0,38
37,13,2,12,1,0,38
22,10,4,11,1,0,38
25,13,4,11,1,0,38
59,6,4,2,0,0,38
36,13,2,3,1,0,38
61,13,0,0,1,0,38
21,9,4,0,0,0,38
22,9,0,2,1,0,38
53,10,5,0,1,0,4
60,13,0,3,0,0,38
50,4,2,4,1,0,38
46,11,2,2,1,0,38
33,11,4,11,1,0,29
29,13,2,9,1,5013,10
23,4,0,0,1,0,38
90,2,6,0,0,0,38
27,13,4,12,1,0,38
45,13,2,3,1,0,38
29,11,0,3,0,0,38
61,9,4,0,0,0,38
22,4,2,6,1,0,25
37,9,2,0,0,0,38
30,14,4,12,1,0,26
40,16,2,9,1,0,38
39,10,2,10,1,7298,38
28,9,4,6,0,0,38
28,10,4,7,0,0,38
39,15,2,9,1,0,38
24,13,4,0,1,0,38
30,10,5,0,0,0,38
33,14,2,9,1,0,38
22,11,4,2,1,0,38
28,10,2,5,1,0,38
26,4,4,5,1,0,12
43,13,0,11,1,0,38
42,9,0,0,0,0,38
41,10,5,13,1,0,38
43,14,2,9,0,0,38
47,13,2,9,1,15024,38
40,5,2,2,1,0,38
54,9,2,11,1,0,38
35,13,0,3,0,0,38
43,9,4,6,1,0,38
23,9,4,7,1,0,38
40,9,2,3,1,0,38
41,9,2,3,1,7688,38
45,10,2,9,0,0,38
51,10,0,3,0,0,38
32,9,2,5,1,0,38
78,3,2,13,1,0,38
19,9,4,5,0,0,38
51,9,2,11,1,7688,38
40,13,2,3,1,0,23
44,13,2,3,1,7298,38
37,13,2,2,1,0,38
54,13,2,3,1,0,38
36,9,2,6,1,0,38
47,9,6,0,0,2174,8
20,10,4,7,1,0,38
26,10,4,2,0,0,38
28,13,4,3,0,0,38
39,13,2,9,1,0,38
40,6,4,7,0,0,38
35,9,2,2,1,0,1
46,14,2,9,1,15024,38
24,9,2,3,0,7298,38
38,13,2,2,1,0,38
37,10,2,11,1,0,38
45,9,2,3,1,0,38
36,10,4,2,0,0,38
46,13,2,3,1,0,38
49,9,2,5,1,0,38
42,9,2,11,1,0,38
43,13,2,9,0,0,38
69,3,0,0,1,0,38
51,14,2,9,0,0,38
47,9,0,0,0,0,38
44,13,3,11,1,0,38
37,9,2,9,1,0,38
40,5,2,5,1,0,38
32,13,2,3,1,0,2
32,10,4,2,1,0,38
53,9,2,6,1,0,8
24,10,5,11,0,0,38
43,9,2,2,1,0,38
46,9,2,3,0,15024,38
30,10,2,6,1,0,38
26,10,0,9,0,0,38
52,9,2,13,1,0,38
44,14,2,3,1,15024,38
21,10,4,3,0,0,38
19,8,4,0,1,0,38
26,13,4,3,0,0,38
29,9,2,2,1,0,38
77,10,2,11,1,0,38
37,9,4,2,1,0,38
36,13,2,9,1,0,38
70,14,2,9,1,0,38
23,10,5,2,1,0,38
29,10,5,12,0,0,38
41,10,2,13,1,0,38
21,9,4,0,0,0,38
56,10,2,3,1,0,38
66,9,6,2,0,0,38
42,9,2,2,1,0,38
45,14,2,9,0,0,38
39,9,2,6,1,0,38
25,13,4,9,1,0,21
29,13,4,0,1,0,38
42,9,2,5,1,0,38
32,13,4,0,0,0,38
49,9,2,2,1,7298,38
36,9,4,7,0,0,38
24,10,4,0,0,0,38
38,13,2,9,1,7298,38
43,13,0,11,1,0,38
46,14,2,9,1,15024,38
54,13,6,11,0,0,38
32,10,0,9,1,0,38
21,10,4,7,0,0,38
39,12,4,9,1,0,38
49,10,2,0,0,0,38
39,7,2,7,1,2635,38
19,9,4,7,1,0,38
32,9,2,11,0,0,38
69,9,2,3,1,0,38
40,9,0,6,1,0,38
52,13,2,3,1,0,38
51,14,2,11,1,0,38
35,8,5,6,0,0,38
49,9,2,0,1,0,38
39,3,2,7,1,0,25
37,10,2,12,1,0,38
40,13,2,11,1,0,38
48,13,2,9,1,0,38
25,13,4,9,0,0,38
36,9,2,2,1,3103,38
39,13,2,3,1,0,38
45,10,0,1,1,14344,38
28,9,2,11,1,0,38
47,10,2,5,1,0,38
25,12,2,9,0,0,38
24,9,4,11,1,0,38
37,11,2,2,1,0,38
27,9,1,2,1,0,38
31,10,2,6,1,0,25
45,13,2,9,1,0,38
28,13,4,9,0,2174,38
43,9,2,3,1,0,38
44,9,2,13,1,0,38
46,9,5,0,0,0,38
35,7,4,6,1,0,38
34,10,2,2,1,0,38
53,10,5,2,1,0,38
47,9,2,2,1,0,38
53,9,2,0,0,7688,38
30,13,4,11,1,0,38
64,13,2,3,1,0,38
35,9,4,11,0,0,38
54,10,2,4,1,0,38
38,13,2,3,1,0,38
55,9,0,2,1,0,38
41,10,2,3,1,0,38
48,4,2,2,1,0,38
52,9,2,0,1,0,38
34,9,4,6,1,0,38
57,6,2,2,1,0,38
59,13,2,2,1,15024,38
25,10,2,0,1,0,38
22,9,4,7,0,0,38
31,10,3,7,1,0,38
50,14,0,9,0,0,38
47,9,2,3,0,0,38
35,9,2,2,1,5178,38
37,9,2,9,1,0,38
45,13,2,12,1,0,38
35,13,2,11,1,0,38
35,7,2,2,1,0,38
57,12,4,2,0,8614,38
28,9,2,3,0,0,38
53,7,0,13,1,0,1
35,9,2,2,1,0,38
30,13,2,2,1,0,38
37,13,0,2,1,0,38
39,13,4,0,1,0,38
30,6,2,7,1,0,38
42,13,2,11,1,0,38
27,10,2,3,0,0,38
39,10,4,2,1,0,38
33,9,2,2,1,0,4
47,9,2,11,1,0,38
23,13,4,9,0,0,38
21,9,2,2,1,0,38
20,10,4,5,1,0,38
41,13,2,3,1,0,38
24,13,4,3,0,0,38
62,13,0,9,1,14084,38
52,10,2,8,1,4386,38
25,12,2,5,1,0,22
36,9,0,0,0,0,38
21,9,4,2,1,0,38
37,9,2,2,1,0,38
25,13,4,12,1,0,38
45,13,2,2,1,0,38
58,3,2,6,1,0,21
90,14,4,3,0,0,38
41,9,2,2,1,0,38
40,10,2,11,1,0,38
43,9,4,7,0,0,38
37,13,2,3,1,7298,38
50,9,4,7,0,0,38
28,13,2,9,1,0,38
31,5,4,7,1,0,38
49,9,2,6,1,0,38
44,13,2,2,1,7298,38
42,9,2,2,1,0,38
55,10,0,0,0,0,38
45,7,6,0,0,0,38
34,9,2,2,1,0,38
41,13,2,12,1,0,38
38,9,2,2,1,0,38
25,10,4,3,1,0,2
42,13,0,0,0,0,38
20,9,4,7,1,0,38
54,14,2,9,1,0,38
26,10,2,11,1,0,38
29,11,2,2,1,0,38
34,10,4,2,1,0,38
39,13,2,2,1,0,38
45,10,2,0,0,0,38
49,9,2,9,1,0,38
40,12,0,9,0,0,38
40,5,4,13,1,0,38
41,13,4,9,0,0,38
21,10,4,0,0,0,38
33,10,2,13,1,0,38
51,13,2,9,1,7688,38
38,9,2,0,1,3464,38
43,13,2,10,0,0,29
34,13,2,3,1,0,38
45,9,6,2,0,0,38
47,13,2,3,1,0,38
57,9,2,0,0,0,38
42,11,0,9,0,0,38
51,5,2,13,1,0,38
44,7,0,11,0,0,38
32,9,4,2,1,0,38
32,8,2,5,1,0,38
53,14,2,3,1,0,38
38,13,5,9,1,0,38
55,16,2,9,1,0,18
34,10,4,3,0,0,38
34,10,2,9,1,0,38
51,13,2,3,1,0,38
64,10,6,12,0,0,38
38,13,2,10,1,0,38
44,9,2,2,1,0,38
28,13,2,9,1,0,38
59,10,2,11,1,4064,38
44,9,2,2,1,0,38
39,9,2,6,1,0,38
30,9,2,0,1,0,38
50,13,2,9,1,0,38
46,14,2,9,1,0,38
28,13,2,9,1,0,38
34,12,0,11,1,0,38
36,10,2,2,0,7298,38
46,9,2,0,0,0,10
26,13,0,3,1,0,38
51,7,2,2,1,0,38
24,11,4,11,1,0,34
30,13,2,7,0,0,38
60,9,2,3,1,0,38
44,13,4,0,0,0,38
26,10,4,3,0,0,38
63,10,2,9,1,0,38
24,13,4,11,1,0,38
35,14,4,9,0,0,38
51,9,2,0,0,3411,38
24,9,4,3,1,0,38
31,9,4,0,0,0,38
29,10,2,2,1,0,38
34,13,2,9,1,0,38
45,10,4,4,1,0,38
36,7,2,6,1,0,38
29,9,2,2,1,0,38
43,15,2,5,0,15024,26
55,10,3,0,0,0,38
42,10,0,11,0,0,38
27,13,4,3,0,0,38
37,8,2,4,1,3103,38
36,9,2,10,0,7298,38
41,13,0,3,1,0,38
36,12,2,11,1,0,38
35,11,0,0,0,6849,38
29,9,2,9,1,0,38
30,10,4,2,1,0,38
42,13,2,3,1,0,38
33,10,2,10,1,0,38
50,14,2,9,1,7688,38
44,9,2,0,0,8614,38
37,9,0,2,1,0,38
46,9,2,3,1,0,38
63,6,5,6,1,0,38
30,13,2,9,1,0,38
34,6,5,7,0,0,38
24,9,4,6,0,0,38
55,13,5,2,1,0,38
25,13,4,0,0,0,38
30,9,2,2,1,0,38
32,3,3,2,1,0,7
40,7,4,7,1,0,38
26,9,4,6,1,0,38
46,9,0,2,1,0,38
33,9,2,11,1,0,38
54,9,6,6,1,914,38
45,10,2,2,1,15024,38
45,9,2,11,1,0,36
62,14,2,0,1,0,21
42,10,2,12,1,7688,38
44,9,2,11,1,0,38
42,15,2,3,1,0,38
39,8,2,12,1,0,38
29,11,4,12,1,0,38
58,9,2,3,1,7688,38
26,9,5,0,0,0,38
32,12,2,3,0,0,38
27,9,2,0,0,0,38
46,9,2,7,1,0,38
34,15,2,9,1,0,38
31,9,2,9,1,15024,38
40,4,2,6,1,0,25
32,14,2,9,1,15024,38
29,9,2,2,1,0,38
30,13,4,11,1,0,38
24,9,2,13,1,0,38
38,13,4,9,1,0,38
22,10,4,0,1,0,38
46,13,0,9,0,0,38
62,16,2,3,1,0,38
39,10,0,4,0,0,38
40,13,2,9,1,7688,38
36,5,0,0,0,0,25
33,10,4,9,1,0,38
47,14,2,9,1,15024,38
46,13,2,10,1,0,38
18,10,4,11,0,0,38
34,9,0,11,1,0,38
28,3,4,2,1,0,3
31,13,4,11,0,0,38
43,10,2,4,1,0,38
24,13,3,9,0,0,38
35,10,0,11,1,0,38
73,13,2,11,1,0,38
43,13,2,11,1,0,38
45,9,2,2,1,7688,38
30,9,4,6,0,0,32
62,14,2,9,0,0,38
47,9,0,11,0,0,38
19,10,4,0,1,0,38
45,10,4,2,1,10520,38
40,13,2,0,1,0,38
36,13,4,9,0,0,38
43,14,2,3,1,0,38
34,13,4,11,1,0,38
45,11,2,2,1,15024,38
31,9,2,2,1,0,38
35,13,2,11,1,0,38
19,10,4,0,0,0,38
39,11,2,2,1,0,38
49,10,2,3,1,0,38
32,13,2,9,0,0,38
46,9,0,0,0,0,38
38,10,0,2,1,0,38
46,9,2,0,1,0,38
57,15,2,9,1,0,38
23,7,4,0,1,0,38
60,11,2,2,0,7688,38
52,13,2,9,1,0,38
50,9,0,0,0,0,38
49,9,2,10,1,0,38
57,9,2,13,1,0,38
34,10,2,9,1,4386,38
40,12,0,0,1,0,38
51,9,2,4,1,0,38
24,7,4,4,1,2463,38
36,10,2,2,1,7298,38
39,13,2,1,0,0,29
43,13,0,11,1,0,38
32,13,4,13,1,0,38
46,9,2,3,1,0,38
38,9,0,0,0,0,38
48,10,2,0,0,0,38
35,10,2,2,1,0,38
49,10,0,6,0,0,38
49,4,4,7,1,0,38
28,13,4,7,0,0,38
40,9,2,3,1,0,38
35,14,4,9,1,0,38
41,9,4,11,0,0,38
42,9,2,2,1,0,38
44,9,2,13,1,0,38
45,16,2,9,1,15024,38
59,10,2,3,1,0,38
36,9,2,13,1,0,38
50,13,2,3,1,0,38
54,13,2,9,1,0,38
21,9,4,3,0,0,38
23,13,4,12,0,0,38
30,13,2,3,1,0,38
36,15,4,9,1,0,38
18,5,4,5,1,594,38
33,15,0,9,1,14084,38
40,9,2,3,1,0,38
53,13,2,3,1,0,38
34,9,2,2,1,0,38
37,12,2,6,1,0,38
41,13,2,12,1,0,38
42,7,0,11,1,1506,25
58,13,2,3,1,0,38
54,9,2,6,1,0,38
42,14,2,9,1,0,38
24,9,4,13,0,0,38
55,14,2,3,1,0,38
45,9,2,5,1,0,38
47,9,2,7,1,0,38
65,9,6,0,0,0,38
47,9,2,11,1,0,38
37,12,2,2,1,15024,38
36,10,2,10,1,0,38
19,10,4,11,0,0,38
32,14,2,11,0,0,38
56,9,2,3,0,0,38
47,13,0,3,0,0,38
32,4,2,2,1,0,38
35,10,4,11,0,0,38
33,13,2,6,1,0,6
47,9,2,3,1,0,38
28,9,4,0,1,0,38
17,7,4,2,1,0,38
41,9,2,2,1,0,38
46,9,2,13,1,0,38
46,14,4,9,0,0,38
42,10,2,11,1,0,38
54,9,2,2,1,0,38
50,14,2,9,0,15024,38
51,10,0,11,0,0,38
59,7,2,2,0,7688,36
67,9,5,3,1,0,38
36,9,2,2,1,0,38
49,14,2,3,1,0,38
49,16,2,9,1,0,38
49,13,2,3,1,0,38
34,13,3,10,1,10520,38
31,13,2,11,1,0,38
48,9,0,6,0,0,6
25,13,2,9,1,0,38
46,10,4,3,0,0,38
37,11,2,2,1,0,38
44,12,2,2,1,3103,38
58,9,2,2,1,0,38
23,13,2,9,0,0,38
44,14,2,4,1,0,38
31,12,4,0,1,2202,38
55,9,6,0,0,0,38
39,13,4,3,1,0,38
45,9,0,0,0,0,38
40,13,2,9,1,0,38
54,10,0,0,0,0,38
34,9,4,5,0,7443,38
51,14,4,9,1,0,38
31,13,4,9,0,0,10
61,15,2,9,1,0,8
41,14,2,9,1,0,38
30,11,4,9,0,0,38
39,11,2,2,1,0,38
60,9,6,7,0,0,38
53,15,2,9,0,0,38
32,9,2,2,1,0,38
38,13,2,3,0,0,38
58,6,2,13,1,0,38
32,9,2,11,1,0,16
49,9,2,9,0,99999,38
39,13,4,11,1,0,38
26,9,4,11,0,0,38
26,9,2,2,1,0,38
25,6,4,0,1,0,38
45,9,2,2,1,0,25
21,9,4,2,1,0,38
42,10,2,0,0,0,38
45,14,2,9,1,0,38
22,10,4,11,1,0,38
27,9,2,11,1,0,38
39,13,2,9,1,7688,38
31,9,0,10,1,0,38
25,13,2,3,0,0,38
28,10,0,2,1,0,38
33,13,2,9,1,0,38
57,10,2,11,1,0,38
38,9,2,6,0,0,38
36,10,5,0,1,0,38
47,13,2,3,1,0,38
30,13,4,9,1,0,38
50,10,2,3,1,0,38
57,9,2,2,1,0,38
37,9,2,6,1,3464,38
26,10,2,3,1,7688,38
39,13,4,9,1,0,38
41,9,2,3,1,0,38
62,9,2,0,1,0,38
44,13,2,3,1,0,38
26,10,4,6,1,0,29
57,14,2,11,1,99999,38
59,10,2,3,1,0,38
30,12,4,10,1,0,38
26,4,4,6,1,0,38
35,13,2,11,1,0,38
32,13,0,2,1,0,19
42,16,4,9,0,0,38
64,9,6,0,0,0,38
60,4,2,4,1,0,38
26,9,4,13,1,0,38
51,13,2,11,1,0,38
54,10,4,9,0,0,25
34,9,2,2,1,7688,38
21,10,4,9,1,0,38
36,10,2,6,1,0,38
33,14,2,9,1,0,38
31,11,2,2,1,4386,25
49,10,2,3,1,0,38
58,10,2,3,1,15024,38
36,10,2,0,1,0,38
42,9,6,11,1,0,38
47,9,5,2,1,0,38
30,10,4,7,0,0,38
40,14,2,3,1,15024,38
29,13,4,9,0,0,38
28,9,2,3,1,0,38
28,9,2,2,1,0,38
28,11,2,11,1,0,38
37,10,2,7,0,0,38
50,9,2,4,1,0,38
28,9,4,7,1,0,32
38,10,0,0,0,0,38
42,10,2,2,1,5178,38
26,13,2,11,1,0,18
18,10,4,5,0,0,38
59,13,2,9,1,0,38
64,13,2,3,1,15024,38
51,9,2,2,1,0,38
42,13,2,3,1,0,38
50,10,2,2,1,0,38
26,13,3,2,1,0,38
49,13,2,0,1,0,38
60,9,2,7,1,0,38
38,13,2,9,1,0,38
46,10,2,3,1,0,38
52,10,2,11,1,15024,38
34,14,2,5,1,0,38
43,13,2,3,1,15024,38
52,14,2,9,1,0,38
59,10,2,2,1,0,38
41,11,2,2,1,0,38
45,8,0,2,1,0,38
48,14,2,3,1,0,25
46,11,5,6,0,0,38
46,13,6,12,0,0,38
49,13,2,11,1,0,38
45,13,4,2,1,0,38
31,9,5,2,1,0,38
42,13,2,3,1,0,38
64,9,2,3,1,0,38
53,16,2,9,0,99999,38
60,9,2,10,1,0,38
43,14,2,9,1,0,38
49,13,2,3,1,0,38
39,12,2,2,0,0,38
59,10,2,12,1,0,38
44,5,4,7,0,0,38
50,9,2,13,1,0,32
43,10,4,5,0,1055,38
47,13,2,9,1,0,38
39,9,2,4,1,0,38
32,6,2,5,1,0,38
49,13,2,3,1,0,38
28,10,0,12,1,14344,38
51,9,2,9,1,0,38
23,13,4,3,1,0,38
29,10,2,2,1,0,38
50,14,2,9,1,7688,38
35,10,5,0,1,0,38
35,7,0,5,1,0,38
61,10,2,9,1,7298,38
45,9,5,0,0,0,38
51,13,4,9,1,0,38
52,9,0,2,1,0,38
47,9,0,0,0,0,38
39,9,2,0,0,0,38
49,9,2,9,1,0,38
55,9,2,4,1,0,38
20,9,4,10,1,0,38
45,10,2,7,1,0,38
30,9,0,3,1,4650,38
21,10,4,0,0,0,38
29,6,4,7,1,0,38
33,10,2,2,1,0,38
55,10,0,0,0,0,38
51,4,2,2,1,2961,38
50,10,2,2,1,7688,38
30,13,4,11,1,0,38
20,9,4,11,0,0,38
40,10,2,9,1,0,38
36,10,0,0,1,0,1
60,9,2,12,0,0,38
39,13,5,11,1,0,38
32,6,2,2,1,0,38
36,5,2,5,1,0,38
18,9,4,0,1,0,38
25,12,4,9,1,0,38
30,10,2,6,1,0,38
35,9,2,0,1,0,38
64,6,5,7,0,0,38
28,13,4,12,1,0,38
60,13,2,8,1,0,29
51,14,2,4,0,4787,38
33,14,2,9,0,7688,38
25,13,4,9,0,0,38
25,10,4,7,0,0,38
31,10,2,11,1,15024,38
41,13,0,3,0,0,38
31,13,2,3,0,0,38
36,10,0,7,0,0,38
26,9,2,7,1,0,38
25,11,4,0,0,0,38
41,10,2,11,1,3942,38
44,14,2,9,1,0,38
31,13,2,11,1,0,38
39,9,0,3,0,0,38
25,9,2,13,1,0,38
21,10,4,9,1,0,38
36,16,4,9,1,0,38
48,9,4,12,0,0,22
42,9,2,2,1,0,38
55,13,2,2,1,0,38
31,9,4,7,1,0,38
35,10,3,0,0,0,38
36,9,4,0,1,0,38
42,10,2,3,0,0,38
55,9,2,2,1,0,38
51,13,2,9,1,0,38
50,10,2,3,1,0,10
31,9,2,13,1,0,38
46,13,2,9,1,0,38
28,15,4,9,1,0,38
34,9,0,2,1,0,38
26,13,2,3,0,0,38
37,9,2,9,1,0,38
54,9,2,4,1,0,38
51,10,0,0,1,0,38
44,10,2,3,1,0,38
50,9,0,2,1,0,38
45,16,2,9,1,0,2
19,9,4,11,0,0,38
55,14,2,9,1,0,38
60,12,2,0,1,0,38
39,9,4,7,0,0,38
24,9,2,11,1,0,38
39,13,2,13,1,0,29
29,13,2,9,1,0,38
36,8,2,2,1,0,38
23,13,4,9,0,0,38
34,9,4,0,0,0,38
43,15,2,9,1,15024,38
56,10,2,3,0,7688,38
19,9,4,13,1,0,38
33,9,0,13,0,0,38
43,13,2,11,1,0,38
49,9,2,11,1,0,38
34,9,2,2,1,0,38
37,10,4,0,1,0,38
48,13,2,9,0,0,38
59,10,2,2,1,0,38
21,11,4,2,1,0,38
36,9,2,0,0,0,38
25,13,4,2,1,0,38
33,9,2,6,1,0,25
47,10,2,2,1,0,38
25,13,2,9,1,0,38
79,4,2,0,1,1409,38
51,10,2,3,1,0,38
43,13,0,11,1,0,38
26,15,2,9,1,0,38
31,9,2,0,0,0,38
53,9,2,2,1,0,7
39,5,2,4,1,0,4
27,10,4,0,0,0,38
76,5,2,9,1,0,38
47,9,2,2,1,0,38
61,9,6,9,0,0,38
45,13,2,3,1,0,38
51,9,2,11,1,0,38
41,10,2,11,1,0,38
41,10,2,11,1,0,38
49,14,2,0,1,0,23
31,9,4,5,0,0,38
41,14,2,3,1,0,38
30,9,3,0,0,0,38
44,14,2,9,1,7298,38
38,8,2,5,1,0,38
23,13,4,5,0,0,4
28,10,4,3,1,0,38
69,9,2,10,1,0,38
41,9,2,2,0,14344,38
29,10,4,11,0,0,38
50,13,0,3,1,0,38
59,14,2,9,1,0,38
60,14,0,9,1,0,38
62,9,2,2,1,0,38
34,13,4,3,1,0,38
54,6,0,7,0,0,38
50,9,2,13,1,0,38
33,13,2,9,1,0,38
36,13,2,9,0,0,38
47,13,2,9,0,0,38
29,9,4,2,1,0,38
36,9,2,12,0,7298,38
42,10,2,12,1,0,38
33,11,5,0,0,0,38
21,11,4,10,1,0,38
54,10,0,0,1,0,38
34,10,2,12,1,3103,38
48,10,2,13,1,0,38
49,10,2,11,1,0,38
38,11,2,11,1,0,9
50,13,2,9,1,0,38
21,10,4,10,1,0,38
50,16,0,9,1,10520,38
38,13,2,3,1,0,38
41,9,2,12,1,0,38
51,11,0,9,0,0,38
30,13,2,10,1,0,38
23,10,4,0,0,0,38
61,13,2,9,1,0,38
31,9,2,6,1,0,38
35,6,0,6,1,0,38
56,13,2,4,1,0,30
46,13,2,3,1,0,38
62,4,2,0,1,0,38
44,9,2,2,1,0,38
28,13,2,3,0,0,38
34,10,0,3,1,0,38
33,14,2,9,1,0,38
49,13,0,0,1,0,38
45,10,2,9,1,0,38
63,6,2,3,1,6418,38
42,14,0,9,0,0,38
38,9,2,3,1,0,38
27,5,4,7,1,0,25
54,14,2,11,1,0,38
61,10,2,9,1,7298,38
36,13,2,3,1,0,38
47,10,2,3,1,0,38
56,16,2,9,1,0,38
65,10,4,9,0,0,38
29,10,2,2,1,0,38
67,9,2,3,1,0,38
33,5,4,7,1,0,7
49,11,0,0,0,0,38
36,12,2,3,1,0,38
20,9,4,5,1,0,38
32,9,2,5,1,2829,38
35,5,2,7,1,0,25
46,15,2,9,1,15024,38
23,10,4,11,0,0,38
40,9,2,2,1,0,38
44,9,2,11,0,0,38
54,10,2,10,1,0,38
23,9,0,7,0,0,38
28,13,4,9,1,13550,38
43,10,2,3,1,0,38
27,13,4,9,1,0,38
43,9,0,7,0,0,38
33,6,0,2,1,0,8
59,13,2,11,1,15024,38
23,9,4,2,1,0,38
37,11,0,9,0,14344,30
31,13,2,0,0,0,38
23,11,4,2,1,0,38
37,9,2,3,1,0,38
27,8,4,6,1,0,38
61,10,2,3,0,0,38
20,10,4,0,0,0,38
39,13,2,3,1,0,38
54,9,6,11,0,0,38
37,9,2,10,1,0,38
50,13,2,10,1,0,38
32,9,2,2,0,7688,38
37,10,2,5,1,0,38
39,9,2,2,0,7298,38
28,9,2,2,1,0,38
27,10,4,10,1,0,38
23,6,4,2,0,0,38
33,11,2,12,1,0,38
48,9,6,0,0,0,38
60,13,2,11,1,0,38
34,13,2,9,1,0,38
46,13,2,9,1,0,38
62,13,2,3,1,0,38
40,13,0,2,1,0,38
41,9,2,13,1,0,38
17,6,4,7,0,0,38
49,8,4,13,1,0,38
43,11,2,2,1,0,38
25,6,2,6,1,0,12
33,12,2,5,1,0,38
48,7,2,3,1,0,38
65,13,2,3,1,10605,38
57,9,2,2,1,15024,38
20,9,4,5,1,0,38
37,6,2,5,1,0,38
30,4,4,2,1,0,38
46,12,2,2,1,0,1
44,12,2,9,1,0,38
26,9,2,6,1,0,38
32,9,2,5,1,0,38
44,9,2,2,1,0,38
18,9,4,7,0,0,38
60,13,2,3,1,0,38
37,9,2,2,1,0,38
59,9,0,2,1,0,38
47,13,2,10,1,0,38
59,2,2,6,1,0,25
37,11,2,0,1,0,38
39,9,5,2,1,0,38
31,13,4,3,1,0,38
45,10,0,0,0,0,38
27,9,2,2,1,0,38
63,15,2,9,1,15024,38
59,11,0,9,1,0,38
43,10,2,3,1,0,38
29,14,2,11,1,7298,38
39,11,2,9,1,0,38
24,10,4,6,1,8614,38
40,13,6,3,0,0,38
41,9,2,6,1,2885,38
41,10,2,3,1,0,38
41,9,4,0,0,0,38
30,13,2,9,0,7688,38
33,6,2,13,1,0,38
49,12,2,11,1,0,38
32,13,2,3,1,0,38
29,13,4,12,0,0,38
40,16,2,9,1,0,38
51,14,2,3,1,0,38
71,9,6,0,0,0,38
31,9,4,11,0,0,38
38,13,2,9,1,0,8
47,10,2,0,1,0,38
40,13,2,9,0,0,38
40,11,2,3,1,0,38
27,14,4,9,1,0,38
44,14,2,3,1,0,38
32,10,0,3,0,0,38
40,9,4,11,1,0,38
51,9,2,10,1,0,38
49,10,2,9,1,0,38
36,9,2,11,0,7688,38
28,7,2,13,1,0,38
56,6,0,0,0,0,38
30,12,4,11,0,4787,38
33,9,4,0,0,0,38
36,12,2,3,0,0,38
54,10,2,10,1,0,38
65,10,0,0,0,0,38
40,9,2,3,0,0,38
53,9,2,3,1,0,38
36,11,4,10,1,0,38
43,14,2,3,1,0,38
40,9,2,3,1,7688,38
45,9,4,13,1,3325,38
33,9,0,3,0,0,38
54,9,3,3,0,0,38
30,13,2,3,1,0,38
29,10,2,13,1,0,38
42,9,0,0,0,0,38
46,10,2,2,1,15024,38
44,11,2,2,1,0,38
33,7,2,2,1,0,38
20,10,4,0,0,0,38
41,10,2,11,1,0,38
41,13,4,9,0,0,38
30,13,4,3,1,0,38
26,13,4,11,1,0,38
29,9,2,11,1,0,38
54,13,1,11,1,0,38
69,11,2,3,1,20051,38
44,13,2,9,1,0,38
42,10,0,3,0,0,38
52,13,2,3,1,0,38
35,13,2,3,1,0,38
38,10,2,5,1,7688,38
51,9,2,0,1,0,38
38,13,2,3,1,7298,38
32,10,2,11,1,0,38
48,5,0,11,0,0,38
36,9,2,7,1,0,38
23,13,2,3,1,0,38
41,10,2,0,1,0,38
46,14,2,3,1,0,38
40,13,0,0,0,0,38
43,14,2,3,1,0,38
32,13,4,9,1,0,38
46,3,2,2,0,0,21
51,10,4,3,0,8614,38
35,13,2,11,1,0,38
28,11,4,11,1,0,38
58,13,2,3,1,0,38
25,9,5,2,1,0,38
36,14,4,9,1,0,38
26,9,0,3,0,0,38
38,9,2,13,1,0,32
22,10,4,0,1,0,38
47,13,2,3,1,0,3
44,9,0,2,1,0,38
34,13,2,1,0,0,10
38,11,2,9,1,0,38
50,9,2,2,1,99999,38
51,13,0,9,0,0,38
63,9,4,3,0,0,38
29,13,4,3,1,0,38
33,9,2,2,1,0,38
25,4,4,6,1,0,7
40,14,4,3,0,0,38
35,9,4,12,1,0,38
24,9,4,5,1,0,38
23,13,4,11,0,0,38
31,10,2,3,1,0,38
38,10,2,2,1,0,38
24,6,2,7,1,0,25
67,10,0,0,0,0,38
21,5,4,7,1,0,38
37,14,2,3,0,0,38
39,9,4,11,0,0,38
52,9,2,12,1,7688,38
41,10,0,0,0,0,38
52,14,2,3,1,0,38
23,9,4,6,0,0,38
32,10,2,3,1,3464,38
47,9,2,2,1,0,38
39,9,2,3,1,0,38
25,5,3,0,0,0,39
58,14,2,3,1,0,38
25,13,2,11,1,0,38
30,13,2,11,1,0,38
37,14,0,3,1,0,38
45,9,2,6,1,3137,38
54,10,2,3,0,0,38
51,9,2,6,1,0,38
38,11,2,6,1,0,38
51,15,6,9,0,0,38
57,13,2,3,1,0,38
20,10,4,0,0,0,38
65,15,2,3,1,99999,38
44,9,2,13,1,0,38
39,14,4,9,0,0,38
42,10,2,3,1,0,38
41,15,2,3,1,0,38
51,10,2,11,1,0,38
52,15,4,9,0,0,38
37,13,2,12,1,0,38
25,13,4,12,0,0,38
43,14,2,9,1,0,38
56,9,2,2,1,0,38
30,9,4,0,1,0,38
40,13,2,9,1,0,38
23,9,4,0,0,0,38
31,9,5,13,1,0,38
44,10,0,3,1,0,38
29,13,2,3,1,0,38
45,15,4,2,1,0,38
29,9,4,7,0,0,38
29,10,4,0,0,0,23
41,3,2,0,1,0,38
44,13,2,3,1,0,38
31,13,2,3,1,0,38
44,14,2,9,1,0,38
45,11,0,3,0,0,38
51,12,2,11,1,0,38
26,11,4,3,0,0,38
45,13,0,9,0,0,38
48,13,2,3,1,0,38
23,13,4,11,1,0,35
23,9,4,0,0,0,39
41,9,2,13,1,0,38
64,15,2,9,1,15024,38
28,9,2,2,1,2829,38
48,10,2,6,1,0,38
28,10,2,0,1,0,38
33,3,0,5,1,0,25
40,13,2,10,1,0,38
34,10,2,3,1,0,38
47,13,2,3,1,0,22
47,14,2,9,1,0,38
28,9,2,0,0,0,38
33,10,2,10,1,0,38
53,10,2,13,1,0,38
37,9,2,6,1,0,31
24,9,4,5,1,0,38
51,10,2,11,1,0,38
32,13,2,9,1,0,38
30,10,2,11,1,0,38
50,14,2,9,1,7298,38
30,13,2,11,1,0,38
44,10,2,11,1,0,38
27,14,4,11,0,0,38
55,10,2,11,0,0,38
38,10,2,13,1,0,38
27,10,0,0,0,0,38
37,9,2,13,1,0,38
23,10,4,11,1,0,19
37,12,5,3,1,0,38
42,9,2,3,1,7298,38
37,15,2,9,1,0,38
33,9,2,10,1,7688,38
43,9,2,2,1,0,38
50,9,2,3,1,0,38
24,13,2,9,0,0,38
52,9,2,0,0,4386,38
24,11,2,2,1,0,38
52,9,2,5,1,0,38
37,9,4,2,1,0,38
43,9,2,5,1,0,38
49,9,2,13,1,0,38
40,9,0,7,0,0,38
35,10,4,6,1,0,38
60,11,0,9,1,4934,38
40,12,2,3,1,0,38
43,11,4,9,0,13550,38
28,7,4,6,0,0,26
37,9,2,2,1,0,38
60,5,6,0,0,0,38
41,9,2,3,1,7688,38
57,9,2,6,1,0,38
39,9,4,6,0,0,38
58,10,2,9,1,0,38
66,16,2,9,1,20051,22
26,13,2,3,1,0,38
44,13,2,3,1,0,38
48,12,2,3,1,0,38
28,5,3,2,1,0,38
35,11,1,5,0,9562,38
61,15,2,3,1,0,38
49,10,2,0,1,0,38
24,13,4,9,1,0,38
25,9,2,5,1,0,38
37,11,2,0,0,0,38
43,6,2,2,1,0,2
48,10,2,2,1,0,38
39,13,2,9,1,0,38
34,11,4,10,1,10520,38
30,9,3,12,1,0,38
45,11,2,5,1,0,10
40,10,2,0,1,0,38
29,13,4,9,0,0,38
28,9,2,0,1,0,38
50,9,2,2,1,0,38
48,6,2,3,1,0,38
46,10,2,9,1,0,38
21,10,4,5,0,0,38
42,15,2,9,1,0,38
57,9,2,4,1,0,38
39,10,4,0,0,0,38
51,9,2,6,1,0,38
42,13,4,3,0,0,38
51,9,2,3,0,0,38
38,12,2,12,1,0,38
46,13,2,9,1,0,38
45,10,2,10,1,0,38
23,9,2,6,1,0,38
30,9,2,3,1,15024,38
24,13,2,3,0,0,38
34,12,4,0,1,0,38
27,9,4,2,1,0,38
24,9,4,0,1,0,38
61,10,0,0,0,0,38
40,10,2,2,1,0,38
35,13,4,0,1,0,38
30,10,0,0,0,0,38
32,12,2,9,1,0,38
32,12,2,2,1,0,38
42,2,2,6,1,0,21
50,9,2,11,1,0,38
33,14,4,9,1,0,38
39,9,0,5,1,0,38
48,14,2,9,0,0,38
28,9,4,6,1,0,38
30,11,2,2,1,0,8
38,16,2,9,1,0,38
48,13,2,3,1,0,38
64,9,6,7,0,0,38
57,8,2,0,1,0,38
24,13,4,0,1,0,38
63,9,2,11,1,0,38
34,10,4,7,0,0,38
51,9,2,13,1,0,38
32,8,4,0,0,0,38
50,3,2,5,1,0,25
46,10,0,10,0,0,38
65,16,2,3,1,99999,38
32,15,2,9,0,15024,38
43,9,1,2,0,0,38
56,8,2,13,1,7688,38
20,10,4,6,1,0,38
42,13,2,4,1,0,38
19,10,4,3,0,0,38
51,10,2,0,0,0,38
28,8,2,2,1,0,38
30,12,2,3,0,10520,38
37,5,2,6,1,0,38
41,9,2,0,0,0,38
38,11,2,3,0,15024,38
45,13,2,3,1,0,38
39,13,2,3,1,15024,38
44,9,2,13,1,0,6
23,6,2,6,0,0,39
28,9,5,2,1,0,38
48,11,2,2,1,0,38
39,10,0,2,1,0,38
57,5,0,0,1,0,38
30,9,5,13,1,0,38
25,13,4,3,0,0,38
44,9,0,0,0,0,38
58,14,0,9,1,0,38
55,13,2,0,1,0,38
47,14,2,9,1,0,38
33,9,4,7,0,0,38
30,9,4,2,1,0,38
42,15,2,3,1,15024,38
45,9,5,11,0,0,38
52,9,2,3,0,15024,38
41,13,0,9,1,0,38
33,13,2,13,1,0,38
37,9,4,0,0,0,38
21,13,4,5,1,0,38
42,9,2,2,1,0,38
60,9,0,2,1,0,38
46,13,0,0,0,99999,38
31,12,2,12,1,0,38
38,13,2,9,1,0,38
42,13,3,12,0,0,38
32,9,0,7,0,0,38
45,10,2,0,0,0,38
36,13,2,3,1,0,38
40,10,4,12,0,0,38
27,10,4,2,1,0,38
29,10,2,6,1,0,38
45,13,2,3,1,0,38
47,10,2,13,1,0,38
59,8,0,13,1,0,38
35,13,2,3,1,0,38
29,12,4,11,0,0,38
50,9,2,0,1,0,38
47,9,2,5,1,5178,38
29,10,4,12,0,0,38
44,11,2,2,1,0,38
24,7,4,5,1,0,38
23,9,4,0,0,0,38
67,7,2,0,1,0,38
37,9,2,3,1,0,38
59,11,0,9,1,0,38
57,9,2,11,1,0,38
26,5,2,2,1,0,38
46,13,2,9,0,7688,38
75,9,6,11,1,0,38
36,10,2,6,1,0,38
45,13,2,3,1,0,38
29,9,4,2,1,0,38
43,13,2,9,1,0,38
37,7,0,5,0,0,38
33,13,2,0,0,0,29
37,13,4,0,0,8614,38
41,10,0,6,1,0,38
53,9,2,2,1,0,38
24,9,2,2,1,0,38
29,13,2,11,1,0,38
26,13,4,9,0,0,38
20,9,4,5,1,0,38
55,9,2,2,1,0,38
25,9,4,7,1,0,38
56,9,2,13,1,0,38
31,10,2,13,1,0,38
53,13,2,9,0,0,38
38,10,2,11,0,14084,38
36,9,2,2,1,0,38
52,9,2,6,1,4386,38
46,13,0,11,0,0,38
28,13,4,9,0,0,38
54,10,2,5,1,0,38
41,12,2,1,0,3103,38
26,7,2,6,1,0,38
50,13,2,3,1,0,38
42,9,0,3,0,0,38
24,9,2,4,1,0,38
41,11,2,4,1,0,38
38,13,2,9,1,0,38
47,9,2,11,1,0,38
36,13,0,9,0,0,38
45,13,2,3,1,0,38
49,9,5,6,0,0,38
18,9,4,0,0,0,38
46,9,2,13,1,0,38
44,13,2,3,1,15024,38
21,9,4,7,1,0,38
46,11,2,11,1,0,18
43,14,2,9,1,0,38
47,14,2,3,1,0,38
27,15,4,9,1,0,38
29,10,2,4,1,0,38
37,10,0,11,1,0,38
36,16,4,9,1,0,38
18,10,4,0,1,0,38
27,14,4,3,1,0,33
41,10,2,2,1,0,38
31,9,2,3,1,0,38
24,10,4,7,1,0,38
43,5,4,11,0,0,31
28,9,2,6,1,0,38
28,13,2,3,1,0,38
36,10,6,9,0,0,38
47,9,2,2,1,0,38
33,13,2,3,1,0,38
43,9,2,6,1,0,38
37,9,2,5,0,0,38
22,10,4,0,1,0,38
50,12,2,3,0,0,38
34,13,2,11,1,0,38
24,1,4,4,1,0,25
45,13,2,9,1,0,38
45,10,2,3,1,0,38
36,9,2,11,1,0,38
36,10,0,3,0,0,38
21,9,4,2,1,0,38
52,10,2,2,1,0,38
23,8,4,13,1,0,38
44,9,2,7,0,0,22
57,13,6,9,0,0,38
33,13,4,3,1,0,38
22,10,4,0,1,0,38
30,12,1,3,0,0,36
42,9,6,13,1,0,38
44,14,2,9,1,0,38
29,11,2,6,1,0,38
52,9,2,11,1,0,38
43,14,0,3,0,10520,38
51,15,2,9,1,15024,38
43,13,0,7,0,0,38
19,9,4,2,1,0,38
40,9,2,3,1,0,38
50,7,2,6,1,0,38
63,5,2,3,1,6418,38
42,9,2,11,1,0,38
64,9,0,0,0,0,38
43,13,2,2,1,0,38
45,13,2,3,1,0,38
33,9,2,2,1,0,38
59,9,2,2,1,0,38
26,9,4,7,1,0,38
43,13,2,9,1,0,38
43,13,2,0,1,0,38
34,13,2,3,1,0,38
34,13,4,12,0,0,38
48,13,2,3,1,0,38
76,12,2,3,1,0,38
39,12,2,3,1,0,38
47,14,4,9,1,0,38
64,9,0,0,0,0,38
41,9,2,3,1,0,38
51,10,0,3,0,0,38
29,9,2,9,1,0,38
54,14,0,9,1,0,38
30,11,4,9,0,0,38
46,13,2,9,0,0,29
44,10,2,3,1,0,38
20,11,4,7,1,0,38
18,9,4,7,0,0,38
45,10,2,2,1,0,38
62,10,0,3,0,0,38
45,13,2,2,1,0,38
39,15,0,9,1,25236,38
40,10,0,3,0,0,38
20,9,2,6,1,0,38
20,10,4,6,1,0,38
32,13,4,9,1,0,38
69,5,4,2,1,2993,38
57,9,0,7,1,0,38
40,11,0,3,0,0,38
49,9,5,7,1,0,38
54,10,2,11,1,0,38
35,8,1,2,1,0,38
26,10,4,4,0,0,38
43,13,2,11,1,0,38
51,10,2,3,1,0,38
54,13,2,11,1,0,38
68,9,2,3,1,0,38
27,13,4,3,1,0,38
46,12,5,2,1,0,38
48,9,2,2,1,7688,38
30,13,2,9,0,7688,38
39,13,2,9,1,0,38
20,8,4,6,1,0,38
62,13,1,9,0,0,38
31,13,2,11,1,3908,38
59,9,2,2,1,0,38
45,10,0,10,0,7430,34
47,9,2,2,1,0,38
51,9,2,2,1,4386,38
33,16,4,9,1,0,38
25,10,2,0,1,0,38
54,7,2,6,1,0,38
24,9,4,6,1,0,38
44,10,2,11,1,0,38
50,10,2,2,1,0,38
51,10,2,13,1,0,38
59,9,2,11,1,7688,38
46,11,2,3,1,15024,38
35,10,0,11,0,0,38
26,9,2,2,1,0,38
45,14,2,3,1,0,38
71,9,2,2,1,0,38
26,13,2,0,0,0,38
28,14,2,3,1,0,38
46,11,5,9,1,0,38
30,12,2,10,1,7298,38
53,13,2,0,1,7298,38
33,10,2,13,1,0,38
40,14,2,9,1,0,38
42,14,2,9,1,0,34
40,12,2,11,1,15024,38
37,13,4,3,0,0,38
33,13,2,7,1,7688,38
28,13,5,3,0,0,38
32,9,2,5,1,0,38
29,13,2,9,0,0,38
51,6,2,2,1,0,38
56,10,2,3,1,0,38
34,13,2,9,1,0,38
30,13,3,0,1,0,38
42,13,2,12,1,0,38
38,11,2,11,0,0,38
40,14,2,3,1,0,38
36,13,2,3,1,0,38
40,10,2,6,1,0,38
45,14,4,9,1,0,38
52,10,0,3,0,0,38
43,13,2,3,1,0,38
20,8,4,4,1,0,38
28,9,2,2,1,0,38
45,13,2,3,1,0,38
41,13,2,9,1,0,38
22,13,4,9,0,14344,38
33,13,2,3,1,0,10
40,10,2,2,1,0,38
29,11,0,11,0,14344,38
41,13,2,3,0,0,22
43,9,2,6,1,4386,38
31,10,4,0,1,0,38
52,9,2,9,1,7688,38
51,12,2,11,1,0,38
27,13,4,12,0,0,29
47,10,2,3,1,0,38
29,9,4,5,1,0,38
57,13,2,9,1,0,38
36,12,2,3,1,0,38
43,8,2,9,0,5178,38
44,11,0,12,1,0,38
68,13,2,10,1,20051,38
43,13,0,3,0,0,38
34,13,2,3,0,0,38
55,15,2,9,1,0,11
29,9,4,11,0,0,38
43,9,4,3,0,0,38
49,4,2,13,1,2407,38
52,11,2,10,1,99999,38
52,14,2,9,1,0,38
19,7,4,5,1,0,25
42,10,2,2,1,5178,38
31,9,2,13,1,0,38
25,11,2,7,0,0,38
38,13,2,9,1,0,38
27,10,4,0,0,0,38
63,8,2,9,1,4386,38
27,14,2,3,1,0,38
35,9,2,5,1,0,25
28,12,4,0,0,0,38
41,9,4,13,0,14344,38
23,13,4,9,0,0,38
25,10,4,7,1,0,38
45,9,2,2,1,7688,38
32,9,2,13,1,0,38
40,13,4,9,0,27828,38
59,9,2,11,0,0,38
46,11,0,0,0,0,38
45,10,4,11,0,0,38
49,14,2,3,1,0,38
28,9,0,11,1,14084,38
33,13,2,8,1,0,19
23,10,4,0,0,0,38
39,15,2,3,0,15024,38
57,9,2,2,1,0,38
39,9,0,10,0,4695,38
41,10,0,0,0,0,38
57,12,2,3,1,7688,38
34,14,2,3,1,0,38
40,13,2,9,1,7688,38
50,9,2,2,1,0,38
46,9,4,0,0,0,38
25,9,2,2,1,0,38
29,9,4,0,0,0,38
37,13,2,0,1,7298,38
29,10,2,2,1,0,21
41,13,2,1,0,7688,38
21,10,4,2,1,0,38
41,10,4,3,1,0,38
24,10,2,8,0,0,38
48,9,2,3,1,0,38
49,9,0,7,0,0,38
41,9,2,2,1,0,35
39,11,2,2,1,0,38
59,10,4,0,0,0,38
38,9,2,9,0,0,38
33,9,4,6,1,0,38
29,11,2,0,0,0,29
35,9,2,2,1,0,38
38,9,2,0,1,0,38
49,6,2,12,1,0,38
51,9,2,12,1,0,38
43,13,0,3,1,0,38
58,9,2,13,1,0,38
45,14,2,11,1,0,38
46,9,0,5,0,0,38
37,9,2,3,1,4386,38
32,13,2,11,1,15024,38
53,15,2,9,1,7688,38
54,13,2,3,1,0,29
25,12,4,3,1,0,38
48,7,0,7,0,0,38
40,9,4,0,0,0,38
39,10,4,10,0,0,38
37,9,2,5,0,0,38
22,9,4,5,1,0,38
42,9,2,2,1,0,38
34,9,2,2,1,7688,38
44,14,2,0,1,3908,38
52,9,6,11,0,0,38
43,10,2,13,1,0,38
51,13,2,3,1,0,38
61,8,2,2,1,0,38
48,6,2,0,0,0,38
23,9,2,6,0,0,38
29,9,2,6,1,0,38
50,11,2,9,1,0,38
49,10,0,3,1,3325,38
46,11,2,10,1,15024,38
26,9,4,2,1,3325,38
34,10,4,9,0,0,38
21,9,4,7,1,0,38
26,13,4,0,0,0,38
56,9,2,9,1,0,38
39,9,2,2,1,0,38
28,9,2,11,1,0,38
33,15,2,9,0,0,38
50,10,0,11,0,0,38
58,6,2,2,1,0,38
58,11,2,2,1,15024,38
29,13,2,11,1,0,38
50,9,2,3,1,0,38
30,10,2,11,1,0,38
39,13,2,3,1,0,38
43,9,2,0,0,0,38
58,13,2,0,1,0,38
38,13,0,0,0,0,29
45,7,2,2,1,0,38
28,10,4,3,0,0,38
45,9,5,3,0,0,38
60,9,2,0,1,0,38
56,9,2,6,1,0,38
51,15,2,9,1,15024,38
21,9,4,4,1,0,38
23,13,4,0,1,0,38
36,9,1,9,0,0,38
44,11,0,10,0,0,4
41,9,2,7,1,0,38
66,9,6,1,0,0,38
38,9,4,7,0,0,38
43,13,2,9,1,0,38
42,10,2,3,1,7298,38
20,10,4,6,1,0,39
57,9,0,0,0,0,38
67,13,2,10,1,0,38
35,13,2,9,1,0,29
22,7,4,0,1,0,38
41,9,2,2,1,0,38
60,10,2,0,1,0,38
35,13,2,11,1,0,38
47,15,2,9,1,0,38
35,9,2,2,1,0,38
35,10,4,0,1,0,38
52,9,2,2,1,0,38
34,9,0,11,0,0,38
26,11,4,7,0,0,38
32,10,2,6,1,3464,38
25,7,4,2,1,0,38
32,9,2,3,1,3103,38
27,10,0,3,0,0,38
22,5,4,6,0,0,38
33,9,0,11,0,0,38
30,9,2,12,1,0,38
49,14,2,9,0,0,38
50,10,2,11,1,0,38
61,10,0,3,1,0,38
33,13,2,9,1,0,38
57,15,1,9,0,0,38
45,9,2,11,1,0,38
55,10,2,9,1,0,38
49,9,2,6,1,0,38
43,14,4,9,1,0,38
19,9,4,11,0,0,38
19,10,4,5,1,0,38
34,11,4,12,0,0,38
43,10,2,0,0,0,38
23,9,4,2,1,0,38
42,11,0,12,0,0,38
17,6,4,0,1,0,38
34,10,2,3,1,0,38
59,7,0,0,0,0,38
42,10,2,0,0,0,38
49,9,4,0,0,0,38
60,10,2,3,1,10520,38
35,9,0,3,1,0,38
43,15,2,9,1,99999,38
56,7,2,7,0,0,38
40,11,0,0,0,0,38
29,12,0,9,0,0,38
52,10,3,0,0,0,38
41,13,4,0,1,0,38
31,9,2,6,1,0,38
32,13,2,9,1,0,18
38,13,2,11,1,0,38
35,13,2,11,1,0,38
32,9,4,7,1,0,38
26,13,4,3,0,0,38
47,16,2,9,1,0,38
47,11,2,5,1,0,38
29,10,2,2,1,0,34
31,10,5,0,0,0,38
31,13,2,9,0,0,38
23,9,4,0,0,0,38
42,9,0,5,1,0,38
38,8,2,0,1,7688,38
25,11,4,7,0,0,38
31,5,2,4,0,0,38
49,3,4,6,1,0,38
31,13,4,11,1,0,38
34,14,4,9,0,0,38
43,9,2,7,1,0,38
29,11,4,8,0,0,38
29,10,4,12,0,0,38
60,12,2,10,1,7298,38
70,12,2,9,1,19761,38
30,6,2,0,1,0,38
44,10,2,3,1,0,38
67,10,2,13,1,0,38
31,9,4,2,1,0,38
63,7,2,10,1,4386,38
19,10,4,0,1,0,38
39,12,2,3,0,15024,38
27,13,4,3,0,0,38
22,10,4,0,0,0,38
34,13,4,9,1,0,38
45,6,2,5,1,0,38
67,9,2,4,1,0,38
38,13,2,10,0,0,1
43,9,4,2,1,0,38
33,10,2,10,1,0,38
36,10,2,2,1,0,30
49,13,2,3,1,0,38
22,9,4,2,1,2907,38
37,13,2,9,0,15024,38
52,13,5,0,0,0,38
24,10,2,9,0,0,38
28,13,4,9,0,0,38
34,14,4,9,1,0,38
29,9,5,0,0,0,38
57,11,6,9,0,0,38
35,13,2,13,1,0,38
39,10,2,3,1,0,38
45,11,2,2,1,4386,38
21,9,4,10,1,0,38
41,13,0,12,1,7430,38
40,10,0,0,0,0,38
23,5,0,0,0,0,38
50,13,4,3,1,0,38
51,9,2,6,1,0,38
51,9,2,2,1,0,38
29,9,4,9,0,0,38
29,9,2,11,0,0,38
57,9,2,11,1,0,38
40,13,2,11,1,0,38
41,9,2,6,1,0,38
63,4,3,7,0,0,38
43,9,4,2,1,0,38
40,10,2,3,1,0,38
59,11,0,9,0,0,38
57,13,2,11,1,0,38
38,9,2,2,1,0,38
46,13,2,10,0,0,10
21,10,4,5,1,0,38
50,10,0,11,0,0,38
62,8,2,2,1,0,38
31,13,1,10,1,0,38
35,9,4,5,0,0,38
43,10,2,3,1,0,38
40,11,2,2,1,0,38
40,9,2,7,1,3137,38
37,13,2,3,0,0,38
21,9,4,2,1,594,38
38,15,4,9,1,0,38
20,10,4,0,0,0,25
30,9,4,13,1,0,38
51,13,2,10,1,15024,38
22,10,1,7,0,0,38
48,14,2,9,1,15024,38
45,9,2,2,1,0,38
43,15,4,9,0,14084,38
31,10,2,3,1,15024,38
25,9,2,12,0,0,38
45,10,2,9,1,7688,38
19,9,4,2,1,0,38
53,16,4,3,0,0,38
40,13,2,9,1,0,38
33,10,2,3,1,0,38
42,12,0,9,0,14344,38
46,10,2,9,1,5178,38
37,13,2,3,1,0,38
45,14,2,9,1,7688,38
22,7,4,7,1,0,38
29,13,2,3,1,0,9
63,6,2,4,1,0,38
46,3,5,5,1,0,25
78,14,6,2,1,0,34
26,9,2,6,1,0,38
21,10,4,0,1,0,38
50,9,4,0,0,0,38
41,12,0,3,0,0,38
34,7,4,6,1,0,38
36,13,2,11,1,0,38
52,13,0,3,1,0,38
50,4,2,2,1,3411,38
20,7,4,5,1,0,38
41,9,2,0,0,0,38
52,11,2,2,1,0,38
34,13,2,2,1,0,38
60,5,2,3,1,7298,32
29,13,2,11,1,0,38
39,13,2,9,1,0,38
58,8,2,4,1,0,38
51,13,2,3,1,0,38
34,10,4,2,1,0,38
27,7,3,11,1,0,18
41,9,0,2,1,0,38
54,10,2,6,1,0,38
42,9,2,2,1,0,38
55,10,6,7,0,0,38
38,5,2,6,1,0,38
53,13,2,3,1,0,38
22,12,4,5,1,0,38
58,10,2,12,1,0,38
39,16,2,9,1,0,38
52,10,2,3,0,0,38
62,9,6,7,0,0,38
25,12,4,0,0,0,38
52,11,2,2,1,0,38
33,13,0,4,0,14084,38
52,9,2,2,1,0,38
33,9,2,12,1,0,38
26,13,4,0,1,0,38
59,9,4,6,1,0,38
30,10,3,2,1,0,38
42,13,2,9,1,0,38
25,10,4,13,1,0,38
27,9,2,11,1,0,38
44,10,2,7,1,0,38
31,9,2,2,1,5178,38
30,9,4,2,0,0,38
39,15,2,9,1,0,38
39,14,4,11,1,0,38
22,10,2,12,1,0,38
46,14,2,1,1,0,38
52,11,2,3,1,0,38
61,15,2,9,1,0,38
40,13,2,11,1,0,38
90,9,6,0,0,0,38
28,14,2,9,1,0,38
35,9,2,3,1,0,38
44,13,2,3,1,0,38
37,13,2,0,1,7298,29
43,5,2,6,0,0,38
24,7,2,2,1,0,38
41,13,2,9,1,0,38
24,10,4,11,1,0,38
44,9,2,5,1,0,38
29,13,4,9,1,0,38
31,13,2,6,1,0,38
50,13,0,9,0,0,38
71,14,2,11,1,10605,38
34,13,2,9,1,0,38
35,14,2,9,1,0,18
40,16,2,9,1,0,38
27,13,4,9,0,0,38
40,6,0,6,0,0,38
53,14,2,3,1,0,38
45,9,0,7,0,0,38
18,9,4,0,0,0,38
45,9,2,11,1,0,38
47,14,2,9,1,0,38
54,10,2,4,1,0,38
28,9,4,5,1,0,38
55,13,2,3,1,0,38
38,10,2,6,1,0,38
50,9,2,9,0,0,38
53,11,0,9,0,0,38
40,15,2,9,1,15024,38
22,3,4,5,1,0,25
40,13,2,9,1,0,38
30,13,2,0,1,0,38
37,10,2,2,1,3103,38
64,11,2,3,1,0,38
45,13,0,9,0,0,38
48,13,2,3,1,0,38
22,10,4,12,0,0,38
26,9,4,5,1,0,38
38,13,2,1,0,0,22
58,9,6,11,0,0,38
25,13,4,3,1,0,38
70,9,2,11,1,0,38
43,10,2,9,0,0,38
21,9,4,2,1,0,38
51,7,2,5,1,0,38
62,11,2,3,0,0,38
33,13,2,3,1,0,38
25,11,2,9,0,0,38
41,15,2,9,1,0,38
30,10,2,13,1,0,38
37,9,2,1,1,15024,38
30,14,2,3,1,0,38
42,10,0,0,0,0,38
54,10,2,11,1,15024,38
63,5,2,4,1,0,38
39,12,5,2,1,0,38
51,11,2,3,1,0,38
25,9,4,2,1,0,38
32,9,2,13,1,7298,38
45,12,0,12,1,0,38
38,7,2,3,1,0,38
64,6,2,13,1,0,38
27,9,2,5,1,0,38
55,9,2,6,1,0,38
27,13,4,3,1,0,38
34,16,2,9,1,0,38
64,6,2,7,1,0,38
41,9,4,7,1,0,38
42,13,2,3,1,0,38
23,13,4,0,0,0,38
40,10,2,2,1,0,38
46,9,2,6,1,0,38
53,6,2,4,1,0,38
34,9,4,10,1,0,38
60,9,2,2,1,0,38
46,13,2,9,0,7688,38
25,10,4,9,0,0,38
50,9,2,2,1,99999,38
27,9,2,13,1,0,38
32,11,0,7,0,0,38
26,10,4,0,0,0,38
50,9,2,2,1,0,38
57,9,1,11,0,0,38
44,9,2,2,1,0,38
49,6,0,6,1,0,38
45,9,2,3,0,0,38
55,9,2,3,1,0,38
21,7,4,4,1,0,38
43,9,2,6,1,0,38
41,9,4,9,0,13550,38
50,10,2,4,1,7688,38
35,9,2,0,0,4386,38
44,10,2,13,1,0,38
39,10,0,3,1,0,38
26,9,4,0,0,0,38
42,9,0,3,0,5455,38
48,6,2,0,0,0,38
57,9,2,2,1,0,38
50,15,2,9,1,0,38
57,9,2,2,1,0,38
45,9,0,7,0,0,38
65,10,2,3,0,0,38
43,13,0,9,0,14344,38
50,9,2,3,1,0,38
24,13,4,12,1,0,38
54,14,2,3,1,0,38
36,9,2,2,1,2885,38
32,10,2,13,1,0,38
19,7,5,7,0,0,38
40,10,2,9,1,7298,38
51,9,2,0,0,0,38
45,9,2,2,1,0,38
30,13,2,0,0,0,38
58,9,2,11,1,0,38
35,10,4,2,1,0,38
31,9,0,6,1,0,38
45,10,2,2,1,0,38
20,9,4,5,1,0,38
45,13,2,6,1,0,38
68,10,2,11,1,0,38
19,9,4,0,1,0,38
47,13,2,11,1,0,38
69,13,2,9,1,20051,38
38,10,0,11,0,0,38
25,9,4,2,1,0,38
23,9,4,6,1,0,38
19,10,4,0,0,0,38
57,10,2,7,1,0,38
34,9,2,5,1,0,38
53,9,2,3,1,0,38
38,7,2,2,1,0,38
34,10,2,5,1,0,38
56,14,2,9,1,0,38
48,13,2,3,1,0,38
36,9,2,11,0,7688,38
44,11,0,12,1,0,38
27,10,2,5,1,0,38
38,9,2,5,1,0,38
20,9,4,11,1,0,32
39,14,0,9,0,0,38
25,13,4,9,1,0,38
47,9,2,13,1,0,38
42,7,0,2,1,0,38
30,13,2,9,1,0,38
20,10,4,2,1,0,38
42,13,5,3,1,0,38
42,9,2,0,0,0,38
33,13,2,9,0,0,38
41,9,2,13,1,0,38
37,13,2,9,1,0,38
44,13,0,6,1,0,38
27,11,4,12,0,0,38
33,8,0,6,0,0,38
42,9,2,11,1,3908,38
27,10,4,2,1,0,38
37,10,2,11,1,0,38
56,15,0,9,0,10520,38
27,10,2,11,1,0,38
53,8,2,6,1,0,29
65,10,2,6,1,6514,38
38,11,2,2,1,0,38
57,10,4,10,1,0,38
56,5,2,2,1,0,38
44,14,2,9,1,0,38
48,11,2,12,1,0,38
59,13,2,3,1,0,38
56,9,2,2,1,3103,38
45,13,0,3,0,0,38
38,13,2,3,1,0,38
28,13,2,11,0,15024,38
36,13,4,9,0,0,38
51,9,2,6,1,0,38
57,10,2,7,1,0,25
65,7,2,0,1,1797,38
26,9,4,2,1,0,38
56,14,2,9,1,0,38
41,14,2,3,1,0,38
31,9,2,3,1,7298,38
35,9,2,0,0,99999,38
54,4,2,2,1,0,38
25,13,4,12,1,0,38
65,10,2,6,1,0,38
38,10,2,13,1,0,38
34,10,2,3,1,0,38
29,9,2,6,1,0,38
45,9,0,6,0,0,38
50,9,2,2,1,3103,38
45,14,0,3,0,0,38
59,9,0,7,0,0,38
38,13,2,11,1,7298,38
49,9,2,0,0,0,38
31,10,2,4,1,0,38
29,11,2,12,1,0,38
49,10,2,4,1,0,38
17,6,4,0,0,0,38
35,9,2,5,1,0,38
48,11,2,12,1,0,38
37,9,2,2,1,0,38
43,9,0,2,1,5455,38
44,13,4,10,0,14084,38
27,9,4,11,1,0,38
33,9,2,5,1,0,38
59,14,2,3,1,0,38
45,13,0,9,0,0,38
45,9,2,11,1,0,38
50,9,2,2,1,5013,38
20,9,4,0,0,0,38
39,14,2,9,0,7688,38
54,14,0,3,1,0,38
56,13,2,9,1,0,38
39,14,2,9,1,7298,38
39,11,2,6,1,0,38
55,13,2,9,1,7688,38
19,9,4,0,0,0,38
36,14,2,9,1,0,38
26,13,2,9,1,0,38
46,10,2,11,1,0,38
35,10,0,7,0,0,38
32,14,4,9,0,0,38
36,9,0,4,1,0,38
34,9,2,13,1,0,38
22,10,4,0,0,0,38
58,13,2,3,1,0,38
62,9,2,13,1,0,38
40,12,4,9,1,0,38
56,13,2,9,1,0,38
62,9,6,0,0,0,38
23,14,2,9,1,0,18
41,9,4,6,1,0,38
27,9,2,2,0,0,28
41,13,0,13,1,6497,38
24,10,2,3,1,0,38
34,9,4,0,0,0,38
73,2,2,0,1,0,31
39,9,0,0,1,10520,38
33,13,2,3,1,0,10
26,9,2,0,0,0,38
31,13,5,11,0,0,38
54,9,4,3,0,0,38
49,10,2,3,1,7298,38
45,15,0,9,0,0,38
32,13,2,3,0,0,38
42,15,2,3,1,0,38
45,15,4,3,1,0,38
36,15,2,9,1,0,38
23,13,4,7,1,0,38
47,13,2,3,1,0,22
43,14,0,3,0,0,38
42,16,2,9,1,0,36
33,13,4,11,0,0,38
48,14,2,11,1,0,38
33,9,2,4,1,0,38
21,10,4,7,0,0,38
42,6,2,13,1,0,38
35,9,5,13,0,0,38
24,9,0,6,1,0,38
35,9,2,0,0,0,38
40,12,0,7,0,0,38
37,15,2,9,1,0,38
38,9,2,7,1,0,38
40,10,2,5,1,0,38
56,13,2,3,1,15024,38
46,9,4,2,1,0,38
42,9,2,10,1,0,38
24,13,2,11,1,0,38
26,9,2,7,1,0,38
58,10,2,3,1,0,38
61,9,2,3,1,0,38
26,9,4,0,0,0,38
43,10,2,3,1,0,38
42,9,2,6,0,0,38
27,15,4,9,0,0,38
41,14,2,3,1,0,38
41,8,0,0,1,0,38
45,10,2,10,1,0,38
57,16,2,9,1,0,35
31,10,4,11,0,0,38
26,10,4,7,1,0,38
45,13,2,9,0,5178,29
28,13,2,3,1,0,38
39,13,2,3,1,0,38
61,9,2,2,1,0,38
55,9,2,6,1,0,38
50,13,2,9,0,0,38
20,8,4,9,0,0,21
28,6,6,0,0,0,38
48,8,2,3,1,0,38
58,7,2,13,1,0,38
53,13,2,9,1,0,38
21,2,2,7,1,0,8
52,9,2,11,1,7298,38
46,9,2,3,1,0,38
56,9,2,5,1,0,38
42,9,0,6,1,0,38
30,13,2,11,1,0,38
44,13,4,7,1,0,38
23,13,4,9,0,0,38
31,9,4,0,1,2174,38
37,10,2,0,1,0,1
57,14,2,9,1,0,38
45,10,2,12,1,7688,12
33,13,2,9,1,0,38
46,13,2,11,1,0,38
57,9,0,0,0,0,38
27,7,4,3,0,0,38
68,16,2,3,1,20051,38
35,9,2,0,1,0,8
35,11,2,6,0,3103,38
52,9,2,10,1,0,38
56,9,0,0,1,0,38
49,10,0,3,1,0,38
42,13,2,3,1,7688,38
32,13,2,0,0,0,38
37,8,2,11,1,0,4
34,12,0,2,1,0,38
62,9,2,6,1,0,38
31,12,2,9,1,0,38
34,9,2,2,1,0,38
40,14,4,11,1,0,38
44,10,2,13,1,0,38
23,10,4,13,1,0,38
33,9,2,2,0,0,38
30,10,4,7,0,0,38
21,9,4,13,0,0,38
56,9,2,3,1,0,38
30,9,4,6,1,0,39
53,6,2,7,1,0,38
43,13,2,6,0,0,38
62,13,2,9,1,0,38
46,10,0,3,1,0,38
43,9,0,3,0,0,38
53,9,4,11,0,0,38
34,10,2,3,1,0,38
48,9,4,6,1,0,38
40,10,2,9,1,7298,38
47,9,2,4,1,15024,38
41,10,2,9,1,0,38
25,11,0,0,0,0,38
28,5,2,10,0,0,38
22,11,4,10,0,14344,38
41,13,2,3,1,0,38
40,12,4,9,1,0,38
42,9,2,13,1,0,38
30,14,2,9,1,0,38
35,14,2,9,0,15024,38
39,12,4,9,1,0,38
20,9,4,5,1,0,38
36,10,2,11,1,0,38
44,12,0,0,0,0,38
37,14,4,3,0,0,38
46,8,2,2,1,0,38
38,12,2,10,1,0,1
56,9,2,2,1,3103,38
35,7,2,2,1,0,38
49,10,2,2,1,0,38
42,9,2,6,1,4386,38
44,10,2,3,1,0,38
52,9,2,0,1,0,38
53,3,2,2,1,0,21
42,14,2,9,1,0,38
33,9,4,7,1,0,38
30,1,4,4,1,0,25
44,13,2,9,1,0,38
46,9,2,11,1,4386,38
32,12,4,9,1,0,38
36,16,4,9,1,0,8
22,10,4,11,0,0,38
47,10,2,9,1,0,38
33,9,2,2,1,0,38
30,8,0,7,0,0,38
39,13,4,9,0,0,38
46,12,2,6,1,0,38
61,9,2,3,1,0,38
34,10,0,7,0,0,38
79,8,6,11,1,18481,38
64,9,2,3,1,0,38
48,11,0,3,0,0,38
32,9,2,0,0,0,38
26,9,2,2,1,0,38
55,5,0,2,0,99999,38
28,9,4,7,0,0,38
42,10,2,2,0,7298,38
44,9,4,11,0,0,38
31,12,5,7,0,0,38
27,9,4,10,1,0,23
40,10,2,0,0,0,38
31,9,0,2,1,0,38
57,13,4,3,0,27828,38
34,13,2,9,0,0,38
54,13,2,3,1,0,38
32,11,2,9,0,0,38
30,13,2,11,1,7298,38
20,10,4,7,1,0,7
34,10,0,0,0,0,38
37,9,2,11,1,0,38
39,9,2,6,0,0,38
26,13,4,0,0,0,16
29,9,2,11,0,0,38
23,13,4,9,1,0,38
30,9,2,6,1,0,38
28,13,2,3,1,5178,38
30,7,0,11,1,0,38
23,13,4,11,0,0,38
42,9,2,0,0,0,38
27,9,0,2,1,0,38
29,9,2,6,1,0,38
27,10,4,11,1,0,38
62,4,2,2,1,2829,38
74,9,6,0,0,15831,38
25,9,4,3,1,0,38
31,13,4,7,0,14084,38
50,9,4,3,1,10520,38
48,10,0,0,0,0,38
29,6,4,2,1,0,38
38,15,2,9,1,0,38
54,10,6,0,0,0,25
20,10,4,0,1,1055,38
32,9,4,13,1,0,38
31,9,2,6,1,0,38
49,9,0,2,1,0,38
31,11,2,11,1,0,38
47,9,0,11,1,0,38
23,13,4,0,0,0,38
51,14,2,3,1,0,38
37,9,2,2,1,15024,38
29,11,2,12,0,0,26
64,9,2,0,1,0,38
56,9,2,3,0,0,38
29,5,0,6,0,0,38
43,15,3,9,1,99999,38
30,12,2,0,1,0,38
34,12,2,9,1,0,38
39,14,4,9,0,0,38
45,13,2,3,1,0,8
31,9,0,13,1,0,38
42,12,2,3,1,0,38
44,9,0,0,0,0,38
35,14,2,9,0,0,38
21,10,4,7,0,0,38
52,9,0,11,1,0,38
51,9,2,6,1,0,38
35,9,0,5,1,0,38
49,12,2,11,0,0,38
78,4,4,6,0,0,5
26,6,2,5,1,0,38
36,9,4,11,1,0,38
45,13,2,11,1,0,38
30,13,2,2,1,0,38
31,13,2,3,0,0,38
48,9,0,2,0,0,38
27,5,4,4,1,0,38
38,13,2,9,1,0,38
21,11,4,0,1,0,38
54,16,2,3,0,0,38
68,10,2,3,1,20051,38
38,13,2,9,0,0,38
45,14,2,11,1,0,38
33,9,0,0,1,0,38
53,9,2,6,1,0,38
40,13,0,9,0,0,38
38,9,2,0,1,0,38
37,11,2,2,1,0,38
46,10,2,0,0,0,38
41,10,5,2,1,0,38
30,16,2,9,1,0,2
41,10,4,5,1,0,38
34,9,0,0,0,0,38
54,9,2,11,1,15024,38
54,9,2,11,1,0,38
53,12,4,6,1,8614,21
57,5,2,2,0,0,38
40,10,0,2,1,0,38
35,3,2,5,1,0,25
32,9,2,11,1,0,38
46,7,4,7,1,0,38
39,12,2,2,1,7298,38
49,13,2,0,0,0,38
39,13,2,9,1,0,38
39,9,5,7,1,0,38
47,9,0,2,0,0,38
23,10,4,11,1,0,38
51,11,2,1,1,7298,38
54,16,2,9,1,0,38
53,13,2,3,1,0,38
59,4,5,7,0,0,38
33,4,2,6,1,0,25
60,9,2,3,1,0,38
44,14,4,9,0,0,38
61,14,2,9,1,0,38
59,10,2,9,1,0,38
39,9,6,0,0,0,38
50,10,2,2,1,0,38
35,10,2,9,1,0,38
22,9,4,7,0,99999,9
31,12,0,11,0,0,38
34,15,4,9,1,0,18
44,13,2,3,1,0,38
49,13,2,10,1,15024,38
33,10,4,0,1,0,38
35,10,2,2,1,0,38
30,14,2,9,1,0,38
37,9,4,13,1,0,38
27,10,2,5,0,0,38
54,13,2,11,1,0,38
32,13,2,9,1,0,38
29,15,4,9,1,0,21
22,9,4,6,1,0,25
32,13,2,4,1,0,38
34,6,4,7,0,0,38
26,9,2,2,1,0,38
24,9,4,7,1,0,38
46,13,2,3,1,0,38
73,9,2,4,1,0,29
53,13,2,3,1,0,38
23,6,4,7,0,0,38
31,10,5,11,0,0,38
44,10,2,3,1,0,38
34,10,3,9,1,0,38
33,13,2,3,0,0,38
30,6,4,2,1,0,38
44,10,2,9,1,0,38
38,10,2,3,1,0,38
28,11,4,11,0,0,38
37,9,2,10,1,7688,38
35,13,5,9,0,0,38
57,9,6,3,0,0,38
57,6,2,2,1,0,38
36,11,0,2,1,0,38
53,10,2,9,1,15024,38
59,10,2,2,1,0,38
49,10,0,3,1,0,38
26,13,2,12,1,0,38
57,9,2,11,1,0,38
33,4,1,2,0,0,38
45,3,0,8,0,0,25
41,13,2,10,1,0,38
48,10,2,2,1,0,38
49,14,2,3,1,15024,38
42,9,2,13,1,0,38
40,9,2,3,1,0,38
36,9,1,9,0,0,38
36,9,4,2,1,0,38
30,13,4,11,0,0,25
56,9,2,4,1,0,38
22,9,2,7,1,0,38
29,11,4,11,1,0,38
27,6,2,6,1,0,38
36,10,4,11,0,0,38
39,9,2,5,1,0,38
29,9,2,3,1,0,3
46,10,2,11,1,15024,38
27,9,4,13,1,0,38
46,13,2,3,1,7298,38
46,9,2,12,1,0,38
33,14,2,9,1,0,38
44,11,2,2,1,0,38
43,9,2,3,1,0,38
26,10,4,6,0,0,38
36,14,2,9,0,0,38
65,8,6,3,1,2009,38
60,4,2,11,1,0,38
46,10,0,0,0,0,38
36,5,3,12,1,0,38
45,14,2,3,1,7688,38
51,10,2,11,1,0,38
53,15,2,3,1,99999,38
28,9,5,13,1,0,38
50,9,2,10,1,0,38
44,10,2,3,1,0,38
35,9,0,11,1,0,38
35,9,2,10,1,0,38
30,6,0,0,1,0,38
27,10,2,3,1,0,38
68,9,2,11,1,0,38
61,4,0,7,1,0,38
28,9,4,3,1,0,38
44,14,4,9,0,0,38
40,11,2,3,1,0,38
29,13,2,9,0,0,38
35,9,2,13,1,0,38
49,11,2,2,1,0,38
56,13,2,0,1,0,38
37,13,2,3,1,0,38
33,13,2,9,1,0,38
30,12,4,12,0,0,38
58,2,3,0,1,0,38
61,9,2,11,1,0,38
40,9,0,11,0,0,38
33,11,4,0,1,0,38
45,11,6,0,0,0,38
38,9,2,12,1,0,38
74,10,6,3,1,0,38
29,13,2,11,1,0,38
49,13,2,9,1,0,38
48,14,2,9,1,0,38
18,10,4,11,1,0,38
30,10,2,11,0,0,38
46,10,2,11,1,0,38
50,9,2,6,0,0,2
32,11,2,2,1,7298,38
33,10,4,2,1,8614,38
27,2,4,7,1,0,5
32,13,2,3,0,0,2
51,9,2,3,1,0,38
31,10,2,6,1,0,38
38,9,2,3,1,0,38
32,9,5,3,1,0,38
43,13,2,9,1,0,38
54,13,2,11,1,0,38
56,10,2,11,1,0,38
39,9,2,2,1,0,38
45,12,2,9,1,0,38
26,10,4,9,1,0,38
33,13,2,3,1,0,38
48,14,2,9,1,0,38
45,13,2,2,1,0,8
58,9,0,0,0,0,38
61,13,2,9,1,0,38
24,9,4,7,1,0,38
44,13,2,11,1,0,38
31,10,2,3,1,0,38
39,9,2,0,0,7688,38
34,10,2,3,1,0,38
31,9,0,2,1,0,38
60,6,2,6,1,0,38
34,9,0,2,1,0,38
35,13,2,11,1,0,38
35,12,0,2,1,0,38
51,4,2,10,1,0,38
52,10,2,3,0,0,38
53,14,2,9,1,0,38
28,7,4,0,1,0,38
23,13,4,0,0,2174,38
19,10,4,12,1,0,39
40,9,4,7,0,0,38
31,10,2,0,0,0,38
32,10,2,12,0,0,38
38,13,2,2,1,0,38
64,13,1,3,0,0,20
31,13,4,9,1,0,38
44,13,2,9,1,0,38
56,9,2,2,1,0,38
52,10,2,2,1,0,38
49,9,2,13,1,0,38
21,10,4,0,1,0,38
33,9,4,0,0,0,38
55,9,2,11,1,0,38
36,9,2,6,1,0,38
33,9,0,7,0,0,38
42,10,2,9,1,0,38
50,9,2,0,1,0,38
52,10,2,3,0,0,38
63,9,4,2,1,0,38
32,11,0,9,1,0,38
38,9,2,0,1,0,38
36,13,0,0,0,3674,38
42,13,2,12,1,0,38
48,14,2,9,1,15024,38
54,13,2,3,1,0,38
62,13,2,9,1,0,38
38,9,2,6,1,0,38
26,13,4,0,0,0,38
32,8,1,11,1,0,38
39,9,2,2,1,7298,38
54,9,6,5,0,0,38
66,5,2,0,1,0,38
46,14,2,3,1,0,38
52,14,2,9,0,0,38
61,9,2,3,1,3103,38
41,9,2,0,0,0,38
44,14,2,3,1,0,38
42,13,2,11,1,0,38
36,9,2,6,1,0,38
33,9,2,3,1,0,38
34,13,4,3,1,0,38
46,10,2,2,1,7688,38
43,10,2,6,1,0,25
53,9,0,2,0,0,38
49,13,2,11,1,15024,38
39,14,4,9,0,0,38
53,14,2,3,0,0,38
29,13,2,3,1,0,38
56,13,2,9,1,15024,38
42,12,2,11,1,0,38
30,13,2,9,0,0,38
27,9,2,2,1,0,38
59,9,2,9,0,0,22
33,10,2,2,1,0,38
25,5,4,4,1,0,25
22,10,2,3,0,0,38
41,13,0,9,0,0,38
36,9,2,6,1,0,38
58,16,2,9,1,4064,18
41,9,0,8,0,0,38
30,10,2,2,1,0,25
50,9,1,3,0,99999,38
50,9,0,0,0,0,38
37,15,2,9,1,0,38
56,13,2,0,1,0,38
52,9,2,2,1,7298,38
29,11,4,6,1,0,38
50,9,2,2,1,0,38
50,10,2,11,0,0,38
28,13,4,11,0,0,38
31,10,2,2,1,0,38
51,9,2,2,1,0,38
29,9,2,11,1,0,38
25,10,4,0,0,0,38
35,12,2,12,1,0,38
49,4,4,6,1,0,24
42,13,2,3,1,15024,38
48,12,2,13,1,0,38
58,9,2,6,1,0,38
35,13,2,11,1,0,38
45,9,0,3,1,0,38
34,10,2,2,1,0,38
28,9,4,2,1,0,38
41,9,0,3,0,0,38
49,10,2,2,1,0,38
47,16,2,9,1,15024,38
39,13,2,0,0,0,29
33,13,4,11,0,0,38
32,5,2,4,1,0,38
46,9,0,2,1,0,38
41,10,5,3,0,0,38
62,9,2,3,1,0,38
47,13,2,3,1,0,22
17,6,4,7,1,0,38
40,14,4,9,1,0,38
29,9,2,2,1,0,38
40,4,2,7,1,0,0
75,15,2,9,1,0,38
26,10,4,11,0,0,38
34,13,2,3,1,0,38
58,9,2,2,1,0,38
50,10,2,2,1,0,38
28,10,4,6,1,0,38
42,13,2,3,1,7298,38
59,9,0,6,1,0,38
74,15,2,9,1,99999,38
39,9,2,11,1,0,38
31,14,4,9,0,0,38
57,4,6,6,0,0,38
22,6,4,2,1,0,38
48,9,2,3,1,7298,38
37,14,2,9,0,0,38
27,9,4,6,0,0,38
25,10,4,11,0,0,38
34,14,4,3,0,0,38
34,9,4,10,1,0,38
53,10,2,10,1,0,38
46,9,2,3,0,0,38
38,9,2,1,0,15024,38
41,9,4,0,1,0,38
57,14,2,9,1,0,38
38,10,2,12,1,0,38
44,10,2,3,1,0,38
41,7,0,3,0,0,38
53,11,2,3,1,0,38
32,13,2,11,1,0,38
45,13,0,10,1,0,38
24,9,4,2,1,0,38
48,13,2,3,1,0,19
38,10,2,2,1,0,38
32,13,2,5,1,0,38
39,9,4,3,0,0,38
54,10,2,9,1,0,38
33,10,2,3,0,0,38
39,10,0,11,0,0,38
48,9,2,13,1,0,38
23,10,5,4,0,0,38
61,15,2,3,1,0,36
24,13,2,9,0,0,38
45,9,2,5,1,0,38
43,13,2,3,1,0,38
27,10,2,0,0,0,38
42,9,5,0,0,0,38
25,9,4,11,0,0,38
35,10,0,3,0,0,38
52,9,2,2,1,0,38
25,13,2,9,1,0,38
25,13,4,9,0,0,38
23,12,4,0,1,0,38
57,9,6,13,0,0,38
46,10,2,2,1,0,18
34,10,2,3,1,0,38
25,13,2,0,1,0,38
45,14,2,9,1,0,38
22,10,4,12,1,0,38
26,11,0,9,0,0,38
71,9,2,3,1,0,38
63,13,2,9,1,0,38
51,12,2,3,1,0,38
31,9,2,2,1,0,25
25,13,2,10,1,0,38
46,12,2,3,1,15024,38
62,5,2,3,1,0,38
36,13,2,9,1,0,38
63,14,2,9,1,0,38
27,14,2,9,0,0,16
34,10,4,7,1,0,38
34,6,0,7,0,0,38
62,14,0,9,0,10520,38
34,8,2,2,1,0,12
47,13,4,9,0,0,38
33,10,4,12,1,0,29
24,13,2,9,1,0,38
29,12,4,9,0,0,38
37,9,2,13,1,0,38
55,9,2,3,1,0,38
64,4,2,3,1,0,38
22,5,4,11,1,0,38
24,9,4,5,1,0,38
47,14,2,3,1,0,38
38,15,2,9,1,0,38
21,9,4,2,1,0,38
59,13,2,2,1,0,38
55,14,2,3,0,0,38
27,13,4,11,1,0,38
23,10,4,2,1,0,38
62,4,0,12,0,0,3
38,10,2,6,1,0,38
54,9,2,3,1,0,38
40,9,2,2,1,0,38
53,13,2,2,1,0,38
30,9,2,6,1,0,38
27,4,4,7,1,0,12
24,9,0,3,0,0,38
36,10,4,3,1,0,38
31,6,0,11,1,0,38
26,10,2,0,1,0,38
34,9,0,5,1,0,38
56,10,2,12,1,0,38
25,10,2,3,1,0,38
59,9,2,2,1,0,38
28,13,4,3,1,0,38
44,10,2,3,1,7688,38
51,11,0,7,1,0,38
38,10,3,9,0,0,38
47,10,0,3,0,0,38
32,11,2,2,1,0,38
38,14,0,3,1,0,38
22,9,4,6,0,0,38
27,9,4,13,1,2174,38
44,13,2,3,1,7688,38
42,14,2,9,1,0,38
39,14,2,9,1,0,38
30,9,4,7,1,0,32
29,10,2,0,0,0,38
21,9,4,0,0,0,38
54,9,5,0,0,3887,38
33,10,4,0,1,0,38
41,14,2,9,0,0,16
48,9,2,2,1,0,38
45,9,2,2,1,5013,38
22,10,4,2,0,0,38
22,9,2,7,1,0,38
39,13,0,9,0,0,38
61,9,0,0,0,0,38
38,9,4,11,0,0,38
41,9,4,7,1,0,28
31,9,2,3,0,15024,38
56,9,2,11,1,0,38
28,9,4,7,0,0,38
59,9,2,0,1,0,38
29,11,0,12,0,2174,38
32,9,2,4,0,0,38
46,12,2,11,1,0,38
27,11,2,11,1,0,38
56,4,2,6,1,0,38
46,10,2,11,1,0,38
34,6,2,2,1,0,38
28,13,4,11,1,0,38
34,12,2,6,0,0,38
39,9,2,13,1,0,38
40,10,2,9,1,0,38
38,11,2,3,1,0,38
52,4,2,2,1,0,38
28,10,2,3,0,0,38
36,13,2,9,1,0,38
40,13,0,11,1,14084,38
48,14,2,9,1,0,38
38,9,2,13,1,0,38
57,2,2,11,1,0,25
23,13,4,9,0,0,38
45,6,0,7,0,0,5
56,9,2,3,1,0,38
47,11,2,9,1,0,38
54,10,2,11,1,0,38
49,9,2,10,1,0,38
63,13,2,9,1,0,38
33,10,5,12,0,0,3
26,10,2,0,1,0,38
19,9,4,0,1,0,38
48,5,2,6,1,0,30
37,11,2,0,1,7688,38
37,10,0,3,0,0,38
33,3,3,2,1,0,25
25,9,4,0,0,0,38
42,9,2,3,1,0,38
37,12,2,3,0,0,38
50,13,0,3,1,0,38
50,11,4,7,1,0,38
42,9,2,0,1,0,38
35,9,2,11,1,0,6
37,10,0,0,0,0,38
43,13,0,9,0,0,38
50,14,0,9,0,0,38
29,9,2,4,1,3464,38
21,10,4,11,0,0,38
51,14,2,9,0,99999,38
54,14,2,9,1,15024,38
52,9,2,6,1,4386,38
25,5,4,2,1,0,25
41,13,4,5,1,0,38
21,10,4,7,0,0,38
38,9,2,13,1,0,38
43,9,0,2,1,0,38
34,16,4,9,1,0,38
49,13,2,11,1,0,38
40,14,2,2,1,0,38
31,11,2,11,1,0,38
30,13,3,11,0,0,38
35,5,2,2,1,0,25
25,10,4,0,1,0,38
58,9,4,11,1,0,38
34,9,0,13,1,0,38
58,9,0,11,1,0,38
50,15,2,3,1,7298,38
51,13,2,11,1,0,38
52,9,2,13,0,0,38
36,10,2,3,0,0,38
43,12,4,2,1,0,38
38,11,2,2,1,7298,38
51,13,2,9,1,0,38
51,13,2,3,1,0,38
46,13,5,9,0,0,38
29,9,2,2,1,0,38
55,9,0,0,0,0,38
21,5,4,5,1,0,25
26,13,4,9,0,0,38
45,3,4,6,0,0,38
27,9,2,6,1,0,38
37,7,2,13,1,0,38
26,11,5,0,0,0,38
37,11,2,2,1,0,31
24,12,2,3,0,0,38
30,10,4,11,1,0,38
39,13,2,3,1,15024,38
29,13,2,2,1,0,1
24,13,4,9,0,0,38
23,9,4,5,0,99999,22
40,10,2,2,1,0,38
43,9,3,3,0,0,38
49,14,2,9,0,0,38
54,14,2,9,1,0,38
58,9,2,11,0,15024,38
56,16,2,9,1,0,38
47,3,2,5,1,0,25
49,10,2,3,1,0,38
33,11,2,12,0,0,38
22,13,4,9,0,0,38
52,9,2,0,1,0,38
34,12,4,9,1,0,38
37,9,2,2,1,0,38
27,12,4,11,1,0,38
38,10,2,2,1,7688,38
60,9,2,2,1,7298,38
70,6,2,6,1,0,38
42,13,2,11,1,0,38
35,10,4,11,1,0,38
41,12,2,12,1,0,38
33,10,4,2,1,8614,38
42,10,0,2,1,0,38
52,9,2,6,1,0,38
38,10,0,0,0,0,38
25,13,2,3,0,0,38
50,13,2,3,1,0,38
37,10,2,2,1,3103,38
23,8,4,0,1,0,38
43,13,2,3,1,0,38
26,9,0,11,0,0,38
44,9,2,11,1,0,38
57,9,2,11,1,0,38
58,9,2,6,1,0,38
60,14,2,9,1,0,38
28,13,2,12,1,0,38
47,14,0,9,0,0,38
51,9,2,6,1,0,38
20,8,4,7,1,0,38
43,10,0,12,0,0,38
33,10,2,3,1,0,38
29,9,3,0,0,0,13
31,9,4,11,1,0,38
34,7,4,6,1,0,38
50,9,2,2,1,4386,38
39,9,0,4,0,0,38
43,9,2,2,1,0,38
20,9,4,0,1,0,38
26,13,4,3,1,27828,38
26,9,4,5,1,0,38
49,12,2,2,1,0,38
35,10,0,9,0,7443,38
37,10,0,6,1,0,38
46,12,2,0,1,0,38
59,9,2,3,1,0,38
47,9,2,2,1,0,38
47,9,2,2,1,0,38
72,9,2,10,1,0,38
63,13,2,3,1,15024,38
56,9,2,6,1,0,38
53,13,2,9,0,0,38
53,13,3,7,1,27828,38
23,13,4,9,0,0,38
38,6,5,0,1,0,38
58,9,2,3,0,7688,38
27,9,2,3,0,0,38
27,10,2,3,1,0,38
63,5,5,0,1,0,38
31,14,4,3,0,0,38
31,14,2,3,1,0,38
51,11,2,12,1,0,38
34,10,0,13,1,2174,38
59,9,2,0,1,0,38
34,13,2,7,0,7688,29
20,9,4,5,1,0,38
33,13,2,11,1,15024,38
41,10,2,2,1,0,38
25,9,4,7,0,0,38
23,10,4,10,1,0,38
29,16,2,9,1,0,38
49,9,2,2,1,7688,38
55,9,6,6,0,0,38
41,13,2,9,1,0,38
51,9,2,13,1,0,38
35,14,2,11,1,0,38
67,4,2,0,1,2414,38
45,10,2,9,1,0,38
60,11,2,9,1,7688,38
46,9,4,0,0,0,38
30,14,2,9,0,0,38
28,6,0,7,0,0,38
41,10,2,2,1,0,38
19,10,4,7,1,0,38
47,13,2,9,1,0,38
42,14,2,3,1,0,38
44,16,2,9,1,0,38
39,10,2,0,0,0,38
37,13,2,10,1,5178,38
32,9,2,2,1,0,38
66,14,2,11,1,0,38
46,9,2,6,1,0,38
47,9,2,6,1,0,38
53,5,0,7,0,0,1
41,9,2,2,1,0,38
43,13,3,9,1,3325,38
37,9,2,5,1,0,3
32,7,0,2,1,0,38
33,13,4,11,1,0,38
45,10,2,3,1,0,38
26,12,2,10,1,0,38
55,15,0,9,0,0,38
37,13,2,11,1,0,38
24,13,2,9,1,0,38
29,11,4,6,1,0,38
46,14,2,3,1,0,38
49,14,2,3,1,0,38
31,7,2,6,1,0,38
41,9,2,6,1,0,38
57,9,2,6,1,0,38
52,13,2,0,0,0,38
62,13,2,3,1,0,38
21,9,0,6,1,0,38
63,9,2,7,1,0,38
20,10,4,4,0,0,38
37,9,5,12,0,0,38
25,13,2,12,1,5178,38
46,9,2,6,1,0,38
39,11,2,2,1,0,38
22,9,4,2,1,0,38
50,13,2,3,1,0,29
41,14,2,9,1,7298,38
42,13,2,9,1,0,38
71,9,2,4,1,0,38
61,15,2,9,1,0,38
20,6,4,7,1,0,25
60,14,2,3,1,0,38
51,10,2,3,1,0,38
53,9,2,0,1,0,38
67,9,2,3,1,9386,38
33,9,4,7,1,0,38
31,13,2,3,1,0,38
49,10,4,3,0,0,38
68,12,2,9,1,20051,38
30,9,4,4,1,0,38
29,9,2,2,1,0,38
52,15,2,9,1,0,18
51,10,2,2,1,0,38
33,14,2,9,1,0,38
28,9,2,3,0,0,26
45,9,2,6,1,0,38
28,5,2,6,1,0,38
51,14,2,11,1,0,38
61,9,2,13,1,0,38
37,13,2,0,1,0,38
56,13,6,9,0,0,38
41,9,4,7,0,0,38
47,9,2,13,1,0,38
40,12,0,3,0,0,38
52,9,2,6,1,0,38
26,13,4,11,1,0,38
35,13,5,0,1,0,38
46,15,0,9,0,0,38
29,11,2,10,1,0,38
24,10,4,12,0,0,38
37,13,2,9,0,99999,38
31,4,2,6,1,0,38
60,16,2,9,1,0,38
46,10,2,10,1,0,38
41,11,0,0,0,0,38
31,13,0,9,1,0,38
43,10,2,3,1,0,38
65,10,2,3,1,9386,38
33,13,4,3,0,0,38
49,13,2,9,1,15024,38
44,13,2,2,1,15024,38
31,9,4,3,0,0,38
33,11,0,7,0,0,38
41,10,2,9,1,0,38
45,10,0,0,0,0,38
31,11,2,3,0,0,38
27,13,4,9,0,0,38
47,14,2,11,1,0,38
31,13,2,2,1,7298,38
56,14,2,10,1,99999,38
20,9,4,4,1,0,38
47,9,2,2,1,0,38
53,10,2,3,1,0,38
34,13,4,11,1,0,38
36,13,2,11,1,0,38
42,14,4,9,0,8614,38
42,11,2,9,1,0,38
53,10,0,2,1,0,38
36,14,6,12,0,0,18
25,10,2,11,1,0,38
28,13,4,9,1,0,38
44,9,2,13,1,0,38
57,10,0,7,0,0,38
36,13,2,3,1,0,38
31,9,2,5,1,0,38
42,13,2,9,1,7688,38
33,12,0,6,0,0,38
28,13,2,0,1,0,38
37,12,2,2,1,0,38
65,9,2,0,1,0,38
28,11,2,11,0,0,26
21,10,4,6,0,0,38
34,13,4,11,1,0,38
37,10,2,2,1,0,38
45,10,2,10,1,0,38
45,12,2,0,1,0,38
46,13,2,11,1,0,38
29,9,4,10,1,0,38
43,9,2,10,1,0,38
41,13,2,12,1,0,38
47,9,2,2,0,5178,38
49,9,2,0,1,0,38
33,9,2,9,1,0,38
28,11,2,6,1,0,38
53,9,2,2,1,0,38
36,9,4,11,0,0,38
34,13,2,9,1,0,38
58,9,2,0,0,0,38
36,13,2,2,1,0,38
47,15,2,3,1,99999,38
24,9,5,7,0,0,38
28,8,4,13,1,0,38
33,9,2,9,1,0,38
43,13,4,0,0,0,38
47,9,2,3,1,0,38
39,13,2,3,1,15024,38
22,9,4,5,0,0,38
41,11,2,2,1,0,38
29,9,4,5,1,0,38
36,12,2,0,0,0,38
50,13,2,3,1,0,38
45,12,0,3,1,0,38
33,9,2,13,1,3908,38
60,9,2,7,1,0,38
50,14,2,9,0,15024,38
65,10,6,3,0,0,38
38,7,2,5,1,0,38
49,9,2,2,1,0,38
51,9,6,6,0,0,38
49,13,2,9,1,0,38
21,10,4,7,1,0,38
25,13,4,11,0,0,38
39,13,2,11,1,3103,38
36,4,2,6,1,0,38
23,10,4,2,1,0,38
39,14,2,3,1,0,38
29,9,5,10,0,0,38
23,13,4,3,1,0,38
37,10,2,5,1,0,38
44,10,2,3,1,0,38
30,13,4,3,0,0,35
43,9,2,11,1,0,38
47,9,2,11,1,0,38
47,9,2,2,1,0,38
26,9,5,0,0,0,38
37,9,2,12,1,0,38
25,12,2,8,1,5178,38
60,14,2,0,1,0,34
53,9,6,6,0,0,38
34,13,3,9,0,0,38
27,9,4,6,1,0,38
37,13,2,3,1,15024,38
38,9,2,3,1,0,38
50,9,4,3,1,10520,38
24,13,4,9,1,0,38
22,9,4,12,0,0,38
46,10,2,12,1,3103,38
39,9,2,2,1,0,38
47,9,4,12,1,0,38
44,14,2,3,1,0,38
53,13,4,2,0,8614,38
38,15,4,9,0,0,38
27,6,2,2,1,0,38
74,9,2,3,1,0,38
45,10,2,2,1,0,38
51,9,2,6,1,4386,38
57,9,2,11,1,0,38
49,9,2,2,0,0,38
64,4,2,0,1,2580,38
24,13,4,3,0,0,38
33,13,4,11,0,0,38
29,9,2,11,0,0,38
48,10,5,11,0,0,38
26,10,2,9,1,3103,38
39,14,2,9,1,0,38
51,16,0,3,0,0,38
50,13,0,11,1,0,38
43,12,4,9,1,0,38
28,6,4,7,1,0,25
47,13,2,9,1,15024,38
46,9,5,2,1,0,38
30,13,2,7,0,0,38
26,12,4,0,0,0,38
33,10,2,10,1,0,38
29,13,2,11,1,0,38
37,13,0,9,0,1151,38
65,9,4,2,1,0,0
71,13,2,9,1,10772,38
55,6,2,11,1,7688,38
53,14,2,3,1,0,38
34,10,2,0,1,0,38
53,10,2,7,1,0,38
26,9,4,5,1,0,38
18,10,4,0,1,0,38
41,9,2,11,1,0,38
44,14,2,9,1,0,38
50,15,2,9,1,0,38
51,16,4,3,1,0,38
35,9,4,4,1,0,32
34,11,2,3,0,0,32
22,8,4,10,1,0,38
51,5,2,2,1,0,38
45,10,2,2,1,0,38
40,10,4,2,1,0,38
52,9,0,7,0,0,38
48,9,0,2,1,8614,38
33,10,2,0,1,0,38
49,9,2,2,1,7298,38
22,9,4,0,1,0,38
27,9,4,2,1,0,20
42,13,0,9,1,0,38
48,10,4,7,0,0,38
36,12,2,2,1,4386,38
55,10,2,9,1,0,9
27,10,4,2,1,0,38
49,12,5,0,0,2597,38
39,9,2,3,1,7298,38
40,10,0,3,0,0,38
49,13,0,3,0,27828,38
30,9,2,5,1,0,38
50,14,0,11,0,0,38
27,11,4,12,0,0,38
60,11,2,12,1,0,38
36,11,2,9,0,0,38
39,9,0,13,1,0,38
43,12,4,11,1,0,38
37,13,2,7,1,0,38
45,9,5,2,0,0,38
46,10,2,11,1,0,38
54,10,2,11,1,0,38
32,13,2,3,0,0,38
39,11,2,11,1,3103,38
63,9,2,2,1,0,38
53,6,3,6,0,0,3
28,13,4,9,0,0,38
44,12,2,2,1,0,38
31,8,2,12,0,0,38
21,9,4,2,1,0,25
55,13,2,11,1,0,38
55,9,2,9,0,0,38
29,15,2,9,1,0,38
39,9,5,0,0,0,38
58,10,2,10,1,0,38
39,13,2,9,1,0,38
60,13,2,11,1,0,38
39,10,2,10,1,0,38
31,9,2,2,0,0,38
28,7,2,0,0,0,25
61,9,2,6,1,0,38
33,8,4,2,1,0,38
69,3,2,6,1,0,38
46,12,1,0,1,0,38
38,9,2,11,1,0,38
60,10,2,3,1,0,38
58,10,2,0,0,0,38
31,13,4,11,1,0,38
39,10,2,11,0,0,38
49,9,2,2,1,0,38
26,9,5,3,0,0,38
47,13,2,3,1,0,38
44,13,2,3,1,0,38
40,10,4,3,1,0,38
32,13,2,9,0,5013,38
35,10,2,11,1,0,38
36,9,0,2,1,0,38
47,9,2,11,1,7298,38
41,13,2,9,1,0,10
34,9,2,2,1,0,38
39,13,4,9,1,0,38
51,14,2,3,1,0,38
25,9,2,13,1,0,38
34,9,4,4,1,8614,38
54,9,2,2,1,0,38
60,6,2,13,1,0,38
43,9,2,11,0,0,30
49,10,0,7,0,0,38
34,13,0,9,0,0,38
61,10,2,0,1,0,38
32,10,4,0,0,0,38
23,10,4,2,1,0,38
60,12,2,3,1,0,10
55,9,4,3,1,13550,38
47,9,2,7,1,0,38
44,9,2,2,1,0,38
20,9,4,5,1,0,38
44,13,2,3,1,0,38
44,9,2,13,1,0,38
41,9,4,0,1,0,38
50,9,0,3,1,0,38
25,10,4,6,1,0,18
63,9,0,3,0,0,38
67,9,4,0,0,0,38
19,3,4,4,1,0,25
30,13,2,9,0,0,38
59,9,2,3,1,0,38
58,9,2,13,1,3103,38
30,9,4,0,0,0,38
63,12,2,11,1,0,38
42,13,0,13,1,0,38
47,10,0,3,0,0,38
69,9,0,0,0,0,38
44,13,2,2,1,15024,38
39,14,2,9,1,0,38
51,10,0,0,0,0,38
27,9,4,7,0,0,38
27,13,4,9,1,0,38
42,9,2,5,1,0,38
59,5,2,7,1,0,38
34,4,2,7,0,0,38
40,10,2,12,1,0,38
35,13,2,0,1,0,38
19,10,4,7,0,0,38
50,13,0,9,0,0,38
30,10,2,6,1,0,38
60,9,2,11,1,0,38
44,13,2,9,1,15024,21
31,9,4,2,0,0,38
38,13,2,12,1,0,38
20,3,4,5,1,0,12
37,9,2,2,1,0,38
47,10,2,7,1,0,38
32,12,2,3,0,7688,38
40,12,2,9,1,7688,38
31,9,5,2,0,0,25
28,9,2,10,1,0,38
54,13,2,11,1,0,38
34,9,2,0,1,0,38
61,16,2,9,1,0,38
45,15,0,9,1,25236,38
47,13,2,9,1,0,38
56,9,0,13,1,0,38
54,13,2,3,1,0,38
38,13,2,9,1,0,38
24,9,4,0,0,0,38
40,10,2,12,1,0,38
67,12,2,3,1,0,38
18,7,4,11,0,0,38
43,10,2,11,1,0,38
38,9,2,2,1,0,38
39,9,2,2,1,7298,38
42,12,0,7,0,0,38
28,9,4,7,1,0,38
38,10,1,10,0,0,38
44,6,2,0,1,0,38
41,13,2,9,1,0,38
25,9,4,2,1,0,38
45,14,0,9,0,0,38
50,13,2,11,1,0,38
39,14,2,9,0,0,38
45,14,0,9,0,7430,38
27,10,0,9,0,0,38
31,10,2,2,1,0,38
53,10,2,3,1,0,38
29,9,0,0,0,0,38
29,9,2,9,1,0,38
26,10,2,10,1,0,38
51,13,2,9,1,0,38
28,10,2,7,1,0,38
31,9,4,7,0,0,38
27,10,4,6,0,0,38
55,13,2,11,1,15024,38
36,11,0,0,1,0,38
26,13,4,11,0,0,34
66,13,2,9,1,0,38
54,16,2,3,1,0,38
39,9,2,2,1,0,38
41,9,2,3,1,7688,38
42,14,2,9,1,0,38
29,9,4,3,0,0,38
40,9,0,7,0,0,38
47,11,0,9,0,0,38
45,14,2,9,1,0,38
39,14,2,3,1,0,4
30,13,2,3,1,0,38
49,9,2,13,1,0,38
35,12,2,0,1,0,38
24,9,2,11,0,0,38
41,11,2,1,0,3103,38
56,13,2,3,1,0,29
29,10,2,2,1,0,38
39,12,2,0,0,0,38
22,6,4,7,0,0,38
25,9,2,5,1,0,38
60,13,2,8,1,0,29
46,10,0,11,0,0,38
61,13,2,7,0,3103,38
37,6,2,2,1,0,38
37,9,4,6,1,0,32
27,12,2,0,1,0,38
35,10,2,2,1,0,38
49,14,2,3,1,0,38
47,9,2,0,1,0,38
30,9,2,5,1,0,38
51,12,2,11,1,0,38
31,13,4,9,0,0,38
22,13,4,3,0,0,38
25,9,4,6,1,0,38
25,9,4,9,0,0,38
39,14,2,9,1,0,38
47,12,2,9,1,0,38
36,9,2,6,1,0,24
42,12,0,9,0,0,29
21,10,4,3,1,0,38
36,15,4,3,1,27828,38
63,9,2,6,1,0,38
25,13,2,0,0,0,38
33,13,4,9,1,0,38
29,10,2,3,1,0,38
31,13,2,9,1,15024,29
41,15,2,9,1,0,38
71,9,6,3,0,0,38
35,11,0,7,0,0,38
27,14,4,3,1,0,38
23,13,4,9,0,0,38
57,13,2,3,1,15024,38
21,10,4,7,0,0,38
58,13,2,9,1,0,38
54,9,2,2,1,7688,38
34,9,2,2,1,0,38
46,9,2,7,1,7298,38
48,10,0,0,0,0,38
42,13,0,11,0,7430,38
50,13,2,10,1,0,38
20,10,4,7,0,0,38
25,10,2,0,0,0,38
29,12,4,0,1,3674,38
30,9,2,11,1,0,38
51,9,2,6,1,0,38
54,9,2,11,1,0,38
53,10,2,2,1,0,38
45,2,2,6,1,0,25
31,9,2,2,1,0,38
33,9,2,11,1,3103,38
28,10,4,11,1,0,38
50,13,2,2,1,0,38
46,9,2,13,1,0,38
40,10,2,7,1,0,38
64,9,2,3,1,0,38
32,10,2,10,0,0,9
27,9,2,13,1,0,38
32,10,4,3,1,0,38
53,16,2,9,1,0,38
25,9,0,11,0,0,38
67,4,6,0,0,0,38
30,9,2,12,1,0,38
30,9,4,6,1,0,38
50,9,2,11,1,0,38
40,15,2,9,1,0,38
28,10,4,11,1,0,38
25,10,2,2,1,3103,38
39,10,0,11,1,0,38
49,12,0,11,1,0,38
37,13,2,12,1,0,38
43,13,2,3,1,15024,38
48,13,2,9,1,7688,24
47,14,2,10,1,27828,38
35,12,2,2,1,0,38
59,13,2,3,1,10605,38
42,10,2,11,1,0,38
22,12,4,0,0,0,38
51,4,2,3,1,0,38
28,11,4,6,0,0,38
51,13,2,3,1,0,38
28,9,2,0,0,0,38
31,9,2,2,1,0,38
58,13,6,0,0,0,38
51,14,2,9,0,0,38
23,13,4,12,0,0,38
21,6,2,6,1,0,38
47,13,2,0,1,0,10
31,4,2,4,1,0,38
52,9,2,0,1,0,38
46,14,4,12,1,0,38
38,9,2,3,1,0,38
57,13,2,0,1,0,2
37,15,2,9,1,0,38
53,13,2,3,1,0,38
55,13,2,11,1,0,38
41,13,2,2,1,0,38
45,14,0,9,1,0,38
37,10,2,11,0,7298,38
35,13,2,9,1,0,27
53,9,2,11,1,0,38
34,14,4,9,0,0,38
38,10,4,0,0,6497,38
39,9,2,3,1,0,38
21,9,2,6,1,0,38
70,9,1,3,0,0,38
55,10,2,11,1,0,38
42,10,0,6,1,0,38
53,12,2,0,1,0,38
56,13,2,0,1,0,38
29,10,0,6,1,0,38
20,5,4,0,1,0,38
62,9,2,3,1,0,38
32,15,2,9,1,7688,38
52,14,2,9,1,0,38
42,9,5,0,1,0,38
49,10,2,9,1,0,38
36,9,3,0,1,0,38
53,13,2,8,1,7688,38
31,13,2,3,1,0,8
55,13,6,4,1,0,38
43,10,3,7,0,0,38
45,9,6,2,0,0,38
29,13,2,9,0,0,38
39,13,2,2,1,0,38
55,4,2,0,1,0,38
43,9,2,9,0,0,38
40,1,2,7,1,0,25
37,9,2,6,1,0,38
19,10,4,0,1,0,38
43,9,2,2,1,0,38
54,10,2,11,1,0,38
29,12,0,0,0,0,38
31,9,4,11,0,0,38
45,9,2,11,1,0,38
33,13,2,9,1,0,38
25,6,3,4,1,0,11
48,9,6,7,0,0,38
31,10,0,0,0,0,23
60,13,0,9,0,8614,38
76,13,2,3,1,0,38
67,14,0,0,0,2009,38
35,11,2,7,1,0,32
43,14,4,9,0,0,38
33,14,2,9,1,15024,38
50,10,2,2,1,7688,38
53,9,2,2,1,5178,38
36,14,2,9,0,0,38
30,13,4,9,0,0,38
43,13,2,11,0,0,29
38,10,2,9,1,0,38
57,9,2,13,1,0,38
46,12,2,2,1,0,38
56,13,2,9,1,0,38
47,14,2,3,1,0,38
48,7,2,6,1,0,38
34,10,4,7,1,0,38
52,13,2,3,1,0,38
32,13,4,9,1,0,38
27,9,4,7,0,0,38
52,13,2,3,1,0,38
49,14,2,3,1,15024,38
41,9,0,2,0,0,38
63,12,2,11,1,0,38
33,13,2,9,1,0,38
29,10,0,0,1,0,38
47,13,2,11,1,0,38
32,9,2,0,1,0,38
67,16,2,11,1,20051,38
46,10,2,11,1,0,38
29,13,2,12,1,0,38
26,14,4,9,0,2174,38
28,9,4,7,0,0,38
28,10,4,11,1,0,38
43,13,0,0,0,0,10
38,11,2,10,1,0,38
37,10,2,6,1,0,38
38,10,0,0,0,0,38
52,9,2,3,1,0,38
40,12,0,3,0,0,38
38,6,2,11,1,0,38
41,15,0,10,0,0,38
38,9,2,3,1,0,38
53,9,0,5,1,0,38
32,13,2,9,1,7688,38
40,12,2,3,0,0,38
27,13,4,12,1,0,38
29,13,4,11,0,0,38
32,9,4,0,0,0,38
24,13,4,9,0,0,38
44,14,2,9,1,0,38
27,9,4,4,1,0,25
55,9,4,0,0,0,38
32,15,4,9,1,0,38
31,13,2,3,0,0,38
48,10,2,13,1,0,38
53,4,2,3,1,0,38
55,11,2,2,1,0,38
33,13,2,0,1,0,38
32,10,0,0,1,0,38
28,13,4,6,0,0,38
23,9,4,7,0,0,38
39,10,2,0,1,0,38
20,12,4,11,0,0,38
35,13,2,9,0,0,19
25,9,2,11,1,0,38
54,10,2,9,1,0,38
44,14,2,3,1,0,38
61,9,2,2,1,0,38
35,10,4,13,1,0,38
18,10,4,0,0,0,38
61,9,4,0,0,0,32
27,9,2,2,1,5178,38
31,10,2,2,1,0,38
46,12,2,11,1,3103,38
33,10,0,0,0,0,38
33,12,2,11,1,0,25
62,10,2,0,1,0,38
35,9,2,2,1,0,38
39,13,2,9,1,0,38
47,10,2,3,1,0,38
24,9,4,11,1,0,38
62,6,2,2,1,0,38
43,10,2,11,1,7688,38
44,10,2,1,1,5178,38
26,6,2,0,0,0,38
41,2,2,6,1,0,25
33,9,2,2,1,0,38
56,7,5,6,0,0,38
47,9,2,3,1,0,38
23,10,4,7,0,0,38
53,9,5,13,1,0,38
35,13,2,5,1,7298,38
29,10,4,5,1,0,38
31,9,2,0,1,0,38
61,9,2,4,1,0,38
63,9,0,2,0,0,38
34,10,2,5,1,0,38
45,14,2,3,1,0,38
61,9,2,3,1,0,38
53,9,2,9,1,0,38
19,9,4,6,1,0,38
46,13,2,11,1,0,10
58,9,0,11,0,0,38
46,12,4,0,1,0,38
39,9,4,3,1,0,38
27,13,0,9,0,0,38
36,9,2,0,0,0,1
44,10,2,3,1,0,38
21,10,4,0,0,0,38
51,13,2,3,1,7688,38
32,9,2,11,1,7298,38
54,13,2,3,1,0,38
24,9,4,0,1,0,38
42,9,2,2,1,7688,38
60,10,2,13,1,0,38
36,14,4,9,0,0,38
60,9,2,13,1,0,38
42,6,3,12,1,0,38
43,9,0,6,0,0,4
62,11,2,3,1,0,38
39,13,0,3,0,0,38
23,13,4,3,1,0,38
24,10,4,0,1,0,38
26,9,4,5,1,0,38
28,10,0,7,1,0,38
39,13,2,9,1,0,38
32,9,2,13,1,0,38
53,7,2,6,1,0,38
53,10,0,0,0,4650,38
36,9,2,2,0,7298,38
23,11,4,2,0,0,38
26,13,4,9,0,0,38
44,14,2,9,1,7688,38
34,9,2,6,1,0,38
44,10,2,3,1,0,38
34,9,4,7,1,0,38
37,14,2,9,0,0,38
21,10,4,9,0,0,38
43,13,4,9,1,0,38
27,9,2,12,0,0,38
48,9,2,2,1,7688,38
30,9,5,0,0,0,38
25,9,4,3,1,0,38
30,4,2,13,1,0,38
40,9,2,2,1,0,38
31,9,2,0,1,0,38
20,10,4,0,1,0,38
31,9,2,9,1,0,3
41,15,0,9,0,0,38
51,14,2,10,1,0,38
38,13,2,3,1,0,38
19,9,4,6,1,0,25
42,9,0,0,1,0,38
48,14,6,3,0,0,38
35,13,2,9,0,0,18
58,9,4,0,0,0,38
48,10,0,11,1,0,38
46,6,2,6,0,0,38
29,13,2,9,1,0,38
45,14,2,3,1,0,38
49,4,0,7,0,0,38
51,6,2,11,1,0,38
38,5,2,5,1,0,38
38,9,2,0,1,0,38
55,10,2,10,1,0,38
28,9,4,9,0,0,38
23,10,4,3,1,0,38
65,10,0,9,1,11678,38
52,13,4,2,0,14344,38
25,12,4,7,1,0,38
24,10,2,2,1,0,38
54,10,2,11,1,0,38
37,13,2,11,1,0,38
34,10,2,3,1,0,22
32,13,2,0,0,0,38
61,16,2,3,1,0,35
47,13,2,3,1,15024,38
39,10,2,0,1,0,38
30,9,2,13,1,0,38
28,13,2,11,1,0,38
28,9,2,13,1,0,38
38,11,4,9,0,4787,38
44,14,2,9,1,0,38
27,13,4,9,0,0,38
43,10,0,3,0,0,38
53,13,2,9,0,0,38
36,9,2,3,1,0,38
36,9,0,2,1,0,38
46,14,2,9,1,15024,38
37,13,2,0,1,0,38
28,10,3,7,0,0,38
37,9,2,13,1,0,38
45,10,2,2,1,0,38
25,9,2,13,1,0,38
54,10,2,2,1,0,38
50,10,2,2,1,0,38
27,15,2,9,1,0,38
39,13,4,3,1,0,38
28,10,2,10,1,0,38
32,13,2,11,1,0,38
33,10,4,11,1,0,38
48,10,2,3,1,0,38
32,13,2,3,1,0,38
30,10,2,2,1,0,38
40,9,2,13,1,0,38
40,13,2,0,0,0,29
54,10,2,12,1,7688,38
47,9,2,2,1,0,38
31,10,4,0,0,0,38
22,10,4,0,0,0,38
81,13,6,11,1,0,38
32,9,2,7,0,0,38
45,12,6,12,1,0,38
48,14,2,9,1,0,38
36,13,2,3,1,0,38
45,9,5,0,0,0,38
40,15,2,9,1,0,38
51,12,2,3,1,0,38
47,15,2,9,1,15024,38
55,14,2,9,1,0,38
41,10,2,11,1,0,38
52,12,2,6,1,0,38
46,13,4,0,0,0,29
33,14,2,13,1,0,26
61,13,2,11,1,0,38
48,12,2,3,1,0,38
23,9,4,10,1,0,38
33,13,4,9,1,0,38
61,14,1,9,1,15022,38
29,13,2,9,1,0,38
60,10,2,3,1,7688,38
40,10,2,3,1,0,38
59,9,2,2,1,0,38
44,15,2,9,1,0,2
43,14,2,9,1,0,38
52,9,6,7,0,0,38
31,13,4,2,1,8614,38
34,10,2,1,1,9562,38
25,13,4,9,1,0,38
36,13,2,9,1,0,38
50,10,2,11,1,0,38
40,9,0,1,0,13550,38
35,15,2,9,1,0,36
33,10,0,3,0,0,38
45,11,2,3,0,0,38
63,13,2,0,1,0,38
50,10,2,2,1,0,38
43,9,2,2,1,0,38
54,8,4,7,1,4101,38
57,9,2,1,1,6418,38
60,10,2,10,1,7298,38
37,10,2,11,1,0,38
48,5,4,13,1,0,38
37,9,2,13,1,0,38
59,13,2,0,1,0,38
36,3,2,6,1,7298,30
40,10,2,6,1,0,38
26,9,2,0,0,0,38
36,9,2,0,1,0,38
37,12,2,12,1,0,38
41,9,5,5,1,0,38
44,12,0,0,1,9537,38
58,10,0,9,0,0,38
33,6,0,7,0,0,38
61,10,2,11,1,0,38
63,12,2,11,1,0,38
34,9,2,13,1,0,38
33,9,2,11,1,0,38
59,12,2,3,1,0,38
53,9,4,11,1,0,38
50,15,2,3,1,99999,38
44,12,5,3,1,0,38
46,9,2,2,1,0,38
27,13,4,9,1,13550,38
34,13,2,3,1,0,38
39,12,2,9,0,0,9
30,10,2,3,1,0,38
33,14,2,9,1,0,38
22,10,4,3,0,0,38
29,9,4,5,1,0,38
30,9,5,0,1,0,38
42,10,2,11,1,0,38
45,10,2,5,1,0,10
40,9,2,5,1,0,38
42,10,3,9,1,0,38
46,9,6,7,0,0,38
33,13,4,9,0,0,38
39,9,4,6,0,0,38
46,9,4,13,1,0,38
51,9,2,2,1,0,38
52,10,2,0,1,0,38
37,8,2,2,1,3103,38
54,10,2,4,1,0,29
32,13,4,9,1,0,38
47,9,2,13,1,0,38
41,9,2,11,1,2829,38
53,10,2,9,1,0,10
40,9,2,13,1,0,38
47,9,2,6,1,0,38
28,9,4,11,0,0,38
25,11,2,2,1,0,38
59,1,4,6,1,0,5
43,14,2,9,0,0,34
44,13,2,9,1,0,38
40,13,0,3,0,10520,38
66,9,6,0,0,0,38
29,9,2,2,1,0,38
39,9,2,11,1,3103,38
31,9,4,7,0,0,25
54,9,2,2,1,0,38
47,13,1,1,0,4727,38
38,13,4,2,0,8614,38
27,9,2,6,1,7298,38
33,4,2,0,1,0,38
41,12,0,3,0,0,22
47,14,4,9,0,0,38
27,8,2,2,1,0,38
56,13,3,9,0,0,38
46,7,0,6,1,0,10
59,9,6,0,0,0,38
29,9,2,9,1,0,38
55,6,2,7,1,2580,38
21,9,4,5,1,0,38
38,13,2,3,0,0,38
21,9,4,2,1,0,38
50,9,6,0,0,0,38
49,9,0,2,1,0,38
62,9,2,13,1,0,38
35,11,3,9,0,0,38
41,14,2,9,1,0,38
43,13,2,11,1,0,38
48,10,2,9,1,0,38
36,9,2,6,1,5178,38
27,9,2,11,1,0,25
43,13,0,3,1,0,38
55,9,2,3,1,0,38
34,2,2,2,1,0,25
47,9,2,6,0,0,38
47,9,2,3,1,0,38
61,9,2,10,1,0,38
40,13,4,7,1,0,38
37,11,2,9,1,0,23
36,6,4,11,0,0,38
49,9,2,6,1,0,38
29,14,4,9,1,0,35
29,10,2,2,1,0,38
49,9,2,2,1,0,38
27,9,4,11,1,0,38
38,13,2,9,1,0,8
44,9,2,2,1,0,38
25,10,4,0,1,0,38
29,9,3,2,1,0,38
59,10,4,0,0,0,38
43,10,2,0,0,0,38
26,9,0,0,0,0,38
43,10,0,12,1,0,38
34,12,4,11,1,0,38
18,10,4,7,1,0,38
33,9,2,2,1,0,38
32,8,2,6,1,0,38
44,15,2,9,1,0,38
25,7,4,0,0,0,38
26,11,4,11,0,0,38
63,9,2,5,1,7298,38
49,10,2,12,1,0,38
27,10,4,11,1,0,38
31,13,2,9,1,0,38
31,10,0,2,1,0,38
37,10,2,4,1,7688,38
66,9,6,11,0,0,38
55,3,2,6,1,0,25
21,9,2,2,1,0,38
40,12,2,3,1,0,38
52,14,2,9,1,0,38
22,9,2,2,1,0,38
49,10,4,3,0,0,38
28,10,2,12,1,0,38
40,15,2,9,1,0,38
39,7,2,6,1,0,38
63,13,2,9,0,7688,38
47,14,0,3,1,99999,38
19,7,4,5,1,0,38
51,9,0,3,0,0,38
35,14,2,9,0,15024,38
29,14,2,9,1,0,38
43,13,2,9,1,0,38
27,13,2,2,1,0,38
50,13,2,3,1,0,38
43,11,2,0,0,0,38
27,9,5,0,0,0,38
49,9,0,7,0,0,38
22,2,4,2,1,0,12
31,13,4,11,1,0,38
67,3,2,0,1,0,38
43,12,2,11,1,7688,38
58,9,2,11,1,15024,38
45,14,2,9,1,0,38
31,9,2,6,1,0,38
20,10,4,6,0,0,38
55,16,4,9,1,0,8
41,15,2,9,1,0,38
60,9,0,0,0,0,38
40,9,2,2,1,7298,38
46,13,2,3,1,0,38
30,9,0,0,0,0,38
43,9,0,0,0,0,38
43,9,2,4,1,0,25
67,9,2,4,1,0,38
24,9,2,0,0,0,38
40,13,2,3,1,0,38
40,10,2,12,1,0,38
45,9,5,6,0,0,38
35,9,5,0,0,0,38
35,9,0,0,0,0,38
59,10,2,2,1,0,38
52,12,0,10,0,13550,38
43,9,2,5,1,0,38
58,14,4,9,0,27828,38
36,13,2,9,1,0,38
35,13,2,3,1,0,38
40,13,4,3,0,4650,38
55,11,2,2,1,0,38
35,11,2,12,1,0,22
29,11,4,12,1,0,38
17,5,4,7,0,0,38
23,2,2,6,0,0,25
46,11,2,1,0,0,10
36,9,2,3,1,0,38
30,10,2,6,1,0,38
43,13,2,9,1,0,38
64,5,5,13,1,0,38
49,14,2,3,1,0,38
24,13,4,0,0,0,35
34,9,4,2,1,0,38
41,9,5,13,1,0,38
45,9,5,9,0,0,38
58,11,2,9,1,0,29
65,5,6,11,0,0,38
54,14,2,3,1,0,38
47,9,2,0,0,0,38
46,9,2,4,1,0,38
38,9,4,11,1,0,38
21,10,4,2,1,0,38
30,13,2,0,0,0,38
50,9,2,13,1,0,38
32,9,2,2,1,0,38
24,9,4,12,1,0,38
42,13,2,11,1,0,38
36,13,2,0,1,0,22
35,13,5,3,1,0,38
47,11,2,11,1,0,38
32,13,4,0,1,0,38
47,13,4,9,0,0,38
31,10,4,2,1,0,38
28,13,4,11,1,0,38
41,12,2,2,1,0,38
47,13,2,1,0,7688,38
47,10,2,2,1,0,38
28,9,2,6,1,0,38
23,11,4,2,1,0,38
24,13,4,11,1,0,38
29,9,2,6,1,0,38
19,9,4,11,1,0,38
32,9,4,13,1,0,38
46,11,3,6,1,4934,38
57,3,2,13,1,0,38
44,12,2,2,1,0,38
33,12,2,11,1,0,23
54,9,2,13,1,0,38
43,13,2,9,1,0,38
52,9,2,8,1,0,10
32,9,2,9,1,0,38
36,9,2,13,1,0,38
29,9,0,7,0,0,38
30,13,2,9,1,7688,38
46,10,2,2,1,0,38
51,9,4,3,1,10520,38
41,7,0,7,0,0,38
38,14,2,2,1,0,38
44,10,4,2,1,0,38
48,13,2,3,1,0,38
35,9,2,11,1,0,38
58,9,0,12,1,4787,38
20,9,4,0,0,0,38
34,9,0,3,1,0,38
27,10,2,6,1,0,38
28,6,4,6,0,0,38
36,9,2,6,1,0,38
28,9,2,5,1,0,38
29,13,4,3,0,0,38
47,9,2,7,0,5013,38
43,9,4,2,1,0,38
46,14,2,3,1,0,8
51,13,2,10,1,0,38
36,13,2,3,1,4386,38
51,4,2,3,1,3908,38
43,13,0,6,1,0,38
35,13,4,3,0,0,38
65,4,6,4,0,0,38
29,3,2,0,0,0,38
41,13,2,3,1,0,22
30,7,2,13,1,0,38
40,10,4,0,0,0,38
59,13,2,9,1,15024,38
21,10,4,12,1,0,38
42,13,3,9,0,8614,38
40,10,2,9,0,0,38
44,6,5,6,0,0,38
29,13,2,3,1,0,38
47,11,2,11,1,0,38
26,10,2,0,1,0,38
56,9,4,7,0,0,38
61,4,2,3,1,0,38
49,10,2,3,1,0,38
48,10,2,3,1,0,38
40,9,5,6,1,0,38
30,5,2,2,1,0,38
40,14,2,9,1,15024,38
34,6,2,2,1,0,38
49,10,5,3,0,0,38
32,10,3,4,1,0,8
31,10,2,2,1,0,38
34,13,2,3,1,7688,38
37,9,0,0,0,0,38
53,4,2,0,1,0,38
36,14,2,3,1,0,38
30,9,5,0,0,0,38
38,15,2,9,1,99999,38
32,11,4,9,1,0,38
25,10,4,0,0,0,38
50,10,2,0,0,0,38
43,12,2,11,1,7688,38
57,14,2,3,1,0,38
51,9,6,12,0,0,38
19,10,4,0,0,0,38
45,10,2,2,1,0,38
47,9,2,1,0,0,0
32,9,4,13,1,0,38
54,13,0,11,0,0,38
25,13,4,11,1,0,38
36,9,2,11,1,0,38
50,13,2,3,1,0,38
29,12,4,11,0,0,38
40,10,0,13,1,0,38
47,9,2,3,1,0,38
32,12,2,3,1,0,2
44,9,0,2,0,14344,38
52,13,2,3,1,0,38
46,11,0,3,0,0,38
69,13,2,3,1,9386,38
31,9,2,2,1,0,38
57,3,0,13,1,6497,38
21,10,4,11,1,0,38
23,12,4,9,0,0,38
28,14,2,9,0,0,16
23,9,4,2,1,0,32
39,12,2,2,1,7298,38
37,13,2,3,1,0,38
45,15,0,9,0,0,38
33,13,4,3,0,0,38
48,13,2,9,1,0,38
21,9,4,3,0,0,38
60,12,2,11,1,15024,38
27,10,2,3,1,0,38
31,9,2,13,1,0,38
35,13,0,9,0,0,38
44,9,2,6,1,0,38
27,10,4,0,0,0,38
30,9,4,0,0,0,38
40,9,2,4,1,0,38
39,10,0,0,0,0,38
50,10,2,2,1,0,38
35,13,2,3,1,0,38
33,9,2,11,1,7298,38
43,9,2,4,1,7298,38
34,16,2,9,1,0,35
37,9,2,13,1,0,38
29,4,2,13,1,0,25
45,8,2,6,1,0,38
32,9,0,7,0,0,38
72,10,2,0,0,20051,38
50,9,2,4,1,0,38
21,9,4,13,1,0,38
34,9,0,4,1,0,38
17,6,4,0,1,0,38
31,10,2,3,1,0,10
51,15,4,9,0,0,38
46,13,2,9,1,3103,38
31,13,1,7,1,0,18
44,13,2,12,1,0,38
35,13,4,11,1,0,34
42,10,4,12,1,0,38
60,9,6,0,1,0,30
90,13,4,9,1,0,38
56,13,2,9,1,7688,38
39,10,0,3,0,0,38
55,14,2,9,1,0,38
21,10,4,0,1,0,38
60,6,0,6,0,0,38
44,13,0,3,0,0,38
50,15,2,9,1,0,38
35,13,2,3,1,0,38
47,11,2,10,1,3103,38
32,14,4,9,0,0,38
55,9,2,2,1,0,38
61,8,2,7,1,0,38
46,9,0,3,0,0,38
27,10,4,10,0,0,38
34,9,4,7,1,0,38
39,13,2,9,0,0,29
60,9,0,2,1,0,38
49,14,2,9,1,0,38
22,10,4,3,0,0,22
37,6,4,2,1,0,38
53,9,2,7,1,0,8
27,13,4,9,0,4865,38
27,13,4,9,0,0,38
36,13,2,11,1,3103,38
28,9,2,13,1,0,38
53,14,2,9,0,15024,38
23,9,5,6,0,0,38
48,2,2,4,1,3781,25
39,13,2,0,1,0,38
52,9,2,2,1,0,38
57,9,2,5,1,0,38
48,10,4,2,1,0,38
39,13,2,9,1,0,38
21,9,4,6,0,0,38
44,10,2,9,1,0,38
50,4,2,13,1,0,38
34,9,2,13,1,0,38
37,10,4,3,1,2174,38
21,12,4,0,0,0,38
20,9,4,7,0,0,38
50,9,2,5,1,0,38
27,13,4,3,1,0,38
56,8,6,3,0,0,38
43,9,2,6,1,0,38
48,9,2,0,1,0,38
26,9,2,2,1,0,38
63,9,6,0,0,0,38
20,6,4,5,1,0,38
37,13,2,11,1,0,38
55,14,2,3,1,0,38
37,10,2,2,1,0,38
49,14,2,9,1,0,38
61,9,2,13,1,0,38
44,14,2,3,1,0,38
33,9,2,5,1,0,18
48,9,2,3,1,0,38
41,9,2,11,0,0,4
57,10,2,11,1,0,38
29,9,0,6,0,0,38
40,11,2,12,1,4386,38
44,9,5,7,0,0,38
36,13,4,0,0,0,38
22,9,2,2,1,0,38
53,16,2,9,1,0,38
43,12,2,3,1,0,38
41,15,2,3,1,15024,38
22,10,4,0,0,0,38
39,7,4,2,1,0,38
32,9,2,11,1,0,38
35,9,2,2,0,0,38
30,9,2,6,1,0,38
19,10,4,11,0,0,38
51,9,2,2,1,0,38
27,9,2,13,1,0,38
46,11,4,13,1,0,38
29,13,5,9,1,0,38
32,9,2,12,1,0,38
75,9,2,11,1,0,38
54,9,0,7,1,0,1
54,10,2,3,1,0,38
50,14,2,12,1,0,38
39,13,2,11,1,0,38
40,9,0,13,1,0,38
32,13,2,2,1,7688,38
62,10,2,10,1,7298,38
31,1,4,7,0,0,25
22,13,4,0,0,0,38
50,14,2,3,1,0,38
59,9,2,0,1,0,38
29,10,5,11,0,0,38
34,14,2,9,1,0,18
46,13,4,9,0,0,38
51,9,2,13,1,0,38
37,10,2,2,1,0,38
54,13,2,9,1,0,38
45,9,2,10,1,0,38
56,5,2,13,1,0,38
26,13,4,7,0,0,38
40,10,0,6,0,4777,38
55,9,2,0,0,2885,38
26,9,4,3,0,0,38
59,10,6,0,0,0,38
37,15,0,9,1,14084,38
36,11,4,12,1,0,38
51,9,2,9,1,0,38
24,14,4,0,0,0,38
43,9,2,2,1,0,38
46,13,2,9,1,0,38
33,15,4,9,0,0,38
45,13,2,4,1,7298,38
55,9,2,2,1,0,38
41,14,2,3,1,0,38
50,10,0,10,1,0,38
55,13,2,3,1,0,38
36,14,2,11,1,7688,38
39,13,2,9,1,0,29
54,13,0,3,0,0,38
47,14,0,3,1,0,38
31,13,4,12,1,0,38
60,8,2,0,1,0,38
20,10,4,0,0,0,38
26,9,4,0,0,2354,38
57,9,2,3,1,0,38
39,6,2,5,1,0,38
32,11,2,12,1,0,38
44,10,4,0,0,0,38
25,9,4,11,1,0,38
27,13,2,10,1,0,38
54,14,2,9,1,0,38
37,9,2,2,1,0,38
22,10,4,11,0,0,38
41,9,2,9,1,7688,38
49,9,2,5,1,0,38
39,10,2,6,1,0,38
47,10,2,9,1,0,38
48,14,4,3,1,0,38
39,9,2,0,0,0,38
37,9,2,7,1,0,38
63,9,2,3,1,0,38
33,9,2,3,1,5013,38
19,9,4,6,0,0,38
38,9,2,6,1,0,4
59,9,2,2,1,0,38
18,9,4,2,1,0,38
55,13,2,3,1,0,18
45,13,2,0,1,0,38
46,13,2,10,1,99999,38
58,9,0,0,0,0,38
35,9,2,0,0,0,38
49,13,4,3,0,0,38
79,9,2,4,1,0,38
39,9,2,13,1,0,38
21,10,4,0,0,0,25
53,13,2,11,1,7688,38
30,15,2,9,1,0,13
25,9,3,4,0,0,30
37,9,2,2,1,0,38
47,9,5,11,0,0,38
34,13,0,11,0,0,38
32,9,2,2,1,0,38
32,11,2,2,1,0,38
38,13,4,10,0,4787,38
46,10,2,2,1,0,38
22,10,4,7,0,0,38
37,14,2,9,1,0,38
34,10,2,7,0,0,38
23,10,4,7,0,0,7
21,10,4,7,1,0,21
33,9,0,0,0,0,38
31,13,4,9,0,0,38
52,9,4,11,1,0,38
32,6,2,3,0,0,38
50,14,2,3,1,0,38
33,12,0,3,1,0,38
30,9,2,10,1,0,38
50,7,2,2,1,0,38
37,9,2,3,1,0,38
37,9,2,7,1,0,38
41,10,4,2,1,0,38
35,9,0,5,0,0,38
27,5,2,10,1,0,12
51,9,2,10,1,0,38
35,9,5,9,0,0,38
37,10,2,4,1,0,38
52,10,2,2,1,0,38
39,13,2,9,1,0,38
40,14,2,3,1,0,38
45,9,2,6,1,0,38
31,16,2,9,1,0,38
42,15,4,9,0,0,38
52,10,0,11,1,8614,4
31,9,2,11,1,0,38
41,14,2,3,1,0,38
21,9,4,0,1,0,38
37,12,2,4,1,2105,38
61,16,2,9,1,0,38
25,6,2,7,0,0,38
50,13,2,3,1,0,38
25,10,4,0,0,0,38
44,10,2,3,1,0,38
75,15,2,9,1,0,38
24,9,4,2,1,0,38
24,8,4,6,1,0,25
31,10,4,0,0,0,38
24,10,4,11,0,0,38
42,14,2,3,1,0,38
22,10,2,2,1,2407,38
34,14,2,0,1,0,38
35,10,4,6,1,0,38
22,9,4,11,0,0,38
48,9,5,0,0,0,38
37,9,4,0,0,0,38
36,9,2,0,0,0,38
29,9,2,2,1,0,38
45,13,4,9,0,0,38
36,9,0,6,1,0,38
33,10,2,9,1,0,22
27,10,4,0,0,0,38
59,14,2,3,1,0,38
35,13,2,3,1,4386,38
28,11,4,5,1,0,38
55,14,2,9,1,7298,38
28,9,2,11,0,0,38
37,13,2,12,0,0,38
21,10,4,5,1,0,38
31,10,2,11,1,0,38
45,15,0,9,1,0,38
46,14,2,9,1,0,38
55,9,2,3,1,0,38
30,10,2,11,1,0,38
45,10,2,2,1,0,38
47,9,2,3,1,0,38
46,13,4,9,0,0,38
53,9,2,13,1,0,38
44,9,2,10,1,0,38
49,9,2,13,1,0,38
43,13,0,11,1,0,38
54,11,2,13,1,0,38
45,9,4,2,1,0,38
28,10,2,0,1,0,38
42,9,0,3,0,0,38
55,9,0,13,1,0,38
21,9,4,0,0,0,38
61,10,2,11,0,0,38
35,11,0,9,0,0,38
37,5,2,6,1,0,38
53,9,2,2,1,0,38
45,9,2,5,1,7298,38
54,9,2,2,1,0,38
49,10,2,3,1,0,38
53,15,0,3,0,14084,38
52,13,2,3,1,0,38
48,14,2,3,1,0,38
51,14,2,9,1,0,38
53,10,2,13,1,0,38
70,14,2,3,1,0,38
52,13,2,9,1,0,38
27,11,2,4,1,0,38
46,10,2,10,1,0,38
58,5,2,13,1,0,38
44,12,2,2,1,0,38
67,9,4,3,0,0,38
51,9,2,0,1,0,38
28,6,2,2,1,0,38
43,13,4,9,1,0,38
51,14,2,9,0,0,38
58,13,4,4,0,8614,38
30,10,0,9,0,0,38
37,10,2,1,1,7688,38
26,10,2,6,1,0,38
33,10,4,2,1,0,38
42,13,2,3,1,0,38
42,13,2,3,1,15024,38
36,9,2,0,0,0,38
41,14,2,3,1,0,38
24,9,4,2,1,0,38
45,14,2,11,1,0,38
44,9,2,12,1,0,38
36,9,2,2,1,5178,38
46,14,2,3,1,0,38
18,6,4,0,1,0,38
43,13,2,2,1,0,38
38,9,2,9,0,0,38
38,10,4,11,0,0,38
40,9,0,13,1,0,38
52,13,2,3,1,99999,38
32,12,5,3,0,25236,38
46,9,2,11,1,0,38
59,13,2,11,1,0,38
42,10,2,3,1,15024,38
28,10,2,6,1,0,38
60,9,2,9,1,0,38
37,11,2,2,1,0,38
34,13,2,11,1,0,38
20,9,4,0,0,0,38
32,11,2,3,1,15024,38
47,9,2,6,1,0,38
45,9,0,3,0,0,38
33,9,4,0,0,0,38
45,9,2,3,1,0,38
38,14,2,9,1,0,38
51,13,2,9,1,0,38
41,5,5,7,1,0,38
63,6,2,2,1,0,38
37,9,2,13,1,0,38
29,9,4,0,0,0,38
46,15,2,9,1,0,38
42,11,0,0,0,0,38
53,9,2,2,1,0,38
42,13,2,3,1,0,38
44,9,2,6,1,0,38
24,3,4,2,1,0,7
28,9,2,3,1,15024,38
27,13,4,0,0,0,38
47,9,2,10,0,0,38
68,14,2,9,1,0,38
63,9,2,4,1,0,38
42,11,4,12,1,0,38
39,13,0,0,1,0,38
34,9,2,2,1,0,10
27,11,4,11,1,0,38
54,9,2,3,1,0,38
44,9,2,0,1,0,38
48,13,2,3,1,5178,38
57,2,6,2,0,0,3
41,11,2,3,1,0,38
43,14,2,3,1,5013,38
63,9,0,3,0,0,38
36,11,2,9,0,0,38
38,13,2,3,1,15024,38
45,9,2,0,1,0,38
21,9,4,11,1,0,38
34,14,2,3,1,0,38
26,9,0,2,1,0,38
30,13,4,6,0,0,38
45,9,2,6,1,0,38
49,13,0,9,1,6497,38
60,11,3,3,1,8614,38
29,9,4,2,1,0,38
43,9,2,6,1,0,38
24,10,4,5,1,0,21
51,9,2,2,1,0,38
33,10,2,3,0,0,38
29,13,2,11,1,0,38
59,9,2,2,1,0,38
56,10,6,2,0,0,38
40,10,0,6,0,0,38
26,9,2,0,0,0,38
32,9,2,6,1,0,38
60,15,2,3,1,0,38
37,7,2,2,1,0,38
38,13,2,6,1,0,19
30,9,2,12,1,0,38
23,12,4,9,0,0,38
57,10,6,6,0,0,38
42,12,2,3,1,0,38
32,13,4,12,1,0,38
38,2,3,2,1,0,25
45,10,2,3,1,7298,38
29,6,4,9,1,0,38
36,9,2,0,1,0,38
41,10,2,2,1,0,38
55,15,0,9,0,0,38
36,9,0,2,1,0,38
62,13,2,3,1,0,38
54,9,2,2,1,0,38
31,10,2,3,1,0,38
39,9,2,5,1,0,38
30,13,4,11,0,0,38
57,14,2,11,0,15024,38
47,13,2,9,1,0,38
35,13,2,3,1,0,38
47,13,2,2,1,0,38
41,13,6,11,1,0,38
59,6,2,2,1,0,38
48,14,2,9,1,0,38
27,10,4,7,0,0,38
45,10,2,9,1,0,38
55,16,2,9,1,0,38
43,10,0,3,1,0,38
37,10,2,5,1,0,38
45,10,2,0,0,0,38
20,8,4,7,1,0,38
19,9,4,4,1,0,38
22,9,4,5,1,0,38
32,12,2,2,1,0,38
31,13,2,11,1,0,38
56,9,2,13,1,0,38
49,13,0,3,0,0,38
52,9,2,3,1,0,38
38,11,2,2,1,4386,38
30,10,4,11,1,0,34
46,13,2,9,1,0,38
32,10,2,7,0,0,32
18,9,4,4,1,0,38
30,9,4,7,1,0,38
33,13,2,9,1,0,38
27,9,4,6,1,0,29
42,9,0,10,1,0,38
23,9,2,7,1,0,12
35,14,2,9,1,0,38
64,15,2,9,1,99999,38
32,10,4,3,0,0,38
54,10,2,11,1,7298,38
35,9,2,2,1,0,38
51,10,0,3,0,0,38
34,11,2,11,1,0,38
40,10,0,13,1,6849,38
55,9,0,2,1,0,38
28,13,2,9,1,0,38
47,9,2,3,1,0,38
21,12,4,0,1,0,38
50,7,0,7,0,0,38
53,9,2,5,1,3103,38
21,10,4,0,0,0,38
42,12,2,0,1,7688,38
48,16,2,9,0,0,38
44,9,2,11,1,0,38
41,15,2,9,1,0,7
46,13,2,9,1,0,38
62,15,2,9,1,0,2
32,12,2,10,1,0,38
44,9,2,0,0,0,38
36,13,4,11,0,0,2
22,8,4,7,1,0,38
31,10,2,2,1,0,38
38,13,2,3,1,7298,38
26,9,2,10,1,0,38
33,9,2,3,1,0,38
41,15,2,9,1,0,38
24,10,4,11,1,0,38
18,9,4,0,0,0,38
27,11,4,9,0,0,1
51,12,2,11,1,0,38
42,10,2,0,0,0,38
39,13,2,11,1,0,38
44,12,2,2,1,0,38
43,10,0,5,1,0,38
31,10,0,7,0,0,38
39,13,2,9,0,0,38
43,13,2,2,1,0,38
25,11,2,9,0,0,38
24,11,4,11,0,0,38
51,9,2,12,1,0,38
30,9,2,11,1,0,38
45,13,2,2,1,0,10
47,9,2,2,1,0,38
61,9,2,11,1,0,38
55,9,0,0,0,0,38
44,9,2,2,1,7688,38
36,9,4,2,1,0,38
65,13,2,3,1,0,38
32,11,4,9,1,0,38
50,7,6,6,0,0,38
25,10,4,0,1,0,38
25,10,4,11,1,0,38
40,13,2,11,1,0,38
38,9,2,2,1,0,38
40,14,4,9,0,0,38
60,13,2,3,1,0,38
49,11,2,5,1,0,38
27,10,0,11,1,0,38
47,13,4,9,0,0,38
23,9,4,2,1,0,38
58,12,6,0,0,0,38
30,9,4,3,0,0,38
39,10,2,3,1,0,38
47,13,3,7,0,4787,38
45,13,0,3,0,0,38
38,12,2,3,1,0,38
51,10,0,3,0,0,38
35,4,0,12,0,0,38
26,13,4,11,1,0,38
50,9,2,2,1,0,38
28,10,2,0,1,0,38
33,9,2,6,1,0,34
48,14,2,3,1,99999,38
53,10,5,0,0,0,38
56,7,0,6,0,0,38
42,10,2,11,1,0,38
38,10,2,2,1,0,38
78,10,4,8,1,19001,38
22,9,4,13,1,0,38
26,9,4,10,1,0,38
32,13,2,10,1,0,38
62,10,2,3,1,7298,38
53,14,2,3,0,0,38
23,10,3,0,0,0,12
26,9,2,10,1,0,38
42,10,2,2,1,0,7
46,12,2,2,1,0,38
32,9,0,6,1,0,38
50,9,2,10,1,0,38
22,9,4,0,0,0,38
33,10,2,11,1,0,38
45,9,2,0,1,0,38
19,9,4,6,0,0,38
36,13,1,9,0,0,38
46,10,0,13,1,0,38
31,9,2,2,1,0,38
32,9,2,10,1,0,38
41,9,2,2,1,0,38
52,10,2,3,1,0,38
79,16,2,9,1,20051,7
47,13,2,3,0,0,38
50,8,0,13,1,0,38
61,13,2,3,1,0,38
57,9,2,9,1,0,8
54,9,2,2,1,0,38
34,10,2,2,1,15024,38
41,9,2,6,1,0,38
45,13,4,3,1,0,38
42,9,0,9,0,0,38
42,3,5,0,1,0,7
37,10,2,2,1,0,38
67,9,2,3,1,0,38
56,13,2,9,1,0,38
44,9,4,0,0,0,38
47,11,2,2,1,0,18
39,10,2,0,1,0,38
21,7,2,2,1,0,25
55,12,2,11,1,7688,38
38,9,4,4,1,0,38
20,7,5,7,0,0,38
53,9,2,10,1,0,38
33,15,4,9,1,0,38
46,9,2,11,1,0,38
70,14,2,5,1,99999,38
32,9,0,0,1,0,38
54,9,2,2,1,0,38
36,9,2,2,1,0,38
44,13,2,3,1,0,8
54,9,2,6,1,0,38
50,9,0,0,0,0,38
43,14,4,3,0,10520,38
53,10,2,2,1,0,38
40,10,2,12,1,0,38
40,12,0,11,0,0,38
48,13,2,3,1,0,38
27,11,2,13,1,0,38
33,6,0,13,1,0,38
47,14,4,9,0,0,38
34,12,4,0,0,0,38
46,14,2,3,0,0,38
25,13,4,3,1,0,38
28,10,4,0,0,0,38
33,9,2,5,1,0,38
37,9,2,13,1,7298,38
42,14,0,3,1,0,38
38,14,2,9,1,0,38
58,13,2,9,1,7298,38
60,10,2,10,1,7298,38
51,10,2,3,1,0,38
50,9,2,2,1,7688,38
47,13,2,3,1,0,23
39,9,2,2,1,0,38
41,13,2,9,1,0,38
27,7,2,6,1,0,38
60,11,2,1,1,0,38
34,10,4,5,1,0,38
45,9,2,3,1,0,38
48,13,2,9,1,0,38
39,13,4,3,1,0,38
24,11,2,6,0,7688,38
43,10,4,0,0,0,38
39,10,2,0,1,0,38
35,9,2,13,1,0,38
54,9,2,3,1,0,38
41,14,2,9,1,0,38
45,9,2,2,1,0,38
19,9,4,7,0,0,38
50,13,2,11,1,15024,38
34,7,2,5,1,0,25
37,13,2,11,1,0,38
28,5,2,11,1,4508,38
35,15,2,9,1,0,38
27,13,4,3,1,0,38
40,14,2,9,0,0,38
36,13,2,11,1,0,38
24,9,4,0,1,0,38
46,14,4,9,0,0,38
31,10,4,2,1,0,38
32,9,2,11,0,0,38
42,5,2,7,1,0,38
36,9,2,11,1,0,38
36,11,2,3,0,0,38
40,10,2,10,1,7298,38
51,10,0,0,0,0,38
45,14,0,9,0,0,38
43,10,2,9,0,0,38
61,11,2,12,1,0,38
58,9,2,0,1,0,38
40,9,0,0,1,10520,38
36,13,2,0,1,0,38
43,9,2,6,1,0,38
45,9,1,12,0,0,38
37,9,2,13,1,0,38
49,11,2,9,1,0,38
27,13,4,0,0,0,38
40,13,2,11,1,0,38
38,13,2,3,1,0,38
24,11,4,3,1,0,38
35,6,4,0,1,0,38
44,9,2,11,0,0,38
24,10,2,13,1,0,38
65,13,2,3,1,0,38
34,16,2,9,1,0,35
30,11,4,0,1,2463,39
63,15,3,9,0,4787,38
29,13,4,3,0,0,38
73,10,2,9,1,0,38
28,10,4,13,1,0,38
43,9,2,3,1,15024,38
52,7,6,7,0,0,38
19,9,4,5,1,0,38
38,13,2,3,0,7688,38
43,14,0,3,0,0,38
22,9,5,11,0,0,38
42,9,2,2,1,0,38
48,13,2,3,1,0,38
44,14,2,3,1,0,38
49,5,0,0,1,0,38
42,10,2,2,1,0,38
26,3,4,13,1,0,38
38,13,2,9,1,7298,38
29,13,2,10,1,0,38
35,13,2,9,1,0,38
33,12,2,2,1,0,38
63,15,2,9,1,15024,38
47,9,2,2,1,0,38
51,9,2,0,1,0,38
45,13,4,9,1,0,38
41,9,5,7,0,0,38
36,9,2,9,1,15024,38
44,9,2,13,1,0,38
46,12,4,3,0,10520,38
51,13,5,0,0,0,38
37,10,2,6,1,3464,38
25,9,4,0,0,0,38
53,9,2,0,1,0,38
61,10,2,11,1,0,38
46,10,2,10,1,0,38
39,9,2,6,1,0,38
46,10,0,0,0,0,38
22,9,4,2,1,0,38
34,10,2,9,1,0,38
40,15,0,7,0,0,38
32,13,2,3,0,0,38
25,9,4,2,1,0,38
37,7,2,13,1,0,38
24,10,4,0,0,0,38
38,10,2,2,1,0,38
59,10,2,3,1,0,38
30,9,2,0,0,0,38
53,9,0,7,0,0,38
39,9,2,2,1,0,38
60,9,2,4,1,0,38
35,12,4,2,1,8614,38
52,9,5,0,0,0,38
39,10,0,0,0,0,38
24,13,4,9,0,0,38
46,14,4,3,0,0,38
33,9,2,2,1,0,38
29,11,2,2,1,0,38
37,10,2,2,1,0,38
45,13,2,0,1,0,38
32,10,2,9,0,0,38
41,13,2,0,0,0,29
54,9,5,11,0,0,38
59,10,2,3,1,0,38
25,13,4,2,1,0,38
33,14,2,9,1,0,38
32,7,5,5,0,0,26
34,10,2,7,1,0,38
34,9,2,2,1,0,38
36,7,2,13,1,0,38
46,11,2,12,1,0,38
50,10,2,11,1,0,38
28,9,2,2,1,0,38
38,13,2,9,0,0,8
37,14,2,9,0,0,38
27,9,2,7,1,0,38
51,13,0,4,1,0,38
27,9,4,7,1,0,38
30,9,2,2,1,0,38
21,9,2,0,1,0,38
52,13,2,3,1,0,38
38,10,2,3,1,0,38
65,13,2,3,1,0,38
42,16,2,9,1,0,38
42,10,2,2,1,7298,38
46,9,2,6,1,0,38
24,13,4,0,0,0,38
34,10,2,2,1,0,38
69,13,5,3,1,0,38
45,13,2,2,1,0,8
75,1,4,8,0,0,29
31,10,2,11,1,0,38
25,13,4,9,0,0,38
26,13,4,9,0,0,38
32,10,2,10,1,0,38
32,13,2,11,1,0,38
40,9,2,6,1,0,38
31,12,2,0,1,0,21
27,13,2,3,1,0,38
36,9,2,2,0,0,38
57,10,2,3,1,0,38
58,5,2,5,1,0,38
27,10,2,13,1,0,38
32,13,2,11,1,0,38
31,9,2,7,1,0,38
29,10,4,10,1,0,38
24,9,4,5,0,0,38
44,13,4,0,0,0,38
44,9,2,6,0,0,38
50,9,2,2,1,0,38
42,13,2,3,1,0,38
48,13,2,11,1,0,38
20,9,4,4,1,0,38
33,7,4,11,0,0,38
30,13,2,9,1,0,38
54,13,2,3,1,0,38
32,1,2,6,1,0,25
54,9,2,2,1,0,38
30,7,2,2,1,0,38
32,9,0,9,0,0,38
35,9,2,13,1,0,38
33,11,2,10,1,0,38
57,4,2,9,1,0,38
36,14,2,9,1,0,2
34,10,2,3,1,0,38
37,9,4,3,0,0,38
30,10,5,7,0,0,38
36,4,3,6,0,2977,32
56,13,2,9,1,0,38
54,13,2,3,1,0,38
32,13,2,4,1,0,38
41,9,2,2,1,0,38
36,13,2,3,1,0,38
38,9,2,2,1,0,38
48,13,2,0,1,0,38
45,12,2,2,1,0,38
57,13,0,0,1,2174,38
54,10,2,9,1,0,38
39,12,2,0,0,0,38
36,13,2,2,1,0,38
40,13,2,10,1,0,38
59,13,2,5,1,0,21
25,13,4,11,1,3325,38
35,13,2,3,1,0,38
54,9,3,6,0,0,19
37,13,2,9,1,0,38
60,9,2,9,1,0,38
57,16,0,9,0,0,38
48,14,0,3,0,0,38
27,2,4,2,1,0,25
38,13,2,9,1,0,8
40,14,2,9,0,0,38
31,9,2,2,1,0,38
39,9,2,2,1,0,38
26,8,2,8,0,0,5
27,9,4,2,1,0,38
33,10,0,9,1,0,38
44,5,0,2,1,0,38
41,9,4,0,1,0,38
24,10,4,7,0,0,38
44,9,2,9,1,0,38
66,4,2,4,1,0,38
24,10,4,3,0,0,38
41,9,2,13,1,0,38
20,7,4,13,1,0,38
28,13,2,3,1,0,38
44,10,3,2,0,1506,38
60,10,6,0,0,0,38
40,16,2,3,1,3103,18
31,9,4,2,1,0,38
54,11,0,2,1,0,38
19,10,4,11,0,0,38
32,13,2,3,1,0,8
66,11,6,7,0,3273,38
37,9,2,13,1,0,38
22,10,4,6,1,0,38
34,10,2,9,1,0,38
25,14,4,9,1,0,38
50,9,2,11,0,0,38
23,10,5,11,0,0,38
49,11,0,12,0,0,38
49,13,2,11,1,0,38
28,9,2,2,1,0,21
27,9,4,0,0,0,38
59,9,2,2,1,0,38
43,13,1,11,1,0,38
28,13,2,11,1,0,38
53,10,2,2,1,7688,36
60,3,2,2,1,0,25
56,3,2,7,1,0,38
28,10,2,3,1,0,38
56,9,2,6,1,0,21
22,13,4,3,0,0,38
38,13,4,0,0,0,38
35,11,2,2,0,0,38
19,10,4,0,0,0,38
28,10,2,2,1,0,38
40,9,0,2,1,0,38
27,9,2,2,1,0,38
61,9,2,3,1,0,38
27,8,4,2,1,14344,38
46,9,2,3,1,0,38
32,7,4,13,1,0,38
17,5,4,7,1,0,38
39,14,2,9,1,0,38
55,13,2,3,1,0,32
33,9,5,12,1,0,38
20,3,3,4,1,0,25
32,11,2,0,0,0,38
55,9,2,2,1,0,38
49,13,2,11,1,0,38
53,9,2,2,1,15024,38
58,13,2,9,0,0,38
30,9,2,10,1,0,38
37,10,2,0,1,0,29
40,10,2,4,1,0,38
31,9,2,3,1,0,38
34,13,4,11,0,0,38
61,14,2,9,0,0,38
48,13,2,3,1,99999,38
55,9,0,2,1,0,38
45,13,2,3,1,0,38
52,10,4,0,1,0,38
32,10,4,0,1,0,38
45,9,2,11,1,0,38
45,15,4,2,1,0,38
22,9,4,7,1,0,38
41,10,2,0,0,0,38
48,13,2,9,1,15024,38
41,10,0,2,0,0,38
33,9,2,11,1,0,38
50,15,2,9,1,0,38
35,9,0,11,0,0,38
38,9,2,6,0,0,38
37,10,0,2,0,0,38
23,9,4,12,0,0,38
45,10,2,2,1,0,38
37,11,2,0,1,7298,38
50,6,2,2,1,0,38
57,13,2,3,1,0,38
49,9,4,0,1,0,38
61,9,6,3,0,0,38
51,9,0,7,0,0,38
31,13,2,2,1,0,38
32,10,2,9,0,0,38
35,10,4,5,1,0,38
53,9,2,13,1,0,38
44,16,2,9,1,0,38
47,9,2,13,1,5178,38
55,9,0,0,0,0,38
35,9,2,0,0,0,38
63,10,2,7,1,0,38
67,13,0,0,0,6360,38
55,9,5,0,0,0,38
47,13,2,9,1,15024,38
61,13,2,2,1,0,8
45,9,4,11,1,0,38
35,9,2,7,1,0,2
36,13,2,0,1,0,38
49,9,2,3,1,0,38
35,9,4,6,1,0,38
31,4,0,6,0,0,38
34,10,2,3,0,7298,38
61,15,2,9,1,0,38
53,9,0,2,1,0,38
36,13,2,9,1,0,38
23,8,4,7,0,0,38
29,10,2,8,0,4386,38
75,9,2,4,1,3456,38
24,9,4,3,1,0,38
39,14,2,9,1,0,38
20,9,4,5,1,0,38
45,13,0,9,0,0,38
59,9,2,2,1,0,38
66,9,4,11,0,0,38
23,9,4,6,1,0,38
47,13,2,9,0,0,29
48,14,2,3,1,15024,38
29,11,2,12,1,0,38
48,9,0,0,0,0,38
32,13,2,3,1,0,38
61,9,2,3,1,0,38
58,9,2,3,1,7298,38
33,10,4,11,1,0,38
43,13,0,3,1,0,38
35,10,1,2,0,0,22
32,10,2,2,1,0,38
30,13,2,11,1,0,38
43,12,0,2,1,0,38
42,12,2,9,1,0,38
47,9,2,5,1,0,38
55,9,2,0,0,0,38
45,10,4,6,1,0,38
36,9,5,0,0,0,38
35,14,2,0,1,0,38
34,9,2,2,1,0,38
41,9,2,0,1,0,38
24,9,4,6,1,0,38
51,9,2,2,1,0,38
43,9,0,2,1,0,38
51,10,2,3,1,0,38
55,9,2,2,0,7688,38
38,13,2,11,1,0,38
55,10,2,0,0,0,38
49,14,2,3,1,0,38
53,10,2,12,1,7298,38
25,10,2,3,1,0,38
33,11,2,9,1,0,38
47,10,0,0,0,0,38
41,15,2,9,1,0,38
48,9,2,0,1,4386,38
40,14,4,9,0,0,38
37,10,2,6,1,0,38
52,9,6,0,0,0,38
46,9,2,2,1,3464,38
50,9,2,4,1,0,38
23,9,4,13,1,0,13
46,15,4,3,1,0,38
46,7,0,5,0,0,38
43,13,2,9,1,0,38
44,10,3,5,1,0,30
20,9,3,0,0,0,38
37,9,2,5,1,0,38
27,13,4,10,0,0,38
30,5,4,5,1,0,38
18,10,4,2,0,0,38
41,9,2,2,1,0,38
40,9,2,3,1,0,38
59,10,2,11,1,0,38
37,13,2,9,0,0,38
37,9,0,6,1,0,38
26,13,4,3,1,0,38
41,13,0,7,1,0,38
44,9,2,13,1,0,38
24,10,4,12,1,14344,38
35,10,2,2,1,0,38
22,8,4,4,1,0,38
47,10,2,12,1,3103,38
46,13,2,3,1,0,38
51,10,6,6,0,0,38
36,9,2,7,1,0,38
32,7,0,11,1,0,38
29,9,0,0,0,0,38
42,10,2,2,1,3103,38
37,9,2,13,1,0,38
40,10,0,2,1,0,38
40,9,0,13,1,0,38
21,9,4,0,0,0,38
35,8,2,2,0,0,38
34,12,0,6,1,0,38
31,9,2,6,1,0,38
29,10,2,9,1,0,38
36,13,2,3,1,0,19
40,12,0,3,0,0,38
61,13,2,9,1,0,38
33,13,2,3,1,0,38
35,9,4,0,1,0,38
38,10,2,2,1,0,38
20,4,4,6,0,0,38
41,10,2,13,1,3942,38
36,4,2,4,1,0,25
38,13,2,10,1,7298,38
36,13,0,12,0,0,38
19,9,4,0,1,0,38
24,13,4,8,0,0,9
32,10,2,11,1,5178,38
39,13,4,9,1,0,38
49,13,0,3,0,0,38
47,11,1,4,0,14084,38
34,10,2,11,1,0,38
40,9,2,6,1,0,38
53,13,2,9,1,7688,38
33,13,4,11,1,0,38
37,9,2,2,1,0,38
31,11,0,6,1,0,38
36,10,0,3,0,0,38
47,14,2,9,1,0,38
36,9,2,12,1,0,38
36,13,2,3,0,0,38
43,13,2,9,1,0,38
57,9,2,11,1,0,38
43,3,0,8,0,0,25
55,9,4,2,1,0,38
52,10,2,3,0,0,38
48,10,2,11,1,0,38
36,13,2,9,0,0,38
36,9,2,13,1,7298,38
41,14,0,9,0,7430,38
36,9,2,3,1,0,38
26,10,4,11,1,0,38
30,13,2,9,1,0,38
39,9,2,7,1,0,38
34,9,3,6,0,0,38
51,11,6,9,0,0,38
45,10,4,9,0,0,38
51,15,2,9,1,0,38
50,13,2,9,1,0,38
27,9,4,11,1,0,38
45,9,6,11,0,0,38
36,14,2,3,1,0,38
39,13,2,9,1,0,38
25,11,2,0,0,0,38
43,9,2,3,1,0,38
63,13,4,12,1,0,38
41,9,2,3,0,7298,38
26,10,4,0,1,2597,38
50,10,2,11,1,0,38
45,9,2,2,1,0,38
28,9,2,2,1,0,38
63,13,2,2,1,0,38
30,10,2,4,1,0,38
45,13,0,10,1,0,38
35,13,4,9,0,0,29
40,9,4,2,1,0,38
37,13,2,0,0,0,38
43,13,2,3,1,0,38
22,9,4,5,1,0,38
37,9,2,4,1,5178,38
43,13,4,11,1,0,38
42,12,0,2,1,0,38
44,13,0,11,0,14344,38
27,13,4,0,0,0,38
50,9,2,0,1,7298,38
62,9,2,2,1,7298,38
22,13,4,0,0,0,38
27,13,4,3,0,0,38
35,9,0,5,0,0,38
24,9,4,2,1,0,38
42,9,5,0,1,0,38
45,14,2,3,1,7688,38
38,10,2,7,0,0,38
31,12,2,2,1,0,38
37,13,4,9,0,0,38
42,3,2,7,1,0,25
47,10,4,7,0,0,27
36,9,5,0,0,0,29
57,9,4,11,0,0,38
44,10,0,3,0,0,38
30,15,4,9,0,0,38
24,13,4,0,1,0,38
44,13,2,0,1,0,29
25,13,4,9,0,0,38
51,12,2,12,1,0,38
43,13,2,3,1,0,38
50,11,2,9,1,0,38
48,13,0,9,0,0,38
48,13,2,0,1,0,38
58,14,0,9,0,10520,38
26,10,4,11,1,0,38
29,9,2,6,1,0,38
61,9,2,13,1,0,38
57,13,2,2,1,0,38
32,10,0,3,0,0,38
68,10,2,11,1,20051,38
28,13,2,3,0,0,38
28,6,2,2,1,0,38
31,13,4,9,1,0,38
55,13,2,3,1,0,38
39,10,2,11,1,7688,38
20,10,4,5,0,0,38
48,14,2,3,1,0,38
44,9,2,10,1,0,1
29,13,4,11,1,0,38
41,14,2,9,1,15024,38
32,15,2,9,1,0,38
48,13,2,2,1,0,38
25,9,2,2,1,0,38
52,16,2,3,1,0,38
47,13,2,12,1,15024,38
60,7,2,13,1,0,38
37,10,2,0,1,7688,38
28,9,4,5,1,0,38
33,9,5,13,1,0,38
57,10,2,3,1,15024,38
51,9,0,0,0,0,38
45,9,2,2,1,7688,38
40,10,0,0,0,0,38
53,9,2,9,1,0,38
32,9,5,11,0,0,38
35,13,2,3,1,0,38
55,9,2,2,1,0,38
47,7,2,2,1,7298,38
38,9,2,6,1,0,38
26,9,2,0,1,0,38
47,13,2,3,1,0,38
32,9,4,6,0,0,38
23,13,4,4,1,0,38
47,15,2,9,1,0,38
48,7,2,7,0,0,38
59,10,2,3,1,0,38
43,10,2,9,0,0,38
31,9,2,6,1,0,38
30,13,4,11,0,0,38
59,9,0,7,1,0,2
35,10,2,7,1,0,38
48,7,5,0,1,0,38
48,9,4,6,0,2174,38
45,12,2,2,1,0,38
59,14,0,9,0,0,38
45,10,2,13,1,0,38
31,13,2,3,1,0,38
20,9,4,8,0,0,38
30,13,0,7,1,0,38
46,13,2,9,1,0,38
22,10,4,7,1,0,38
27,9,2,2,1,0,38
64,13,2,0,1,0,38
36,9,2,2,0,7298,38
41,10,2,3,1,0,38
45,9,2,6,1,0,38
61,13,2,9,1,0,38
29,9,0,11,0,0,38
32,13,4,9,1,0,38
41,15,2,9,1,0,38
45,9,0,7,1,0,38
32,12,4,11,1,0,38
48,13,2,5,1,0,38
40,9,2,3,1,0,38
41,10,0,2,1,0,38
35,9,0,2,1,0,38
42,9,0,4,1,0,38
53,13,2,3,1,0,38
27,10,0,0,1,0,38
40,10,2,11,0,0,38
39,14,4,9,1,4787,38
48,5,6,13,1,0,38
33,9,2,10,1,0,38
19,9,4,6,0,0,38
43,15,0,3,1,0,38
53,4,2,2,1,0,39
27,10,0,2,0,0,38
56,9,5,2,1,8614,28
52,6,2,2,1,0,38
51,9,2,6,1,0,38
48,12,0,7,1,0,38
50,9,2,2,0,9424,38
44,14,0,3,0,0,38
59,10,0,9,1,0,38
51,16,4,9,1,0,38
43,11,2,9,0,0,38
50,9,2,0,0,0,38
33,6,2,6,1,0,38
34,6,2,5,1,0,31
25,3,4,0,0,0,25
41,10,4,13,1,0,38
43,9,2,2,1,0,38
51,10,2,3,1,0,38
37,9,2,2,1,0,38
49,9,2,2,1,0,38
29,13,2,11,1,0,38
50,10,2,12,1,0,38
30,12,0,11,1,0,38
31,9,2,2,1,0,38
32,13,0,3,0,0,38
34,13,2,3,1,0,38
56,10,2,3,1,0,38
47,10,5,0,0,0,38
41,10,2,2,1,0,38
24,13,2,11,1,0,38
36,13,2,3,1,2407,38
23,9,4,3,1,0,38
20,10,4,2,0,0,38
49,10,0,9,1,0,38
47,16,2,9,1,0,38
34,10,2,3,1,0,38
23,9,2,0,1,0,38
46,9,0,9,0,0,38
33,11,4,7,1,0,4
23,9,4,11,1,0,38
44,13,2,10,1,0,38
37,10,0,12,0,0,38
37,10,2,11,1,0,38
33,9,0,11,1,0,23
36,9,2,0,0,0,38
54,14,0,9,0,0,38
36,4,2,6,1,0,38
33,9,4,7,1,0,38
37,13,2,9,1,0,38
46,14,2,3,1,0,38
45,9,4,3,0,0,38
47,16,2,9,1,0,38
44,11,2,3,1,0,38
60,10,2,11,1,7298,38
65,9,2,11,1,0,38
50,13,2,3,1,0,38
48,10,2,3,1,0,38
25,11,4,2,1,0,38
33,14,2,9,1,0,38
51,13,2,9,1,0,38
36,13,0,9,1,0,38
66,6,0,0,1,2050,38
29,9,5,2,1,0,38
41,12,2,9,1,7688,38
28,9,2,7,1,0,38
21,9,2,5,1,0,38
32,9,4,4,1,0,38
59,14,2,3,1,0,38
20,10,5,11,0,0,38
62,9,2,4,1,6418,38
36,13,0,9,0,0,38
38,4,2,6,0,0,1
48,9,2,0,1,0,38
51,13,2,9,0,0,1
44,9,2,11,0,0,38
52,9,5,2,1,0,38
24,2,2,5,1,0,25
47,10,2,2,1,0,38
46,13,4,11,1,0,38
39,10,2,9,1,0,38
65,13,2,3,1,5556,38
27,10,4,2,1,0,0
34,10,5,7,0,0,38
32,13,5,9,0,0,38
47,9,2,9,0,0,38
45,9,2,6,1,0,38
43,11,2,2,1,3103,38
39,9,2,9,1,0,38
34,10,2,2,1,0,38
51,13,4,11,0,0,38
41,10,2,11,1,0,38
46,13,2,10,1,0,38
28,14,0,11,0,0,38
29,13,2,9,0,0,38
31,10,4,2,1,0,21
37,9,2,11,1,0,38
61,16,2,9,1,0,38
32,14,4,0,1,0,38
52,14,0,9,0,0,38
31,9,2,6,1,0,38
45,9,4,5,1,0,38
40,6,0,2,1,0,38
52,8,2,6,1,0,38
45,13,2,3,1,0,38
39,13,0,3,0,0,38
39,5,2,6,1,0,38
61,9,2,3,1,0,38
36,10,2,2,1,0,38
34,13,2,11,1,0,38
36,14,2,10,1,7688,38
41,2,2,6,1,0,25
25,11,2,9,0,7688,38
20,9,4,5,1,0,38
51,10,2,5,1,0,38
29,9,2,2,1,0,38
44,10,2,2,1,7688,38
42,13,2,3,1,0,38
23,13,4,6,0,0,38
38,12,2,0,1,0,38
22,10,4,9,0,0,38
31,10,0,0,0,0,38
25,10,4,9,0,0,38
64,9,2,2,1,0,38
36,12,2,3,0,0,38
30,13,4,9,0,0,38
51,11,2,12,1,7298,38
45,13,2,2,1,0,23
25,13,2,11,0,5178,38
45,12,4,3,1,0,38
55,9,2,2,1,0,38
18,7,4,0,1,0,38
43,13,2,11,1,0,38
53,9,0,0,0,0,38
31,10,2,2,1,0,38
31,10,2,0,1,0,38
60,9,2,7,1,0,38
46,9,2,3,1,0,38
29,9,2,0,1,0,38
25,9,0,0,0,0,38
32,9,2,5,1,0,38
55,9,2,2,1,0,38
26,13,4,3,0,0,38
33,9,2,9,1,0,38
47,9,2,13,1,0,38
22,10,4,7,1,0,13
29,13,2,3,1,0,38
46,10,2,2,1,0,38
34,10,2,9,1,0,38
45,15,2,9,1,0,38
45,9,0,3,0,0,38
36,14,2,11,1,15024,38
28,9,0,0,1,0,38
54,3,2,13,1,0,38
50,13,0,9,0,0,20
42,10,0,3,0,0,38
31,13,3,11,1,0,38
31,9,2,5,1,5013,38
50,9,0,4,1,0,38
32,9,4,7,0,0,38
60,4,0,6,0,0,38
54,9,2,3,1,7298,38
54,9,4,11,1,0,38
52,9,2,6,1,0,38
41,13,2,3,1,0,38
30,13,2,11,1,0,38
22,9,4,7,1,0,38
21,10,4,7,1,0,38
30,10,4,0,1,0,38
36,11,2,0,0,0,38
55,6,2,2,1,99999,38
25,9,2,12,1,0,38
52,13,2,9,1,0,38
37,5,2,7,1,3137,38
23,13,2,9,1,0,38
50,13,2,12,1,15024,38
33,16,2,9,1,0,38
45,9,2,6,1,0,38
28,13,2,9,1,0,38
47,9,2,4,1,0,38
51,10,2,3,1,0,38
41,14,2,3,1,0,38
53,9,2,13,1,0,38
38,10,2,13,1,7298,38
38,9,4,11,0,0,38
75,14,3,9,0,0,38
53,13,2,3,1,0,38
34,10,2,2,1,0,38
25,9,4,5,1,0,38
37,9,4,7,0,0,38
31,9,4,0,0,0,38
36,12,0,3,1,0,38
54,13,2,3,1,15024,38
38,14,4,0,0,0,21
33,4,2,4,1,0,25
58,9,2,3,1,0,38
39,5,2,3,1,0,25
28,9,4,0,0,0,38
30,13,2,3,1,0,38
44,14,2,9,1,7688,38
34,14,2,3,1,0,38
24,5,4,6,0,0,5
47,8,2,0,1,0,32
66,9,2,0,0,0,38
37,12,2,9,1,0,38
26,13,4,3,0,0,38
42,12,2,3,0,0,38
46,12,2,10,1,0,38
32,13,2,2,1,0,38
24,13,4,1,1,0,38
36,14,2,9,1,0,38
21,7,4,11,0,0,38
46,9,0,0,0,0,38
46,10,2,2,1,0,18
66,9,2,12,1,0,38
52,3,4,6,0,0,38
51,16,2,9,0,0,38
38,9,2,6,1,0,25
33,10,2,12,1,0,38
34,10,2,12,1,0,38
58,9,2,1,1,6418,38
45,12,0,2,1,0,38
30,7,2,6,1,0,38
53,11,2,12,1,0,38
40,10,2,7,1,0,38
34,10,2,9,1,7298,38
39,11,0,0,0,0,38
48,9,0,6,1,0,38
32,13,2,10,1,0,38
22,9,4,6,1,0,38
28,9,0,5,0,0,38
27,10,4,6,0,0,38
38,9,2,2,1,4064,38
59,14,2,3,1,0,38
37,14,4,9,0,0,38
52,8,4,6,1,0,38
38,10,0,3,0,0,38
26,8,4,11,1,0,38
47,13,0,11,1,0,38
26,13,4,9,1,0,38
28,13,4,9,0,8614,38
28,10,4,0,1,0,13
38,13,2,11,1,0,38
54,6,2,5,1,0,38
46,10,0,6,1,0,38
60,14,0,9,0,0,38
51,6,0,2,0,0,38
42,12,0,0,1,0,38
57,10,2,2,1,0,38
47,13,2,3,1,0,38
21,10,4,0,1,0,38
41,9,0,10,1,0,38
44,9,2,2,1,0,38
48,4,4,4,1,0,38
35,13,2,0,1,0,29
36,9,4,11,0,0,38
46,15,2,9,1,15024,38
34,13,2,9,1,0,38
41,15,2,9,1,0,18
53,16,2,9,1,0,38
33,10,0,3,0,0,38
37,12,2,4,1,0,38
27,12,4,11,1,0,38
66,13,2,3,1,0,38
41,13,2,3,0,0,38
25,5,2,6,1,0,38
65,6,0,2,1,0,38
68,9,2,5,1,0,38
50,10,2,0,1,0,38
61,9,2,3,1,0,38
36,9,2,11,1,0,38
52,14,0,9,0,0,38
38,10,2,3,1,0,38
50,9,2,2,1,0,38
47,10,2,3,1,0,38
35,11,0,12,1,0,38
32,10,0,6,1,0,38
44,13,2,11,1,0,38
62,8,2,4,1,0,10
52,9,2,2,1,5013,38
37,10,2,11,0,7298,38
53,9,6,2,1,0,38
37,13,2,9,1,0,38
41,13,2,9,1,0,38
56,9,0,0,0,0,38
49,9,2,10,1,0,38
36,12,2,2,1,0,38
54,9,6,11,0,0,38
40,10,0,2,1,0,38
28,13,4,0,0,0,38
33,9,2,11,1,0,38
35,13,2,11,1,0,38
43,9,2,2,1,0,38
46,10,2,0,0,0,10
69,7,2,9,1,0,38
40,9,0,2,1,0,1
40,9,2,13,1,0,38
30,10,0,0,0,0,38
59,10,2,3,1,0,38
32,6,2,2,1,0,38
40,16,2,9,1,0,38
34,13,2,3,0,0,38
25,9,2,13,1,0,38
27,13,4,13,1,0,38
56,9,2,7,1,0,38
25,9,4,7,0,0,38
46,9,0,0,0,0,38
52,10,2,3,1,0,38
25,9,4,0,0,0,38
56,10,0,0,0,0,10
41,11,0,2,0,0,38
60,9,2,2,1,0,38
28,9,4,0,1,0,38
53,14,2,3,1,0,38
48,10,2,2,1,0,38
34,10,2,12,1,0,38
46,10,0,3,0,0,38
50,10,2,9,1,0,38
37,10,2,1,1,0,29
28,12,4,9,1,0,9
32,9,2,2,1,0,38
46,9,2,0,0,0,38
46,13,2,11,1,0,38
21,12,4,11,1,0,38
32,13,0,6,0,0,38
56,9,4,1,0,99999,38
41,9,2,11,1,0,38
43,9,0,12,0,0,38
62,4,6,4,0,0,38
25,13,4,12,0,0,38
63,9,2,0,1,0,38
32,9,4,2,1,0,38
44,9,4,2,0,10520,38
38,13,2,3,1,15024,38
26,9,4,2,1,0,38
49,13,0,9,0,0,38
38,13,4,7,1,0,38
57,13,0,3,0,0,38
19,9,4,7,0,0,7
33,9,5,7,0,0,2
27,9,4,11,1,0,38
39,8,3,13,1,0,38
18,7,4,0,0,0,38
38,9,4,2,0,0,38
43,10,2,11,1,0,38
39,14,4,9,0,0,38
31,13,4,3,0,0,4
41,11,2,3,1,0,38
68,10,0,11,0,0,38
30,14,2,9,1,0,38
40,11,2,0,1,0,38
41,10,2,11,1,0,38
24,13,4,3,0,0,29
40,13,4,9,1,0,38
41,10,0,2,1,0,38
40,9,2,6,1,0,38
20,10,4,0,0,0,38
44,9,2,6,1,0,38
32,10,2,3,1,15024,38
31,4,2,2,1,0,38
31,16,2,9,1,0,2
39,8,0,11,0,0,38
50,8,2,11,1,0,0
41,13,0,9,0,0,38
19,9,4,7,1,0,38
51,13,2,3,1,7688,38
47,9,2,13,1,0,38
41,14,4,3,1,27828,38
54,10,2,11,1,0,38
86,14,4,0,0,0,38
46,9,2,3,1,0,38
37,15,0,9,0,14084,38
38,9,3,7,1,0,38
29,13,2,9,1,0,38
64,14,0,9,1,0,38
28,13,4,9,1,0,38
48,10,2,9,1,5013,38
49,8,2,6,1,0,38
39,13,2,3,1,15024,38
52,9,2,8,1,0,10
54,14,0,9,0,0,38
49,14,4,11,0,0,38
31,9,4,5,0,0,38
35,15,4,3,1,4787,23
47,13,2,11,1,0,38
49,9,2,2,1,0,38
32,9,2,2,1,0,38
60,13,2,3,1,15024,38
46,13,0,2,1,0,38
31,10,4,3,1,0,38
55,14,2,9,1,0,38
18,4,4,4,1,0,38
37,15,2,11,1,0,38
48,9,4,11,1,0,38
57,9,5,2,1,0,38
25,13,4,9,0,0,38
44,10,2,3,1,0,38
18,9,4,0,0,0,38
62,10,2,11,1,0,38
21,10,4,5,1,0,38
40,9,0,2,1,13550,38
41,13,2,12,1,0,38
28,14,2,9,0,0,38
34,15,2,3,1,2829,38
54,6,5,11,0,0,21
31,11,2,2,1,3464,38
34,9,2,7,1,0,38
45,10,2,2,1,15024,38
30,9,4,11,1,0,38
36,9,0,6,0,0,38
38,13,2,9,1,0,38
33,12,2,9,1,0,38
28,9,4,11,0,2202,38
43,14,0,3,0,0,38
24,10,4,0,1,0,38
44,10,0,11,0,0,38
55,14,2,3,1,0,38
25,9,4,7,1,0,7
25,9,0,5,0,0,29
36,12,2,2,1,0,38
54,9,2,2,1,0,38
48,9,2,0,0,0,38
37,12,2,3,0,7688,38
47,9,2,6,0,15024,38
36,9,2,13,0,0,38
59,6,0,0,0,0,8
47,9,5,9,0,0,32
30,9,2,2,1,0,38
32,15,2,9,1,0,38
37,12,2,0,1,7298,38
58,2,5,4,1,0,38
54,10,0,2,0,0,38
35,10,2,7,1,0,38
28,11,2,0,1,2407,38
54,13,2,11,1,0,38
35,11,2,2,1,0,38
31,9,4,2,1,0,8
24,9,4,0,0,0,38
54,10,0,0,0,0,38
59,15,2,9,1,0,38
30,9,4,6,1,0,38
39,13,2,9,1,0,38
57,7,2,6,1,0,38
56,10,2,2,1,0,38
24,9,4,7,0,0,38
36,10,2,0,0,99999,38
44,16,2,3,1,15024,23
43,9,2,7,1,0,38
45,9,2,6,1,0,38
44,12,2,11,1,4386,38
36,9,2,0,0,0,1
27,10,0,0,0,0,38
35,9,4,0,1,8614,38
19,10,4,0,0,0,38
36,9,2,0,0,99999,38
26,9,4,11,0,0,38
43,11,2,3,1,0,38
39,10,2,0,0,0,38
47,9,2,7,1,0,38
32,13,4,3,1,13550,38
44,9,4,7,0,0,38
57,9,6,11,0,0,38
40,16,2,9,1,0,35
51,10,2,9,1,0,38
32,10,2,11,1,0,38
59,12,2,3,1,0,38
61,8,2,2,1,0,38
26,14,2,9,1,0,38
50,9,2,13,1,0,38
51,10,2,6,1,7298,38
32,9,0,2,1,0,38
34,13,2,9,1,0,38
34,13,4,0,0,0,38
51,13,2,3,1,0,38
27,9,4,2,0,0,38
32,13,4,9,1,0,38
46,13,0,9,1,0,38
37,13,2,11,1,0,38
56,13,2,9,1,0,38
30,9,4,2,1,0,38
51,9,2,0,1,0,38
37,10,4,0,0,0,38
37,9,2,2,1,5178,38
37,13,4,3,1,0,38
32,9,2,2,1,0,38
30,9,2,3,1,0,38
44,14,2,9,0,0,38
47,13,2,11,1,0,38
29,9,2,2,1,0,38
36,9,0,2,1,0,38
26,9,4,5,1,0,38
26,13,4,0,0,0,36
30,9,2,2,1,0,38
33,13,4,11,0,0,38
33,9,2,6,1,0,38
48,8,2,4,1,0,38
42,13,2,0,1,0,38
51,10,2,2,1,7298,38
59,7,2,6,1,0,38
49,9,0,6,1,0,38
24,10,4,2,1,0,38
33,14,2,3,1,7298,38
24,9,2,0,1,0,38
49,14,2,3,1,0,38
21,9,4,7,1,0,38
49,13,2,2,1,0,38
55,13,2,0,1,7688,38
44,14,2,3,1,0,38
28,9,2,3,1,0,38
29,9,2,2,1,0,38
39,15,2,9,1,0,38
26,9,2,11,1,0,38
41,13,2,3,1,0,40
51,10,2,0,1,7298,38
21,9,4,2,1,0,38
36,13,6,9,0,0,38
42,14,2,9,1,0,38
45,10,2,13,1,7298,38
54,14,2,9,1,0,38
25,9,4,2,1,0,38
23,7,4,2,1,0,25
65,10,2,11,1,0,38
35,9,4,0,1,0,38
28,13,4,10,1,13550,38
59,6,2,13,1,0,38
71,10,6,11,1,0,38
29,10,2,2,1,0,38
37,12,0,9,0,0,38
53,9,2,0,0,0,38
41,9,2,2,1,0,38
43,9,0,6,0,0,38
62,13,2,3,1,0,38
49,6,2,7,1,0,38
42,14,0,9,1,0,38
30,11,2,11,1,4064,38
21,10,4,7,0,0,38
36,10,2,2,1,0,38
28,10,2,0,1,0,38
42,9,0,4,1,0,38
45,9,0,13,1,0,38
51,10,5,3,0,0,38
39,11,2,0,1,0,38
36,9,2,2,1,0,38
35,7,2,11,1,0,38
61,6,2,2,1,0,38
60,7,2,2,1,0,38
32,7,0,11,1,0,38
47,9,0,7,0,0,38
27,13,2,0,0,0,4
44,10,0,0,0,0,38
40,13,2,9,1,0,38
34,14,2,9,1,7688,38
50,9,1,10,1,4934,38
37,10,2,2,1,0,38
48,13,0,5,1,0,38
30,10,0,0,0,0,38
58,6,2,13,1,0,38
26,12,4,2,1,0,38
60,13,2,3,1,0,38
53,10,5,3,0,0,38
54,15,2,9,1,99999,29
38,9,0,0,0,0,38
46,11,2,3,1,0,38
33,13,4,11,0,0,38
47,13,2,3,0,0,38
41,14,2,9,1,0,38
46,9,2,13,1,0,38
41,9,2,2,1,0,38
43,13,2,11,1,0,38
39,9,4,13,1,0,38
37,13,4,9,1,0,38
24,11,4,7,0,0,38
28,10,5,5,1,0,38
23,12,4,7,1,0,38
28,10,2,12,1,0,38
65,9,2,3,1,0,38
58,9,2,11,1,0,38
33,15,2,9,0,0,38
29,10,2,9,1,0,38
51,12,2,11,1,0,38
43,10,2,13,1,0,38
26,10,4,0,0,0,38
31,10,4,9,1,0,38
59,9,2,2,1,0,38
21,9,4,5,0,0,38
57,10,2,11,1,5013,38
34,5,5,6,0,0,5
56,9,0,2,1,0,38
30,9,2,13,1,0,38
29,10,2,2,1,0,22
27,12,2,12,0,0,38
47,9,2,2,1,0,38
59,9,2,13,1,0,38
50,9,0,9,0,0,38
41,16,2,9,1,0,38
33,15,2,3,0,0,38
51,11,2,3,0,0,29
22,9,4,11,1,0,38
36,9,4,0,0,0,38
46,10,2,2,1,0,38
32,12,4,0,0,0,38
26,11,4,2,1,0,38
23,9,4,2,1,0,38
53,13,2,3,1,0,38
42,12,2,13,1,0,38
62,4,6,0,1,0,38
33,9,2,0,1,0,38
36,9,2,3,1,0,38
21,10,4,11,1,0,38
20,10,4,0,1,0,38
37,9,2,13,1,0,38
56,15,2,9,1,0,38
47,16,2,9,1,0,38
27,10,2,9,1,0,38
25,13,2,9,1,0,38
51,9,3,2,1,0,3
50,9,2,2,1,7688,38
22,12,2,1,0,0,38
29,12,4,9,1,0,38
28,9,2,5,1,0,38
28,9,4,3,0,0,38
29,10,4,5,1,0,38
50,9,2,2,1,0,38
45,16,0,9,1,0,38
39,10,4,0,1,0,38
53,13,2,9,1,7688,38
40,10,2,13,1,0,38
37,11,2,9,0,0,38
43,15,2,9,1,0,38
20,11,4,0,0,0,38
73,13,2,10,1,0,38
31,13,2,11,1,0,38
34,9,2,2,1,0,38
31,14,2,11,1,0,38
44,9,2,2,1,0,38
25,9,0,2,1,0,38
46,14,2,11,1,0,29
40,10,0,9,0,0,38
52,9,2,0,0,0,38
32,13,2,11,1,0,38
43,14,2,9,1,0,18
34,10,2,2,1,0,38
51,9,2,2,1,7298,38
43,13,0,11,1,0,38
31,6,0,2,1,0,38
48,14,2,12,1,0,38
28,12,2,10,1,0,8
41,9,2,2,1,7688,38
31,13,2,3,0,0,38
50,10,1,0,0,0,38
42,9,6,13,0,0,38
41,9,2,13,1,0,38
38,13,2,6,1,0,38
23,10,4,6,1,0,38
43,9,2,13,1,0,38
37,15,4,9,0,14084,38
60,9,2,2,1,0,38
38,9,2,12,1,0,38
43,13,2,9,1,0,38
50,10,2,0,1,0,38
26,10,4,11,1,0,38
37,13,2,3,1,7298,38
40,14,4,3,1,0,38
29,11,2,9,1,0,38
34,14,2,3,1,0,38
40,13,2,9,1,0,38
26,9,4,0,0,0,38
53,16,2,9,1,7688,38
62,13,2,0,1,0,21
40,12,0,9,0,0,38
30,14,4,11,0,13550,38
58,10,2,2,1,0,38
22,13,4,3,0,0,38
35,9,0,0,0,0,38
31,9,4,2,1,4101,38
29,9,4,2,1,0,38
31,9,2,7,0,0,38
53,14,2,9,1,0,38
45,13,2,1,1,3103,38
64,9,2,0,1,0,38
51,9,4,2,1,0,38
40,10,2,2,1,5178,38
42,6,2,2,1,0,38
63,9,6,7,0,0,38
25,12,4,12,0,0,38
40,9,2,11,0,7298,38
60,15,2,10,1,0,38
40,10,2,7,0,0,33
22,12,2,9,0,0,38
35,15,2,9,1,0,38
50,6,2,2,1,0,38
64,4,2,2,1,0,38
39,13,2,0,1,0,38
53,9,2,6,1,0,38
42,9,2,6,0,0,38
40,9,2,5,1,0,38
49,10,2,7,1,0,38
46,14,2,9,1,0,38
24,5,2,11,1,0,25
51,9,2,12,1,0,38
49,14,2,11,1,0,38
43,14,2,2,1,0,38
28,9,4,3,1,0,38
24,13,2,9,1,3908,38
50,9,2,12,1,0,38
33,13,4,11,0,0,38
56,7,2,2,1,0,38
29,13,4,9,1,0,38
47,9,2,11,1,0,38
23,10,0,11,0,0,38
28,12,4,7,0,0,38
29,10,2,12,0,0,1
30,9,4,5,1,0,10
57,13,2,9,1,0,38
20,10,4,7,0,0,38
52,14,2,9,1,0,38
43,10,5,9,0,0,38
19,2,4,6,1,0,25
62,8,2,11,1,0,38
78,12,2,3,1,0,38
25,10,4,7,0,0,38
38,10,2,7,1,0,29
50,9,2,2,1,0,38
47,9,4,3,0,0,4
37,10,4,3,1,0,38
41,11,2,0,0,7688,38
60,7,2,11,1,0,38
28,13,2,11,1,0,38
38,9,2,7,1,0,38
38,9,4,0,0,0,38
33,13,4,13,1,0,38
46,13,2,2,1,0,38
56,13,2,0,1,0,38
59,16,0,9,1,25236,38
54,16,2,3,1,0,38
28,13,4,9,0,8614,38
56,9,2,2,1,15024,38
35,14,2,3,1,0,38
26,11,4,12,1,0,38
36,12,2,3,1,0,38
29,9,2,12,1,0,38
39,7,0,13,1,0,38
44,13,2,11,1,0,38
59,10,2,12,1,0,38
31,13,4,3,0,0,38
20,9,4,0,0,0,38
47,9,2,2,1,0,38
28,7,2,5,1,7688,38
54,9,2,2,0,7688,38
36,13,2,9,1,0,38
34,9,2,2,1,0,38
40,14,2,3,1,0,38
27,9,4,5,1,0,38
36,8,4,0,1,0,38
56,10,2,2,1,0,38
43,14,2,3,1,0,38
49,9,5,9,0,0,38
22,9,2,2,1,0,38
40,10,2,11,0,0,38
34,13,2,9,1,0,38
34,9,4,13,1,0,38
47,13,2,9,1,0,38
34,14,2,9,1,0,38
47,11,2,10,1,3103,38
55,10,0,0,1,0,38
31,9,2,0,0,0,38
17,4,4,2,1,0,38
32,11,2,3,1,0,2
53,1,4,6,0,0,38
63,4,2,2,1,0,38
38,9,2,0,1,0,38
32,14,2,9,1,0,38
30,9,4,7,0,0,38
41,9,5,6,0,0,38
51,13,2,11,1,15024,38
60,3,2,5,1,7298,28
31,13,2,3,1,0,8
43,9,0,6,1,0,38
32,10,4,0,0,0,38
49,9,2,2,1,0,38
31,13,4,11,1,0,38
43,14,2,9,1,0,38
44,9,2,6,1,0,38
41,9,2,0,0,0,38
46,13,0,6,1,0,38
35,9,2,6,0,0,38
39,10,4,11,0,0,38
45,9,2,0,1,0,38
40,13,2,3,1,0,38
45,14,2,9,1,0,38
30,9,4,11,0,0,38
69,15,2,9,1,99999,38
32,10,2,2,1,0,38
26,9,2,5,1,0,38
42,13,2,0,1,0,38
51,9,2,12,1,0,38
38,10,4,11,0,0,38
45,13,4,9,0,0,38
37,11,2,2,1,0,38
58,4,2,4,1,0,38
60,9,0,0,0,0,38
47,9,4,3,0,0,38
42,15,2,9,1,0,38
25,10,4,0,1,0,38
54,12,2,11,1,0,38
36,6,0,3,0,0,38
39,9,2,6,1,0,38
24,9,3,11,0,0,38
50,13,0,9,0,0,38
34,13,2,11,1,0,38
49,14,2,9,1,0,38
51,9,2,4,1,7298,38
57,9,2,2,1,99999,38
47,10,3,0,0,0,38
39,9,2,11,1,15024,38
20,10,4,0,0,0,38
49,10,0,0,0,0,38
29,14,0,9,1,10520,38
53,13,2,3,1,0,38
35,11,2,11,1,0,38
36,13,4,11,0,2174,38
30,13,4,11,1,0,38
31,9,0,2,1,0,38
44,9,1,11,0,0,38
53,13,4,6,0,8614,22
40,14,4,9,1,0,38
30,10,4,10,1,0,38
22,10,4,3,1,0,38
36,10,6,0,0,0,38
38,13,2,9,0,0,9
47,14,2,9,1,0,38
24,9,2,11,1,0,38
56,9,2,11,1,0,38
38,10,2,2,1,0,38
30,10,2,2,1,0,38
29,13,4,0,1,0,38
21,9,4,5,1,0,38
50,11,2,12,1,3103,38
40,10,4,0,0,2977,38
37,13,2,3,1,0,38
36,13,2,9,1,0,38
43,9,2,3,1,15024,38
29,9,2,5,1,0,38
42,12,2,3,1,0,38
26,9,3,10,1,0,38
34,9,2,2,1,0,38
23,10,4,7,0,0,39
49,9,2,9,1,0,38
42,10,2,11,1,0,38
31,10,0,11,0,0,38
54,9,2,6,0,0,38
22,10,4,0,1,0,38
32,9,4,13,0,0,38
61,10,2,11,1,0,38
34,12,2,11,1,0,38
25,6,4,13,1,2597,38
42,9,5,0,0,0,38
40,13,2,11,1,0,38
56,13,2,3,1,0,38
42,13,2,12,1,0,38
36,3,2,2,1,0,25
66,9,2,4,1,1409,38
35,12,2,11,1,0,38
51,10,2,9,0,0,38
22,9,4,7,1,0,38
31,9,3,2,1,14344,38
31,9,2,2,1,7298,38
25,10,5,0,1,0,38
41,13,4,5,1,0,38
46,14,2,9,0,7688,38
56,3,5,6,1,0,38
40,13,2,2,1,0,38
45,13,2,3,1,0,38
37,11,2,0,0,7688,38
33,9,4,7,1,0,39
27,10,4,0,0,0,38
66,4,0,0,1,0,38
50,9,2,2,1,7688,38
47,14,2,9,1,15024,38
25,10,2,0,0,0,38
35,13,2,9,1,0,38
24,10,4,3,1,0,38
34,7,2,2,1,0,38
32,10,2,9,1,7298,38
53,14,2,9,1,4386,18
58,16,2,9,1,0,38
56,13,2,9,1,0,38
52,9,0,11,0,0,10
21,10,4,12,1,0,38
27,9,2,5,1,0,38
31,10,4,0,1,0,38
24,10,4,3,1,0,38
34,12,0,0,1,0,38
45,13,2,3,1,0,38
27,12,2,0,0,0,38
43,10,2,2,1,0,38
43,13,4,3,0,0,38
44,10,2,6,1,3103,38
35,14,4,2,1,0,38
22,10,4,0,0,0,38
49,9,2,2,1,0,38
59,9,2,3,1,0,38
41,16,4,7,0,0,38
50,9,2,3,1,0,38
58,9,2,3,1,0,38
63,13,2,0,1,0,38
21,11,4,7,0,0,38
34,10,2,3,1,0,38
46,13,2,12,1,3103,38
37,15,2,9,0,0,38
42,13,2,0,1,0,38
28,9,2,2,1,0,38
40,11,2,2,1,0,38
32,13,2,12,1,15024,38
26,10,4,5,1,0,38
49,11,2,11,0,8614,8
31,10,2,7,1,0,32
44,9,2,6,1,0,38
30,13,4,11,0,0,38
57,14,2,11,0,15024,38
39,13,2,9,0,0,38
23,10,2,2,1,0,38
29,13,2,9,1,0,38
44,9,0,2,1,13550,38
46,9,2,3,0,0,38
24,9,4,2,1,0,38
43,10,2,3,1,0,38
21,6,2,6,1,0,38
31,9,2,11,1,14084,19
31,10,2,2,1,0,38
47,11,2,3,1,0,38
58,6,2,2,0,0,38
45,13,4,9,1,0,38
44,10,2,13,1,0,38
52,14,2,12,1,0,38
53,10,2,10,1,4386,38
39,14,2,3,1,0,38
36,9,2,2,1,5013,21
52,9,2,0,0,7688,38
35,13,5,3,0,0,38
52,11,2,2,1,0,38
31,9,2,2,1,0,38
32,9,2,0,1,0,38
68,10,0,0,0,0,38
26,10,2,9,0,0,38
24,13,4,3,0,0,38
77,9,2,3,1,0,38
27,10,2,9,1,0,38
47,12,2,3,1,0,38
40,15,2,9,1,0,38
25,13,4,9,0,0,38
42,14,2,9,1,0,38
27,9,4,6,0,0,38
49,14,2,3,1,0,38
35,11,0,9,0,0,38
67,11,0,9,0,0,38
56,9,1,13,1,0,38
33,12,2,0,0,0,38
39,9,0,7,1,0,38
41,12,2,3,1,0,38
22,7,4,2,0,14344,38
36,13,0,7,1,0,38
41,5,0,7,0,0,38
54,14,0,9,0,0,38
47,9,2,6,1,0,38
51,4,3,2,1,0,5
35,10,2,5,1,0,38
41,10,2,3,0,0,38
38,13,0,4,0,7430,38
46,11,2,3,1,0,38
37,9,2,2,1,0,38
48,15,2,9,1,15024,38
40,9,2,5,1,0,38
20,10,4,0,0,0,38
35,9,2,3,1,0,38
20,9,4,11,1,0,38
47,9,2,3,1,0,38
51,9,2,2,1,0,38
47,9,2,2,1,0,38
52,14,0,9,0,0,38
50,4,2,11,1,0,5
75,9,6,0,0,0,38
51,10,1,2,1,0,38
45,9,0,3,0,0,38
55,13,2,2,1,0,38
24,13,4,9,1,0,38
36,9,2,11,1,0,38
36,13,0,9,0,1506,38
36,13,4,1,0,8614,38
57,9,2,2,1,0,38
25,14,2,3,1,0,38
26,13,4,3,0,0,30
48,9,2,6,1,0,38
39,13,2,9,1,7298,38
29,10,4,2,1,0,38
36,10,4,12,0,0,38
68,13,2,3,1,99999,38
41,3,2,5,1,0,12
38,9,2,6,1,3137,38
31,6,4,13,1,0,38
36,12,2,9,1,0,38
37,13,2,3,1,15024,38
27,11,4,2,1,0,38
40,13,0,9,0,0,38
43,13,0,3,1,0,38
39,10,4,7,0,0,38
18,3,4,5,1,0,25
64,13,2,11,1,0,38
42,13,2,3,1,0,38
24,13,4,12,0,0,38
40,13,2,9,1,0,38
65,16,2,3,1,0,38
49,9,2,5,1,7298,7
37,9,2,6,1,0,38
36,13,4,3,1,27828,38
50,13,2,3,1,0,38
53,9,2,12,1,0,9
50,9,2,2,1,0,38
55,13,4,12,0,0,38
44,9,0,2,0,14344,38
33,9,2,2,1,0,38
52,9,2,5,1,0,38
45,10,0,6,0,0,38
38,9,2,2,1,0,38
56,10,0,0,0,0,38
38,13,2,9,0,0,38
44,13,2,3,1,0,18
17,7,4,0,1,0,38
61,13,2,11,1,0,38
28,10,4,0,0,0,38
39,10,2,3,1,0,38
58,15,2,9,1,0,38
50,10,2,3,1,0,10
36,9,0,13,1,0,38
19,9,4,11,1,0,38
45,10,2,2,1,0,29
33,11,3,4,1,0,8
36,13,4,9,1,0,38
25,13,2,3,1,0,38
54,14,2,9,0,15024,38
41,9,0,0,0,0,38
47,13,2,3,0,0,38
38,13,2,3,1,0,38
40,10,2,12,1,0,38
25,9,2,13,1,0,38
44,15,2,9,1,0,38
36,10,2,2,1,0,38
30,7,2,13,1,0,38
39,12,2,10,0,0,9
36,13,2,9,1,0,38
32,11,2,12,1,0,38
37,9,2,6,1,0,38
44,10,0,6,1,0,38
26,10,4,7,0,0,38
59,10,0,2,1,2907,38
33,9,2,7,0,0,7
31,13,4,3,0,13550,38
31,13,2,9,0,0,38
22,9,4,0,1,0,38
40,13,2,9,1,0,38
49,14,2,3,1,0,38
36,9,2,2,1,0,38
19,9,4,4,0,0,38
41,10,0,10,0,0,38
28,13,2,3,1,0,38
46,13,2,9,1,0,38
67,9,2,3,1,0,38
51,9,2,3,1,0,38
41,9,0,2,0,1506,38
28,9,4,2,1,2354,38
45,6,2,11,1,0,38
49,14,2,3,1,0,38
25,10,0,7,1,0,38
68,14,2,3,1,0,38
34,9,2,9,1,0,38
38,9,2,7,1,0,38
43,14,3,3,0,10520,38
38,10,2,2,1,0,38
30,9,5,0,0,0,38
54,13,0,3,0,0,38
50,14,2,11,1,0,38
40,13,2,4,1,0,38
25,13,5,3,1,0,38
57,15,2,9,1,0,38
43,9,2,3,1,0,38
42,9,0,2,1,0,38
22,10,4,0,0,0,21
34,13,2,3,1,0,38
25,9,4,5,1,0,38
48,9,0,3,0,0,38
47,13,2,9,1,3137,38
51,13,2,9,1,0,38
23,9,2,11,1,0,38
49,9,2,6,1,0,38
35,9,2,2,1,7298,38
29,14,2,3,1,0,23
31,6,2,6,1,0,38
40,9,2,0,1,0,38
24,9,4,2,1,0,38
49,10,2,2,1,0,38
40,9,2,3,1,0,38
33,13,4,9,0,0,38
41,15,2,3,1,15024,38
34,14,2,3,1,0,38
32,10,4,3,0,0,38
56,9,2,11,1,0,38
50,10,0,3,0,0,38
34,13,2,3,0,0,38
48,11,2,11,1,0,38
46,13,2,3,1,0,38
27,13,4,7,1,0,38
33,13,4,9,0,10520,38
34,11,4,4,1,0,38
21,9,4,0,0,0,38
51,5,2,11,1,0,38
44,13,2,6,1,0,38
38,13,2,9,0,0,38
30,9,2,0,1,0,38
20,10,4,6,0,0,38
41,10,2,0,0,0,38
25,13,4,3,1,0,38
43,9,2,9,0,0,21
35,3,2,6,1,7298,25
39,15,2,9,1,0,38
32,9,2,6,1,5178,38
31,9,4,5,0,0,39
62,14,5,9,0,0,38
27,13,4,0,0,0,38
42,10,2,0,1,0,10
46,10,2,3,1,0,38
55,5,4,5,1,0,38
29,14,2,9,1,0,38
27,10,4,2,1,0,38
22,10,4,0,1,0,38
52,10,2,9,1,0,10
53,14,0,9,0,0,38
46,9,2,2,1,0,38
56,16,2,9,1,0,38
53,9,2,10,1,15024,38
25,9,4,5,1,0,38
33,9,2,11,1,0,38
27,9,2,5,1,0,38
39,12,2,11,1,7688,38
51,14,0,3,1,25236,38
20,5,4,3,0,0,25
32,13,2,9,1,0,19
60,14,2,3,1,0,38
56,13,2,0,1,0,38
33,14,2,3,1,0,10
29,13,2,12,1,0,38
53,14,2,3,1,0,38
48,1,5,7,0,0,7
24,10,2,13,1,0,38
46,13,2,9,1,0,38
25,9,2,5,1,0,38
50,9,0,3,0,99999,38
73,9,2,3,1,0,38
51,13,2,11,1,0,38
50,6,5,0,0,0,22
47,10,6,7,0,0,38
42,14,2,3,1,0,38
45,13,2,3,1,0,38
56,9,2,3,1,0,38
32,9,2,2,1,0,38
46,9,2,2,1,0,38
60,9,2,2,1,0,38
43,12,2,9,1,0,38
44,13,2,3,1,7688,38
54,15,2,9,1,0,8
37,13,2,12,1,0,38
40,13,4,0,1,0,32
25,5,5,5,1,0,7
24,13,4,3,0,0,38
49,10,2,9,0,0,38
41,11,0,9,0,0,38
68,15,2,3,1,0,38
43,9,5,5,1,0,38
47,14,2,3,1,0,38
62,10,6,4,0,0,38
38,9,2,2,1,0,38
26,10,2,9,1,0,38
24,13,4,0,0,0,38
37,13,4,9,1,0,38
30,7,2,6,1,0,38
58,9,5,11,0,0,38
20,9,2,0,0,0,38
27,10,0,0,0,0,38
42,7,2,7,0,0,38
40,12,2,3,0,0,38
51,11,0,0,0,0,38
33,5,2,6,1,0,38
23,13,4,3,0,0,38
35,9,5,13,1,0,38
57,10,2,11,1,0,38
25,14,2,9,1,0,38
43,10,0,0,0,0,38
37,9,2,13,1,0,38
34,14,2,3,1,0,38
38,14,2,9,1,0,38
40,9,2,11,1,0,38
23,10,4,0,1,0,38
60,9,2,0,1,0,38
30,10,2,6,1,0,38
63,15,2,9,1,0,3
50,12,2,3,1,15024,38
55,9,2,9,1,0,38
23,12,2,0,1,0,7
41,10,2,0,0,3103,38
64,15,2,9,1,0,2
44,10,4,0,1,13550,38
31,13,2,9,1,0,38
40,2,3,6,0,0,5
39,9,2,3,1,0,38
52,10,2,3,1,15024,38
29,10,2,6,0,0,38
20,10,4,2,1,0,38
35,9,0,3,0,0,38
28,11,2,3,1,7688,38
26,9,2,11,1,0,38
55,13,2,9,1,0,38
36,9,2,6,1,0,38
55,9,2,5,1,0,38
17,6,4,0,0,0,38
28,13,2,11,1,0,38
25,9,4,9,1,0,38
24,9,4,5,1,0,38
37,9,0,5,1,0,38
38,9,2,0,0,0,38
41,13,0,3,0,0,38
37,9,0,0,0,0,38
51,16,4,3,1,0,38
32,10,2,3,1,0,38
32,13,2,9,1,0,38
57,9,2,11,1,0,38
47,14,0,9,1,0,38
42,13,2,11,1,0,38
40,11,0,2,1,0,38
62,9,2,6,1,0,38
28,14,4,9,0,0,38
56,13,2,0,1,0,38
26,14,2,9,0,0,38
48,13,3,3,0,0,38
50,13,5,9,0,0,29
48,13,2,3,1,0,38
27,13,2,10,1,0,38
56,14,2,9,0,0,38
33,12,2,2,1,0,38
46,14,2,3,1,0,38
30,9,4,2,1,0,39
44,14,0,3,0,0,38
30,11,2,11,1,0,38
33,9,2,11,1,0,38
37,9,2,9,1,0,38
30,10,2,0,0,0,38
33,11,2,9,1,0,38
46,4,4,5,1,0,38
21,9,4,6,1,0,38
36,14,2,3,1,0,38
27,10,4,11,1,0,38
35,10,0,3,0,0,29
65,11,1,5,1,11013,38
52,13,2,9,1,0,38
34,13,4,3,1,0,38
44,13,2,9,1,0,38
49,10,0,3,1,0,38
32,9,4,4,1,0,38
69,5,2,0,1,0,38
22,9,4,5,1,0,38
40,12,2,3,1,0,38
50,14,2,9,1,7688,38
41,9,6,11,0,0,38
30,9,1,0,0,0,38
37,9,2,3,1,0,38
32,13,2,9,1,0,38
64,9,2,2,1,0,38
90,9,2,6,1,0,38
46,13,2,9,1,0,38
55,9,2,2,1,0,38
28,6,2,13,1,0,38
19,7,2,0,0,0,24
45,13,2,3,1,0,38
31,13,2,0,0,0,38
33,14,2,3,1,0,38
20,10,4,10,1,0,38
27,14,4,9,1,0,38
26,7,2,2,1,0,38
43,9,0,6,1,0,38
22,12,4,0,0,0,38
51,9,2,6,0,0,38
33,10,0,9,0,0,9
45,14,4,9,0,0,38
47,13,2,3,1,0,38
46,15,0,9,1,0,8
28,13,4,11,0,0,38
51,13,2,3,1,0,38
35,13,2,11,1,0,38
36,11,2,13,1,0,38
45,9,0,3,1,0,38
60,10,2,0,0,0,38
40,11,2,2,1,0,38
33,9,0,11,0,0,38
38,13,0,9,0,15020,38
36,13,2,0,1,0,38
51,6,2,5,1,2105,38
40,9,1,1,0,13550,38
65,13,4,3,1,0,38
35,14,2,11,1,0,25
43,10,2,9,0,0,38
38,10,2,9,1,0,38
29,9,1,2,1,0,38
20,10,4,10,1,0,38
38,10,2,10,1,0,29
39,10,4,2,1,0,38
32,13,4,3,0,0,38
49,9,6,0,0,0,38
36,9,2,6,1,0,38
23,13,4,11,0,0,38
47,13,4,0,1,0,38
46,12,2,3,0,0,38
51,10,0,0,0,0,38
31,13,2,3,1,0,38
53,9,0,6,1,0,38
24,9,0,3,0,0,38
28,9,2,3,1,7688,38
42,13,2,3,1,15024,38
29,11,2,9,1,0,38
49,9,6,2,0,0,34
40,13,2,9,1,7298,38
31,9,4,0,1,0,38
29,9,2,2,1,0,38
38,15,2,9,1,0,38
59,10,2,2,1,0,38
29,9,0,3,0,0,38
41,9,4,0,0,0,38
42,9,2,11,1,5178,38
52,9,2,13,1,0,38
35,9,4,11,1,0,38
50,9,2,2,1,0,38
30,10,0,2,1,0,38
31,9,4,2,1,0,38
69,9,2,11,0,0,38
20,9,4,2,1,0,38
44,10,0,11,1,0,38
27,11,4,0,0,0,38
34,9,2,3,1,0,38
28,13,2,11,1,7298,38
32,9,5,11,1,0,38
43,13,0,9,1,0,38
31,14,4,8,0,14084,38
43,9,0,13,1,0,38
66,9,6,8,0,0,8
53,13,2,11,1,0,38
50,14,4,9,1,0,37
42,6,2,2,1,0,38
45,5,5,0,1,0,38
24,13,5,3,0,0,38
42,9,5,11,0,0,38
43,14,2,3,1,0,38
47,13,4,2,0,0,38
45,12,2,5,1,0,38
36,7,4,2,0,0,38
54,10,2,10,1,0,38
21,10,4,0,1,0,38
47,10,2,11,1,0,38
47,14,2,9,1,15024,38
47,13,2,3,1,0,1
47,9,2,2,1,0,38
39,13,2,9,1,0,38
27,13,4,12,1,0,38
39,13,2,12,1,0,38
36,10,4,11,0,0,38
35,14,2,9,1,0,18
64,8,2,12,1,0,38
34,9,0,11,0,0,38
34,9,0,3,0,2977,38
21,9,4,7,0,0,38
52,13,2,9,1,0,38
38,9,2,3,1,0,38
39,13,2,9,1,0,38
32,9,2,6,1,0,38
57,10,2,0,1,0,38
33,13,4,11,0,0,38
38,9,2,0,0,0,38
24,13,4,12,1,0,38
28,9,2,11,1,99999,38
45,10,2,11,1,0,38
49,9,6,10,1,0,38
43,10,2,11,1,3103,38
43,9,5,7,1,0,38
36,9,2,0,0,0,38
44,9,2,2,0,0,38
57,10,1,9,1,0,38
44,9,4,0,0,0,38
35,13,4,11,0,0,38
50,9,0,0,0,0,38
25,14,4,3,0,0,38
29,13,2,11,1,3103,38
34,10,2,0,1,0,38
42,6,4,13,1,0,38
28,7,5,0,0,0,18
48,14,2,9,1,0,38
36,16,2,9,1,0,38
37,12,2,12,1,0,38
75,13,6,9,1,0,38
27,10,2,13,1,0,38
25,9,4,13,1,0,38
47,13,0,9,0,0,38
19,13,4,0,0,0,22
43,9,2,6,1,0,38
23,10,4,4,1,0,38
38,11,0,3,0,0,23
54,10,5,3,0,0,38
27,9,2,9,1,0,38
44,13,4,9,1,0,38
48,14,2,9,1,15024,38
53,14,2,3,1,0,38
43,9,3,0,1,13550,38
19,10,4,0,1,0,38
38,9,2,10,1,0,38
56,13,2,11,1,0,38
51,9,0,13,1,0,38
38,13,2,9,1,0,38
62,13,2,11,1,0,38
45,11,2,4,1,0,38
47,10,2,9,1,7688,38
46,10,2,0,1,0,38
24,10,2,11,1,0,38
34,10,5,11,1,0,38
42,9,2,2,1,0,38
58,5,0,7,0,0,38
25,13,4,3,1,0,38
50,14,2,3,1,0,38
47,9,2,13,1,0,38
52,11,2,3,1,0,38
37,10,2,6,1,0,38
38,10,5,2,0,0,38
30,13,2,3,1,0,38
34,9,2,9,1,0,7
28,13,4,9,0,0,38
36,9,0,5,1,0,38
55,8,6,0,0,0,38
21,10,2,7,1,0,38
29,8,2,13,1,0,38
34,9,0,0,0,0,38
27,9,4,0,0,0,38
52,10,2,0,0,0,38
36,13,2,3,1,0,38
44,9,2,13,1,0,38
41,9,2,0,1,3464,38
56,10,2,2,1,0,38
47,14,2,9,1,0,38
24,9,2,6,1,0,38
41,9,2,0,0,0,38
25,9,2,13,1,0,38
41,14,2,0,1,0,38
37,10,2,6,1,0,38
34,13,4,11,1,0,38
45,11,0,0,0,0,38
38,10,1,10,0,0,38
49,9,2,2,1,0,31
41,14,2,9,1,0,2
42,13,2,3,1,0,38
24,7,2,5,1,0,38
40,12,0,3,0,0,38
38,13,2,11,1,0,38
36,9,2,10,0,7688,38
51,14,2,11,1,0,38
34,13,2,2,1,0,38
41,9,2,13,1,0,38
32,10,2,0,0,0,38
29,12,4,11,1,0,25
22,8,4,3,1,0,38
57,9,2,2,1,0,38
47,13,5,9,0,0,38
40,8,0,2,1,0,38
65,9,2,3,1,0,38
30,10,2,10,1,15024,38
52,9,2,11,1,0,38
32,13,2,11,1,0,38
60,14,2,9,1,0,38
32,6,3,7,0,0,38
36,13,2,3,1,0,38
41,14,0,9,0,7430,38
43,9,0,4,1,0,38
46,13,2,12,1,0,29
47,9,2,11,1,0,38
33,4,4,4,1,0,25
25,12,4,11,1,0,38
38,11,4,0,0,13550,38
24,10,4,10,1,0,38
35,13,4,9,0,0,38
31,9,5,7,0,0,38
30,10,2,0,1,7298,4
23,13,4,3,1,0,38
44,10,2,2,1,0,38
46,9,2,3,1,0,38
48,10,4,3,1,10520,38
37,9,2,0,1,0,38
51,9,0,0,0,0,38
21,11,2,0,0,0,38
34,13,4,9,0,0,38
44,12,2,0,1,0,38
58,9,2,3,1,7298,38
45,13,2,2,1,15024,38
26,10,5,11,1,2597,38
32,10,2,5,1,0,1
54,14,2,9,1,7688,38
50,6,5,0,0,0,38
48,9,2,6,0,0,38
28,13,2,12,1,0,38
44,13,2,10,1,0,38
44,12,2,9,1,0,38
53,9,2,13,1,0,38
48,9,2,9,1,7298,38
58,14,2,9,1,0,38
40,12,2,0,1,0,38
46,11,2,2,1,0,38
32,14,2,9,0,15024,38
43,13,2,9,1,0,38
46,12,2,3,1,15024,38
46,10,2,6,1,0,38
47,14,4,9,1,0,38
32,13,2,0,1,0,38
36,13,2,9,0,0,38
39,14,2,9,0,5178,38
24,9,5,6,0,0,38
52,8,2,3,1,0,38
23,9,4,11,0,0,38
35,9,0,0,0,0,38
35,9,0,0,0,0,38
41,9,4,11,1,0,38
46,9,5,11,0,0,38
41,9,2,2,1,0,38
65,13,2,8,1,6500,38
42,10,2,10,1,0,38
41,14,2,9,1,0,8
47,13,0,11,1,0,38
44,13,2,9,1,0,38
26,9,4,13,1,0,38
31,2,2,9,1,0,38
27,13,4,9,1,0,38
50,5,2,2,1,0,38
37,9,0,2,1,0,38
40,12,2,3,1,0,38
29,16,2,3,1,0,38
44,7,2,0,1,0,38
30,9,4,2,1,0,38
33,9,4,6,1,0,38
62,9,6,11,0,0,38
38,9,2,3,1,0,38
34,11,4,0,0,14344,38
31,13,2,3,1,0,38
39,13,0,0,0,0,38
24,10,4,11,0,14344,38
23,9,4,13,1,0,38
53,13,2,9,1,0,38
26,13,4,12,1,0,38
25,9,3,3,1,0,38
20,10,4,0,0,0,38
41,13,2,9,1,0,38
42,13,2,3,1,15024,38
40,9,2,11,1,7298,38
42,11,2,3,0,7298,38
44,13,2,9,1,0,38
53,9,2,3,1,0,38
57,9,2,3,1,0,38
34,13,4,9,1,2463,9
36,14,4,3,1,27828,38
24,13,2,9,0,0,38
25,10,4,12,0,0,38
43,10,0,11,0,0,38
55,9,2,7,0,2407,38
37,9,0,0,0,0,38
52,13,2,3,1,7688,38
43,10,2,13,1,0,38
23,9,2,5,1,0,38
51,9,0,0,0,0,38
39,5,2,7,0,3411,38
23,11,4,12,0,0,38
58,10,2,3,1,0,38
36,13,2,9,0,0,38
47,14,0,9,1,0,38
20,10,4,7,0,0,38
37,9,2,3,1,0,38
24,12,4,11,1,0,38
55,5,2,2,1,0,38
38,10,2,9,1,0,38
41,13,2,3,1,7298,38
40,12,2,9,1,0,38
42,13,2,0,0,0,38
27,9,2,2,1,0,38
53,10,5,2,1,0,38
32,9,2,2,1,0,38
46,10,2,10,1,0,38
63,9,2,10,1,0,38
31,13,4,11,0,0,38
35,9,2,6,1,0,38
18,7,4,7,1,0,38
24,14,4,9,0,0,38
51,9,0,11,0,0,38
43,14,0,3,0,0,38
48,13,2,3,1,0,38
39,11,4,3,0,0,38
28,13,1,4,0,0,8
44,13,2,3,1,0,38
53,9,2,6,1,2829,38
49,13,2,3,1,0,38
36,13,4,4,1,0,25
64,9,0,6,0,0,38
43,13,2,3,1,0,38
33,11,2,9,0,3103,38
44,9,0,0,0,0,38
26,10,2,0,0,0,38
59,11,0,9,1,0,38
59,11,2,11,1,7298,38
36,13,2,9,1,0,38
31,12,2,0,0,0,38
41,11,2,11,1,0,38
23,10,4,6,1,0,38
36,9,2,10,1,7688,38
39,15,2,9,1,0,38
49,14,4,9,0,4650,38
21,10,4,11,0,0,38
43,13,2,0,0,0,29
39,9,2,11,1,0,38
39,10,4,6,1,0,38
28,9,4,3,0,0,38
38,11,2,12,0,0,38
34,10,2,13,1,4064,38
20,10,4,9,0,0,38
47,9,2,0,0,0,17
66,11,2,9,1,0,38
44,11,2,0,1,7298,38
40,15,2,9,1,0,38
30,9,2,6,1,0,38
38,9,4,9,1,0,38
30,13,2,3,1,0,38
49,9,2,13,1,0,38
35,9,1,0,0,0,38
31,13,2,0,0,0,38
36,9,0,13,0,0,38
33,15,2,9,1,0,38
49,6,4,7,0,0,28
45,10,2,0,1,0,32
43,14,2,9,1,0,38
28,9,4,0,0,0,38
38,15,2,9,1,0,38
60,10,2,3,1,0,38
34,6,2,4,1,0,38
25,9,5,7,1,0,38
46,14,2,9,1,15024,38
51,11,2,3,1,0,38
45,9,4,0,1,3325,38
36,9,2,2,1,3103,38
33,13,2,9,1,0,38
44,12,0,9,0,0,38
64,9,6,7,0,0,38
55,6,2,7,0,0,38
71,3,2,13,1,0,38
46,9,2,5,1,0,38
55,13,2,3,1,0,38
45,10,2,2,1,0,38
31,9,2,8,1,5178,38
53,9,2,2,1,5178,38
36,10,5,0,1,0,38
28,9,2,6,0,0,38
51,5,2,13,1,0,38
26,14,3,9,0,0,38
42,12,0,0,0,0,38
46,14,2,3,1,0,38
61,13,2,3,1,0,38
40,9,2,3,1,0,38
51,9,2,1,1,15024,38
32,10,2,7,1,0,38
33,5,2,2,1,0,25
43,11,2,1,0,0,29
41,10,4,10,1,0,38
40,13,4,9,0,0,38
41,15,2,9,1,0,38
28,10,4,11,0,0,38
41,13,2,12,1,0,38
64,11,2,11,1,0,38
46,13,4,9,0,0,38
43,10,2,3,1,0,38
22,10,4,0,1,0,38
30,10,2,0,1,0,38
29,10,2,3,1,0,38
20,9,2,5,1,0,38
33,13,2,3,1,0,38
60,10,2,0,1,7298,38
51,14,2,9,0,0,38
27,10,2,7,1,0,38
43,13,0,0,0,0,38
35,10,0,0,0,0,38
43,9,2,2,1,0,38
43,13,2,3,1,0,38
43,13,2,3,1,7298,38
39,9,4,5,1,0,38
23,9,0,2,1,4650,20
47,10,2,2,1,0,38
52,11,2,3,1,0,38
22,12,4,0,1,0,38
40,10,2,0,0,0,38
20,6,4,7,1,0,38
18,7,4,5,1,0,38
32,10,4,3,1,0,38
38,9,1,5,1,0,38
45,9,2,11,1,0,35
34,10,2,3,1,0,38
38,13,2,11,1,0,38
38,7,2,2,1,0,38
57,9,2,3,1,0,38
40,14,4,9,1,0,38
54,16,3,3,0,0,38
54,9,2,2,1,0,38
51,10,2,3,1,0,38
36,6,4,2,1,0,38
39,13,2,9,1,7688,38
37,7,2,2,1,0,38
45,9,0,0,0,0,1
28,10,4,3,0,0,22
44,14,4,9,0,0,38
35,13,4,0,0,0,38
50,9,6,6,0,0,38
47,10,4,0,0,0,38
34,14,2,3,1,3103,18
30,10,4,11,0,0,38
55,9,2,7,1,0,38
34,9,4,6,0,0,38
41,13,2,3,1,0,38
32,10,2,13,1,0,38
38,9,2,0,1,0,37
59,9,2,4,1,0,38
58,13,6,3,0,27828,38
51,9,2,6,1,0,38
45,16,2,9,1,0,38
20,9,4,0,1,0,38
18,9,4,4,1,0,38
25,10,0,0,0,0,38
28,9,2,2,1,0,38
36,14,2,9,1,0,38
39,9,2,0,0,0,38
44,9,2,4,1,0,38
47,13,2,10,1,0,38
47,9,1,3,0,0,38
36,13,2,11,1,0,38
31,12,0,0,0,0,38
39,6,6,6,1,0,38
68,14,4,9,0,3273,38
51,13,2,3,1,0,38
19,9,4,12,0,0,38
50,16,2,9,1,0,38
52,9,2,11,1,99999,38
29,9,5,7,0,0,38
34,10,2,3,1,0,38
52,13,3,7,0,0,13
40,12,2,10,1,15024,38
43,14,2,9,1,15024,38
37,11,5,9,0,0,38
61,10,2,9,1,0,38
40,14,2,3,1,0,38
67,7,6,7,0,0,38
46,11,2,6,1,0,38
42,15,2,9,1,0,38
57,10,0,0,0,0,38
41,14,2,9,1,0,38
38,10,0,3,0,0,38
41,8,2,10,1,0,38
25,6,2,2,1,0,25
33,15,2,9,0,0,38
54,9,2,11,1,0,38
52,14,2,9,1,0,38
34,13,2,3,1,0,38
36,9,4,7,1,0,38
45,15,2,3,1,0,38
41,9,2,2,1,0,38
41,13,2,9,1,0,38
59,5,2,2,1,0,38
51,13,0,9,1,15021,38
36,9,2,11,1,0,4
50,10,2,0,1,0,38
32,6,5,7,0,0,38
22,9,4,0,0,0,38
52,9,2,6,1,2105,38
35,9,2,0,0,0,38
26,9,2,11,1,0,38
68,9,2,4,1,2414,38
38,16,2,9,1,0,38
43,14,0,3,0,0,38
18,9,4,6,0,0,38
37,14,4,3,1,0,38
43,12,0,2,1,0,38
57,9,5,11,0,0,38
24,9,4,7,1,0,25
32,10,2,11,1,0,38
41,5,2,0,0,0,16
25,9,4,0,0,0,38
42,9,5,13,1,0,38
35,9,0,7,0,0,38
39,16,2,9,1,0,38
52,14,4,9,0,0,38
26,13,2,11,1,0,38
40,13,2,3,1,0,38
39,9,2,6,1,0,38
47,7,0,7,0,0,38
53,9,2,6,1,0,38
41,9,2,0,1,0,38
27,14,4,9,1,0,38
58,9,2,6,1,0,38
38,4,0,11,0,0,38
35,10,2,6,1,0,38
41,14,0,9,1,7430,38
29,13,4,3,0,0,38
64,9,2,3,1,0,38
50,10,2,3,1,0,9
41,13,2,9,1,0,38
47,13,2,3,1,0,38
29,9,0,2,1,0,38
18,10,4,7,0,0,38
35,11,0,9,0,0,38
25,12,2,0,0,0,38
30,13,4,0,0,0,38
31,11,4,7,0,0,38
58,10,2,11,0,15024,38
51,13,2,9,1,0,38
30,13,4,11,1,0,38
53,9,4,0,1,0,38
44,9,2,2,1,0,38
27,11,4,5,0,0,38
35,9,2,2,1,0,38
18,9,4,5,1,0,38
38,10,0,9,0,0,38
25,13,4,12,0,0,29
37,13,2,3,1,0,38
23,9,4,11,1,0,38
53,6,2,7,1,0,38
53,13,4,7,1,0,1
31,9,4,0,0,0,38
56,5,2,11,1,0,38
55,14,2,9,1,0,38
47,12,2,0,0,0,38
41,10,2,6,1,0,38
48,10,2,11,1,0,38
39,11,2,12,1,0,29
60,13,1,7,1,14084,38
48,9,2,2,1,0,38
37,9,0,5,1,0,7
30,9,4,13,1,0,38
47,14,2,3,1,99999,38
43,10,2,3,1,15024,38
46,13,2,11,1,0,38
33,10,4,9,1,0,38
47,10,2,6,1,0,38
34,13,2,9,1,0,38
34,13,0,13,1,0,38
69,2,2,0,1,0,29
21,9,4,10,1,0,38
26,10,4,0,0,0,38
25,10,2,11,1,0,38
46,15,2,9,1,99999,38
54,9,2,9,1,0,38
32,9,0,12,0,1471,38
51,2,2,2,1,0,25
29,10,4,5,1,0,38
67,14,2,3,1,0,38
39,10,0,3,0,0,38
45,13,2,9,1,0,38
56,9,2,3,1,0,38
51,10,2,9,1,0,38
61,9,2,3,1,0,38
32,9,2,3,1,5178,38
55,13,2,3,1,0,38
51,10,2,3,1,0,38
22,10,4,3,1,0,38
22,13,4,3,0,0,38
43,13,2,9,1,0,38
50,13,2,2,1,0,38
36,13,2,3,1,0,38
23,9,4,2,1,0,38
40,14,2,3,1,0,38
44,13,0,7,1,0,2
39,14,2,9,1,0,38
44,13,4,7,1,0,38
52,14,2,3,1,0,11
40,13,2,9,0,0,38
39,10,2,2,1,0,38
45,13,2,3,1,0,38
31,14,4,9,1,0,38
19,10,4,0,0,0,38
45,10,2,3,1,0,38
26,13,4,9,0,0,38
36,15,2,9,1,0,38
60,10,0,3,0,0,38
46,13,2,3,1,0,38
35,14,2,11,1,0,38
42,10,0,0,0,0,38
31,3,4,7,1,0,25
47,9,2,2,1,0,38
28,10,2,6,1,0,38
46,14,2,2,1,0,38
30,13,2,9,0,0,38
56,10,2,12,1,0,38
72,9,2,4,1,0,38
54,10,2,2,1,0,38
51,14,2,11,1,0,38
45,13,0,8,1,0,38
40,7,4,6,0,0,5
33,12,1,3,1,0,38
24,13,4,3,0,0,38
39,9,2,2,1,0,38
49,9,2,6,1,0,38
48,9,2,3,1,0,38
30,11,2,11,0,0,1
41,13,2,9,1,0,38
51,10,2,3,1,0,38
40,14,2,3,1,0,38
39,9,2,9,0,0,38
22,13,4,0,1,0,38
51,14,2,2,1,7298,38
59,13,2,3,1,0,38
30,9,2,6,1,5013,38
35,9,0,2,0,0,38
40,14,4,12,0,0,38
37,9,2,3,1,0,38
38,11,2,12,0,0,38
72,9,2,0,1,0,38
45,9,0,0,0,0,38
48,9,2,0,1,0,38
47,3,4,8,0,0,7
23,13,4,12,1,0,38
38,10,0,3,0,0,38
45,10,2,0,0,0,38
32,10,2,9,0,0,38
34,6,4,4,1,0,38
61,16,2,9,1,0,38
25,9,2,5,1,0,38
41,9,2,3,1,0,38
51,9,2,6,1,0,38
36,13,2,11,1,0,38
30,4,2,2,1,0,38
20,7,4,13,1,0,12
50,10,2,2,1,0,38
29,9,2,0,0,0,38
27,9,2,11,0,3464,38
54,10,2,10,1,0,38
37,11,4,7,0,0,38
38,15,4,9,0,14084,38
48,14,2,9,1,0,38
47,11,2,0,0,0,38
46,11,2,2,1,0,38
48,9,2,6,1,3103,38
29,9,2,6,1,0,38
57,9,2,6,1,0,38
31,9,4,2,1,0,38
44,13,2,3,1,0,38
59,9,2,2,1,0,38
34,13,2,3,1,0,38
20,10,4,4,1,0,38
45,13,2,3,1,0,38
32,9,2,5,1,5178,38
29,13,4,12,1,0,38
46,9,4,2,0,0,38
36,12,5,3,1,0,38
27,9,2,2,1,0,38
26,13,4,2,1,0,38
47,11,2,2,1,5013,38
31,11,2,10,0,4386,38
57,13,2,11,1,0,38
31,9,0,0,0,0,38
47,14,2,9,1,0,38
42,10,2,6,1,0,38
58,13,2,3,1,0,38
25,10,0,12,0,0,38
42,13,2,9,1,7688,38
36,9,0,6,1,0,38
49,11,2,9,1,0,10
36,9,2,2,1,0,38
57,9,2,2,1,0,38
42,11,2,2,1,2885,38
48,14,2,9,1,0,38
34,13,5,3,0,0,38
61,6,0,11,0,0,38
27,9,0,11,0,0,38
20,10,4,5,1,0,38
34,9,2,12,1,0,38
47,11,2,3,1,0,38
27,14,4,11,1,0,38
24,10,4,11,0,0,38
39,9,2,3,1,0,38
18,9,4,4,1,0,38
47,9,2,0,0,0,38
52,16,2,3,1,0,38
48,14,2,9,1,0,38
28,13,4,0,1,0,38
48,9,2,2,1,7298,38
36,9,4,13,1,0,38
32,10,4,2,1,0,38
90,9,4,7,1,0,38
35,9,2,4,1,0,38
34,14,2,3,1,7298,35
46,9,2,0,0,0,38
59,10,2,6,1,0,38
28,6,4,5,1,0,25
30,9,4,6,1,0,38
39,13,2,3,1,15024,38
45,9,2,7,1,0,38
59,12,0,12,1,0,38
27,9,2,11,0,0,38
54,16,2,3,1,0,38
45,9,2,2,1,0,39
26,9,2,0,0,0,38
51,10,0,3,0,0,38
53,13,2,7,1,7688,38
19,9,4,0,1,0,38
42,10,2,9,1,0,38
41,13,4,3,1,0,38
64,5,2,2,1,0,38
27,9,2,2,1,0,38
41,10,2,3,1,99999,38
41,11,0,2,0,0,38
26,14,4,3,1,0,38
42,11,2,9,1,0,38
43,9,4,5,1,0,30
57,9,2,13,1,0,38
39,10,0,5,1,0,38
37,10,2,0,1,0,38
52,9,4,3,0,0,38
28,14,2,9,0,0,38
38,12,2,13,1,0,38
28,13,2,3,1,0,38
57,14,2,9,1,0,38
69,16,2,3,1,0,38
37,7,2,7,1,0,38
50,10,2,11,1,0,38
38,10,4,0,0,0,38
66,9,2,3,1,0,38
54,9,2,2,1,0,38
22,9,4,3,0,0,38
21,11,4,0,0,0,38
48,9,2,2,1,7298,38
55,14,0,9,0,0,38
39,6,2,2,1,0,38
43,13,4,9,0,0,38
37,9,2,9,1,0,38
30,12,5,7,0,0,38
55,13,2,3,1,0,38
53,2,2,13,1,0,38
61,5,0,7,1,0,38
35,9,0,2,1,0,38
38,9,2,11,1,0,38
46,10,2,13,1,0,38
59,9,5,10,0,0,38
34,13,2,3,1,7688,38
31,10,2,6,1,0,37
48,10,4,0,1,0,38
30,9,4,5,1,0,38
33,13,0,3,0,0,38
37,10,0,0,0,0,38
31,10,4,3,1,0,38
42,14,2,9,1,0,38
27,12,2,2,1,0,38
60,10,2,5,1,0,38
58,9,2,3,0,7688,38
31,6,0,7,1,0,38
43,13,2,9,1,0,38
20,10,4,7,1,0,38
31,13,2,10,1,0,38
48,11,2,12,1,0,38
29,9,0,6,1,0,38
45,13,2,9,1,0,38
54,9,2,0,1,0,38
39,9,4,5,1,0,38
57,10,1,3,0,0,38
45,14,2,9,1,0,38
68,12,0,3,0,0,38
37,14,0,9,1,0,38
23,13,4,11,0,0,38
29,9,2,2,1,0,38
36,9,2,12,1,0,38
68,10,4,0,0,0,38
24,10,4,0,1,0,38
39,10,2,13,1,0,27
28,9,4,6,0,0,38
46,13,2,9,1,0,38
54,13,0,3,1,0,38
37,9,2,9,0,0,38
28,12,0,9,0,0,38
36,10,0,3,0,0,38
32,11,2,12,1,0,38
58,10,2,11,1,0,38
48,14,0,3,0,9562,38
46,10,2,4,1,0,38
58,4,0,6,1,0,38
44,10,2,2,1,7688,38
38,13,2,10,1,7688,38
55,10,2,13,1,0,38
28,9,4,7,1,0,25
46,7,2,2,1,0,38
45,10,2,13,1,0,38
33,10,2,12,1,0,38
53,11,0,0,0,2202,38
26,9,2,13,1,0,38
62,14,2,2,1,0,38
43,14,0,9,1,0,38
55,11,2,9,1,0,10
20,10,4,4,1,0,38
45,13,2,9,1,0,38
36,13,4,9,1,0,38
38,9,2,0,1,0,38
29,13,4,9,0,8614,38
22,10,4,10,0,0,38
50,13,0,10,1,0,38
28,4,2,11,1,0,38
24,10,4,5,1,0,38
61,15,2,9,1,0,38
41,12,2,0,1,3103,29
29,9,2,7,0,0,38
27,10,4,0,0,0,38
47,10,0,9,0,0,38
48,13,2,9,1,15024,38
43,10,2,11,1,0,38
50,13,5,11,1,0,38
49,10,2,0,1,0,38
60,6,2,5,1,0,38
50,9,2,5,1,0,38
30,9,2,9,1,0,38
65,7,0,6,1,0,38
24,9,3,13,1,0,28
41,13,2,3,0,0,23
47,6,2,2,1,0,38
30,10,2,2,1,0,38
52,9,0,11,1,0,38
42,14,0,9,0,0,38
44,13,2,3,1,7688,38
19,10,4,9,1,0,38
28,9,4,0,1,0,38
30,13,2,11,1,0,38
30,10,4,2,1,0,38
47,10,2,12,1,0,38
50,9,2,10,1,0,38
27,13,2,2,1,0,38
33,9,2,6,0,0,38
46,10,2,2,1,15024,38
42,9,2,11,1,0,38
48,13,2,3,1,0,38
46,13,2,9,1,0,38
37,9,4,0,1,0,38
27,10,6,0,0,0,38
59,10,4,9,1,0,38
26,9,2,2,1,0,38
47,9,2,2,1,0,38
28,13,2,9,0,0,4
51,9,2,3,1,0,38
59,13,2,9,0,0,38
22,10,5,7,0,0,38
56,13,2,2,1,0,38
30,13,2,3,1,0,38
20,10,4,7,1,0,38
46,10,4,0,0,0,38
40,9,4,3,0,0,38
50,13,0,3,1,0,38
35,10,2,10,1,0,38
21,5,4,0,1,0,38
45,13,0,3,1,0,38
47,14,2,9,1,7688,38
29,16,2,9,1,0,38
47,15,2,9,1,0,38
61,9,2,6,1,0,38
57,10,2,11,1,0,38
41,9,2,7,1,0,38
42,10,4,7,0,0,38
34,13,2,3,1,0,38
35,14,4,9,1,0,38
33,11,2,10,1,0,38
40,13,2,11,1,0,38
58,10,4,0,0,0,38
42,12,2,2,1,0,38
32,10,4,11,0,0,38
32,10,2,2,1,7298,38
36,10,2,2,0,7298,38
44,10,2,3,1,0,38
52,3,2,2,1,0,25
69,13,2,3,1,99999,38
36,13,0,9,1,0,38
21,10,4,0,0,0,38
53,13,2,11,1,0,38
35,10,2,11,1,0,38
36,9,2,6,1,0,38
33,9,2,2,1,0,38
21,9,4,2,1,0,38
51,9,1,3,0,99999,38
45,9,2,12,0,5178,38
32,9,2,11,0,0,38
43,9,4,5,1,0,38
38,10,2,3,0,0,38
45,10,2,12,1,7298,38
29,9,2,2,1,0,38
65,13,2,3,1,0,21
37,10,2,2,1,0,38
53,9,2,1,0,7688,38
28,13,2,9,1,0,38
37,14,2,9,1,0,38
29,14,0,9,1,10520,38
20,9,4,0,0,0,38
36,9,2,7,0,0,34
33,9,5,2,1,0,16
38,10,4,9,0,4787,38
27,9,0,0,0,0,38
37,10,3,0,0,0,38
38,13,0,11,0,1151,38
44,9,0,0,0,0,38
30,9,2,2,1,0,38
49,9,2,2,1,0,38
22,9,4,7,1,0,38
48,6,2,4,1,0,38
37,14,0,3,0,0,38
58,13,0,3,0,0,38
27,13,2,3,1,0,38
51,14,6,11,1,0,7
51,10,2,9,1,0,38
19,9,4,11,1,0,38
17,8,4,0,1,0,38
43,13,2,0,1,0,38
55,11,2,13,1,5178,38
42,13,4,0,0,99999,38
48,9,0,3,0,0,38
34,9,0,2,1,0,38
36,13,2,9,1,0,38
71,8,4,7,0,0,38
26,7,2,0,1,0,38
35,9,4,6,1,0,38
26,13,4,11,1,0,38
49,13,2,11,1,0,38
23,9,4,6,1,0,38
44,12,2,0,1,0,38
60,9,2,10,1,0,38
33,9,2,2,1,0,38
26,12,4,11,1,10520,38
28,9,4,0,0,0,25
47,9,2,6,1,3103,36
58,9,0,0,0,0,38
48,9,2,13,1,0,38
22,13,4,9,0,0,38
21,10,4,11,0,0,38
51,6,6,13,0,0,38
39,9,2,0,0,0,38
49,14,2,3,1,15024,38
29,10,4,5,1,0,38
57,11,6,0,0,0,38
19,9,4,11,0,0,38
43,10,2,2,1,0,38
27,13,4,12,0,0,38
68,11,6,3,0,0,38
34,13,2,9,0,0,28
67,13,2,3,1,0,38
30,13,2,7,0,0,29
58,10,2,11,1,0,38
44,9,2,10,1,0,38
56,16,2,9,1,0,38
40,12,2,9,1,7298,38
48,13,2,3,1,0,38
54,6,2,2,1,0,38
46,6,3,7,1,0,2
47,14,2,11,1,0,38
35,7,2,11,0,0,38
44,9,0,7,0,0,38
56,14,0,0,0,0,38
36,9,2,2,1,0,38
52,11,2,3,1,0,38
47,14,2,3,1,0,38
43,14,2,3,1,0,38
31,6,2,12,1,0,38
44,13,2,9,1,7688,38
48,10,0,3,1,0,38
32,13,2,3,1,0,38
35,13,2,9,0,0,18
57,9,6,13,1,0,38
48,10,2,11,1,0,38
28,13,2,11,1,0,38
50,13,2,3,1,0,38
19,9,4,11,1,0,38
63,13,2,13,1,0,4
24,11,4,6,1,0,38
40,10,4,0,0,0,38
36,7,2,13,1,0,38
50,4,0,7,0,0,38
44,11,2,5,1,0,38
27,7,2,11,1,0,38
53,10,2,12,1,0,38
37,13,2,12,1,0,38
36,9,2,12,1,0,38
20,10,4,7,1,0,38
50,5,2,2,1,0,38
41,13,2,8,0,0,13
30,10,2,11,1,0,38
53,9,6,2,1,0,38
22,3,2,2,1,0,25
33,9,2,11,1,0,38
60,14,2,9,1,0,38
40,9,2,3,1,0,38
29,10,4,0,0,0,38
46,9,5,6,0,0,38
30,9,2,12,1,0,38
35,13,2,3,0,0,38
62,14,2,11,1,0,38
31,6,2,6,1,0,38
51,13,2,12,1,0,38
34,9,5,0,1,0,38
47,14,0,9,0,0,38
50,10,2,2,1,0,38
44,12,0,12,0,0,38
38,9,2,2,1,0,38
38,13,3,0,0,0,20
39,16,2,9,1,0,38
53,9,2,2,1,0,38
41,9,0,5,1,0,38
50,13,2,0,1,0,38
46,9,2,7,1,7298,38
45,4,0,0,1,0,38
19,10,4,0,1,0,38
40,15,2,9,1,99999,38
42,14,2,3,1,0,38
36,9,2,3,1,0,38
30,10,4,2,1,0,38
31,10,2,2,1,0,38
38,15,2,9,1,0,38
34,13,2,3,1,0,38
43,9,2,2,1,0,38
21,6,2,5,1,0,38
45,13,2,11,1,0,38
44,9,0,0,0,0,38
55,5,4,0,0,0,38
41,13,4,9,0,0,38
55,10,2,3,0,0,38
42,10,2,2,1,0,38
30,14,2,3,1,0,38
53,16,2,9,1,0,38
52,9,0,0,0,0,38
35,9,4,2,1,0,38
39,14,0,9,0,1506,38
25,9,4,8,0,0,38
35,14,4,9,1,0,38
40,10,4,11,1,0,38
40,9,2,2,1,7688,38
36,9,2,13,1,0,38
32,13,4,9,1,0,38
59,16,2,9,1,0,38
30,9,2,2,1,0,38
66,5,2,0,1,0,38
48,6,2,3,1,0,38
53,10,2,10,1,0,38
36,9,4,13,1,0,38
44,9,2,6,1,0,38
38,14,4,9,1,0,38
46,13,2,4,0,7688,23
20,11,4,11,0,0,38
29,10,2,2,1,0,38
20,10,4,9,0,0,38
41,9,2,2,1,0,38
44,10,2,12,1,0,38
33,9,2,3,0,0,38
39,13,0,3,0,0,38
33,10,2,13,1,0,38
66,14,2,11,1,0,38
36,9,5,0,1,0,3
45,13,2,3,1,0,38
32,13,2,9,1,0,38
32,13,4,0,0,0,38
36,10,2,2,1,0,38
57,13,1,1,0,14084,38
28,7,4,2,1,0,38
65,7,2,13,1,0,38
31,11,4,4,1,0,38
59,10,2,2,1,0,38
30,12,4,8,0,4787,38
41,14,2,11,0,0,38
47,9,0,6,0,0,38
60,6,2,2,1,0,38
18,10,4,0,1,0,38
40,9,6,6,0,0,38
37,8,5,8,0,0,38
80,14,2,8,1,0,38
30,9,4,5,1,0,38
46,9,0,3,0,0,38
30,9,2,2,1,3411,38
46,13,6,3,0,0,38
41,10,3,11,0,0,38
38,9,2,2,1,0,38
46,9,2,0,0,0,38
49,10,2,0,1,0,38
43,9,0,6,0,0,38
39,14,2,9,0,7688,38
40,14,4,9,0,0,38
37,13,2,3,1,0,38
40,9,2,2,1,0,38
56,13,2,9,1,15024,38
30,11,2,10,1,0,38
50,13,2,9,0,0,38
24,10,4,0,0,0,38
18,9,4,0,0,0,38
43,9,2,2,1,0,38
49,14,2,3,1,15024,6
39,9,2,2,1,0,38
55,13,2,9,1,0,38
46,9,2,13,1,0,38
44,13,2,11,1,7688,38
32,9,2,2,1,3103,38
35,9,2,2,1,0,38
28,9,2,5,1,0,38
29,10,2,13,1,0,38
42,9,1,0,1,14344,38
39,12,2,0,0,0,38
38,13,2,11,1,0,38
34,15,4,9,1,0,38
63,15,2,0,1,0,38
42,13,2,3,1,0,38
33,9,0,6,0,0,38
37,10,5,5,1,0,38
38,9,2,7,1,0,38
61,10,2,0,1,0,38
36,12,4,11,1,10520,38
31,10,2,10,0,0,27
36,13,4,3,1,0,38
45,13,2,3,1,0,38
21,10,4,11,1,0,3
37,9,2,2,1,0,38
29,13,4,9,1,0,38
29,9,2,12,1,5178,38
32,13,4,0,1,0,38
36,9,5,11,0,0,38
48,9,5,0,0,914,38
32,9,2,3,0,0,38
29,13,2,3,1,0,40
48,10,4,3,0,0,20
43,13,2,9,1,0,38
42,5,2,2,1,0,25
63,6,2,6,1,0,38
27,9,4,2,1,0,38
36,10,2,10,1,0,38
24,9,4,0,1,0,38
47,9,2,13,1,0,38
48,14,2,9,1,0,4
60,14,2,3,1,0,38
47,11,2,9,1,0,38
43,13,2,3,1,0,38
38,9,0,6,1,0,38
31,10,2,2,1,4386,38
33,7,2,2,1,0,38
48,16,0,9,1,0,38
24,10,4,0,0,0,38
54,11,5,6,1,10520,38
39,9,2,3,1,0,38
35,13,4,3,1,0,38
41,9,2,13,1,0,38
54,13,2,3,1,0,38
52,13,0,3,1,0,38
49,15,0,3,0,0,38
64,9,0,8,0,0,38
35,9,2,5,1,0,38
36,9,2,2,1,0,38
42,10,5,0,0,0,38
34,9,2,13,1,0,38
49,8,0,6,0,0,38
52,5,2,7,0,0,38
38,15,2,9,1,0,38
63,13,4,0,1,0,38
45,13,2,9,1,0,38
60,10,2,9,1,7298,38
33,9,4,2,1,0,38
44,13,2,9,1,0,38
41,9,2,2,1,7298,38
50,9,2,0,0,0,38
21,10,4,0,1,0,12
30,10,2,5,1,0,30
31,10,4,7,0,0,38
26,9,4,3,1,0,38
35,12,2,12,1,0,38
31,9,2,13,1,0,38
56,4,2,2,1,0,38
46,10,0,9,0,0,38
37,6,2,7,0,2635,38
34,13,2,9,1,0,38
65,10,6,0,0,2346,38
55,9,0,0,0,0,38
27,9,0,0,1,4865,38
30,13,4,3,0,0,38
62,10,6,10,0,0,38
37,14,2,9,0,99999,38
32,13,2,3,1,4064,38
50,9,3,5,0,0,38
33,6,4,6,0,0,38
36,13,2,9,0,0,38
21,7,4,2,1,0,38
46,13,0,11,0,0,38
51,9,2,0,0,3908,38
33,10,4,0,0,0,38
53,9,0,2,1,0,38
38,14,2,9,1,0,38
21,12,4,7,0,0,38
34,13,2,9,1,0,38
40,10,2,9,1,0,38
46,10,2,7,1,0,38
38,5,2,7,0,0,2
60,9,2,7,0,0,38
29,9,2,7,1,0,38
47,10,2,11,1,0,38
24,13,4,11,1,0,38
41,11,2,12,1,0,38
50,12,2,12,1,7298,38
54,14,2,9,1,0,38
28,6,2,2,1,0,38
27,10,2,13,1,0,6
18,9,4,0,0,0,38
33,16,2,9,1,0,38
37,11,2,8,0,7688,23
43,14,0,9,0,0,38
46,13,2,11,1,0,38
33,13,2,0,1,0,38
49,10,2,2,1,0,38
47,15,2,9,1,99999,38
64,10,4,13,1,0,38
43,6,2,13,1,0,40
55,15,0,6,1,25236,38
28,2,4,8,0,0,25
51,13,2,10,1,0,1
46,13,2,9,1,7688,38
51,12,2,11,1,5178,38
49,13,2,2,1,0,38
23,13,4,9,0,0,38
28,6,4,6,0,0,38
64,9,2,4,1,0,38
71,9,2,3,1,0,38
58,11,2,3,1,15024,38
29,9,2,11,1,5178,38
44,9,2,2,1,7298,8
43,9,4,7,0,0,38
59,9,0,7,0,0,38
26,14,4,9,1,8614,38
32,6,4,2,1,0,38
47,10,2,11,1,0,38
53,14,2,9,1,0,38
56,9,2,5,1,5178,38
58,2,2,7,1,0,4
36,12,2,2,1,0,38
36,10,2,3,1,0,38
56,13,4,3,0,0,38
41,9,4,6,0,1831,28
42,10,5,6,0,0,38
31,14,4,9,0,14084,38
50,14,2,3,1,0,38
25,7,3,5,0,0,25
30,9,2,2,1,0,38
48,14,2,9,1,0,38
26,12,2,0,0,0,38
44,10,2,6,1,0,38
30,6,0,7,1,0,38
41,10,0,2,1,0,38
29,9,3,13,1,0,18
37,9,4,7,1,0,38
40,16,2,9,1,0,38
49,10,2,12,1,0,38
21,9,2,0,1,0,38
30,13,4,0,0,0,38
65,10,2,3,1,2290,38
26,10,2,0,0,0,38
24,11,4,0,0,0,29
31,13,2,9,1,0,38
29,13,4,9,1,0,38
35,13,2,11,1,0,38
50,13,2,3,1,0,38
34,9,4,13,1,0,38
45,9,0,7,0,0,38
66,11,6,9,0,0,38
38,5,0,2,1,0,38
28,9,5,11,0,0,38
22,9,4,2,1,0,38
34,13,2,3,1,0,38
24,10,4,7,0,0,1
22,3,2,6,0,0,25
60,5,2,6,1,2228,38
60,14,4,9,0,4787,38
41,10,0,3,1,4650,38
58,9,2,3,1,0,38
27,10,2,7,0,0,38
41,4,2,7,1,0,38
39,13,2,11,1,0,38
54,14,0,9,1,0,38
75,14,3,9,1,0,38
40,9,0,12,0,0,38
21,8,4,4,1,0,38
35,13,2,9,0,0,18
40,10,4,6,1,0,38
50,9,0,9,1,0,38
25,9,4,2,1,0,4
49,13,2,6,1,0,38
43,10,0,6,0,0,38
24,9,2,5,0,4386,38
24,13,4,0,1,0,38
34,10,2,3,1,0,38
38,13,2,9,1,0,38
46,9,2,3,1,15024,38
52,13,2,3,1,0,38
30,9,4,7,0,0,20
48,9,2,6,1,0,38
45,3,2,2,1,0,38
40,16,2,9,1,0,38
44,13,2,0,1,3103,38
40,4,2,6,1,0,24
37,13,2,12,1,0,38
38,14,4,3,0,0,38
25,9,4,5,1,0,38
31,12,2,2,1,0,38
50,9,2,2,1,0,38
61,13,2,9,1,0,38
66,13,2,11,1,20051,38
58,13,2,3,1,0,38
62,10,0,0,1,0,38
28,9,4,7,1,0,38
38,9,2,2,1,0,38
20,10,4,0,0,0,38
29,9,2,2,1,0,38
48,13,2,3,1,0,38
46,9,4,7,0,0,38
29,9,2,2,1,0,38
40,9,2,2,1,0,38
47,10,2,3,1,0,38
30,13,4,9,1,0,19
27,9,2,2,1,0,38
41,10,2,2,1,0,38
27,9,2,13,1,0,38
46,13,2,3,1,0,38
48,16,0,9,1,0,38
70,9,2,3,1,0,38
22,9,2,4,1,0,38
57,13,2,3,1,0,29
40,9,6,11,0,0,38
43,13,2,2,1,7298,38
45,14,2,3,1,0,38
39,12,2,6,1,0,38
34,13,4,6,0,0,38
56,6,2,0,1,0,38
47,12,2,0,1,0,38
52,11,2,3,1,0,38
51,9,2,4,1,4386,38
50,9,2,5,1,0,38
34,11,2,3,0,0,32
49,9,2,10,1,0,38
44,13,2,3,1,15024,38
56,14,2,9,1,0,38
31,10,2,3,1,0,38
22,13,4,9,0,0,38
19,8,4,5,1,0,38
43,5,4,6,0,0,38
43,13,2,0,0,0,29
43,14,2,9,1,0,38
44,13,0,3,0,0,38
37,9,2,3,1,0,38
31,10,2,9,1,0,38
49,9,2,4,1,0,38
44,14,2,3,1,0,38
40,9,2,13,1,0,38
49,11,2,12,1,3103,38
26,10,4,3,0,0,38
29,9,2,13,1,0,38
32,13,2,9,1,0,38
37,9,2,4,1,0,38
42,13,2,9,1,5013,38
52,10,0,11,0,0,38
39,13,2,9,1,0,38
50,14,2,3,1,0,38
35,15,2,9,1,0,38
39,12,4,11,0,0,38
27,9,4,0,1,0,38
33,9,2,2,1,0,38
24,13,4,11,0,0,38
60,9,0,2,1,0,38
70,4,6,7,0,0,38
31,9,2,2,1,0,38
37,13,2,3,1,7298,38
43,9,0,0,1,0,38
54,13,2,11,1,0,38
48,14,1,5,0,10520,38
49,9,2,6,1,0,38
27,12,2,2,1,0,38
38,10,5,0,0,0,38
63,9,4,3,1,0,38
39,9,2,2,1,0,38
57,11,2,3,1,15024,38
27,15,2,9,0,0,38
30,10,4,3,0,0,38
48,13,4,9,0,0,25
63,4,6,7,0,0,38
23,13,4,11,1,0,38
38,13,2,3,1,0,38
26,13,4,12,0,0,38
44,15,5,9,0,0,38
44,12,0,12,1,0,38
46,13,2,5,1,7688,38
41,15,2,9,1,0,38
35,11,4,10,1,10520,38
27,9,2,6,0,0,5
30,13,4,9,1,0,38
50,9,0,0,0,0,29
53,13,2,10,1,7688,38
27,7,4,2,1,0,38
67,10,0,7,0,0,38
56,9,0,0,0,0,38
38,14,1,3,1,0,38
46,14,2,9,1,0,38
53,9,2,2,1,0,38
34,9,4,0,1,0,38
38,9,4,7,0,0,38
36,14,2,3,1,0,38
43,13,2,3,1,0,38
34,10,0,7,0,0,38
31,14,2,3,1,0,38
34,9,4,0,0,0,38
34,13,2,9,1,0,28
45,9,2,11,0,0,38
45,10,2,9,1,0,38
28,11,0,3,1,10520,38
63,13,2,3,1,10605,38
25,9,2,2,1,0,38
34,10,2,3,1,0,38
30,11,4,9,1,0,38
58,9,2,2,1,0,38
53,9,2,3,1,0,38
32,9,0,2,1,0,38
34,10,2,2,1,0,38
53,9,0,13,1,0,38
40,9,5,0,0,0,38
39,13,0,3,0,13550,38
33,13,2,9,1,0,38
44,13,0,9,1,0,38
50,5,2,2,1,0,38
42,9,2,7,1,0,38
29,9,2,11,1,0,38
37,12,2,9,0,99999,38
62,9,6,0,0,0,38
54,13,2,9,1,0,38
27,11,4,3,1,0,38
35,10,2,12,1,0,38
52,9,2,11,1,7298,38
26,9,4,0,0,0,38
39,9,0,7,0,0,38
46,14,1,3,0,10520,38
63,9,2,5,1,0,38
23,9,4,4,1,0,38
44,10,0,6,1,0,38
37,11,4,9,0,5455,38
26,6,2,13,1,0,38
20,9,4,13,1,0,38
33,13,2,3,0,0,38
62,9,2,0,1,0,38
23,9,2,7,1,0,38
38,13,2,3,1,0,38
28,9,4,11,1,0,38
25,4,2,5,1,0,25
32,9,2,2,1,2407,38
20,9,2,12,1,0,38
58,9,2,3,1,7688,38
34,9,2,2,1,0,38
41,14,2,9,1,0,38
58,13,2,11,0,15024,38
59,9,2,13,1,0,38
31,9,2,3,0,15024,38
53,14,2,3,1,0,38
29,11,4,0,0,0,38
55,10,2,0,1,0,38
44,11,6,9,0,0,38
25,13,4,7,0,2597,38
20,10,4,0,0,0,38
33,15,4,9,0,0,38
70,10,2,11,1,10566,38
28,10,2,11,1,0,38
43,9,2,3,1,0,38
47,4,2,6,0,0,38
33,9,6,11,0,0,38
20,9,5,6,1,0,38
39,12,4,9,1,0,38
32,13,2,11,1,0,38
25,14,4,9,0,0,38
39,14,2,9,1,0,38
54,14,2,9,1,0,38
35,9,2,3,1,0,38
50,13,4,9,0,0,38
56,10,2,11,1,0,38
62,14,5,9,0,0,38
26,13,4,9,0,0,38
37,9,2,2,1,0,38
45,10,0,0,1,0,38
43,9,3,2,1,0,38
35,15,2,9,1,0,38
72,9,2,9,1,0,38
31,16,2,9,1,0,2
66,9,2,9,1,9386,38
34,9,2,13,1,0,38
33,9,2,11,1,0,38
47,12,0,0,1,0,38
18,7,4,5,1,0,38
39,13,2,9,1,0,38
61,10,2,11,1,0,38
26,10,2,0,0,0,38
48,3,0,6,0,0,5
45,10,2,3,1,7688,38
34,15,2,9,1,0,38
34,13,2,3,1,0,38
28,9,2,2,1,0,31
31,15,4,9,1,0,38
40,13,4,3,1,0,38
40,13,4,0,0,0,38
44,10,2,9,1,0,38
55,6,2,13,1,0,38
33,13,2,9,1,0,38
25,9,4,5,1,0,38
34,12,2,9,1,0,38
37,10,2,2,1,0,38
39,13,2,3,1,0,38
38,10,2,3,1,0,38
59,6,2,4,1,0,38
45,10,2,6,1,0,38
41,8,0,11,1,7430,33
23,13,4,9,0,0,38
38,12,2,3,0,0,38
45,12,0,0,1,0,38
37,10,0,7,0,0,38
48,14,2,9,1,0,38
59,12,2,3,1,0,38
54,10,2,4,1,0,38
25,10,2,7,1,0,38
38,10,4,0,0,0,38
47,7,4,6,0,6849,38
51,11,0,12,1,0,38
36,10,0,0,0,0,38
44,10,0,0,0,0,38
49,9,2,3,1,0,38
46,12,2,2,1,0,38
25,13,2,9,1,0,38
42,9,2,2,1,0,38
35,12,2,0,1,0,38
37,10,2,2,1,4386,38
40,10,4,2,1,0,38
46,13,2,9,1,15024,38
44,9,2,2,1,0,30
45,14,2,9,1,0,38
23,10,4,9,1,0,38
26,9,4,6,0,0,38
24,13,2,9,1,0,38
68,13,2,3,1,0,38
35,10,2,6,1,4386,38
23,10,4,2,1,0,38
43,10,4,5,1,0,38
46,11,2,2,1,0,38
42,10,4,13,0,0,38
55,13,2,3,1,0,38
28,9,2,5,1,0,38
26,9,2,3,1,0,27
20,9,2,5,1,0,38
42,13,2,11,1,0,38
43,10,0,6,1,0,38
36,13,2,11,1,0,38
36,14,2,9,1,0,38
28,9,0,7,0,0,38
32,9,2,0,1,0,38
46,11,2,12,1,0,38
30,10,4,2,1,0,38
35,10,2,11,1,0,38
54,10,0,11,0,0,38
43,9,2,0,1,0,38
46,6,2,5,1,0,38
20,8,4,6,1,0,38
40,9,2,11,1,0,38
59,15,2,9,1,99999,18
29,10,0,2,1,0,38
39,15,4,9,0,14084,38
28,9,2,3,1,0,38
42,12,0,9,0,8614,38
31,9,4,10,1,0,38
28,13,2,11,1,0,38
35,16,4,9,1,0,38
43,9,2,6,1,0,38
45,10,2,10,1,0,38
30,9,2,5,1,0,38
47,12,2,0,0,0,21
38,12,2,9,1,0,8
33,11,4,9,0,10520,38
43,13,2,9,1,0,38
37,9,5,9,0,0,38
88,15,2,9,1,0,38
49,9,2,6,1,0,38
69,9,2,13,1,0,38
41,13,2,9,0,0,38
50,9,0,2,1,0,32
40,9,2,8,0,0,38
36,10,2,6,1,0,38
40,9,0,12,0,0,38
25,9,4,6,0,0,38
23,9,4,11,1,0,38
33,13,2,7,0,0,38
31,5,2,6,1,3137,25
37,9,2,11,1,0,38
24,9,2,2,1,0,38
46,13,2,11,1,0,38
39,13,0,12,1,0,38
43,13,2,0,1,0,38
37,11,2,2,1,0,38
33,10,2,7,1,0,38
46,10,2,2,1,0,38
27,12,4,11,1,0,38
58,10,0,6,1,0,25
22,13,4,9,0,14344,38
44,9,2,13,1,0,38
44,13,2,3,1,0,38
30,9,2,10,1,0,38
30,14,2,9,1,0,38
36,9,2,7,0,0,38
50,14,0,3,0,25236,38
46,10,2,3,1,0,38
47,13,2,9,1,15024,38
34,10,2,3,1,0,38
56,10,2,3,0,0,18
34,10,0,9,1,0,10
40,14,2,3,1,0,38
35,10,2,2,1,0,38
24,9,4,5,1,0,38
49,10,2,2,1,0,38
61,9,2,5,1,0,38
21,9,2,2,1,0,38
26,9,0,6,1,0,38
23,9,4,12,1,0,38
49,14,5,9,0,0,38
37,9,2,11,1,0,38
34,13,2,3,1,0,38
48,13,0,11,1,0,38
41,9,2,6,1,0,38
28,13,4,3,1,0,38
47,13,0,10,1,0,38
29,11,2,2,1,0,38
36,9,4,0,0,0,38
46,9,2,0,0,7688,38
35,9,2,2,1,0,38
49,9,2,2,1,0,38
50,12,2,3,0,0,38
45,10,2,13,1,7298,38
49,10,2,3,1,15024,38
22,9,4,11,1,0,38
21,10,4,5,1,0,38
29,10,2,2,1,0,38
41,14,0,9,0,0,38
45,13,2,9,1,0,38
44,9,2,2,1,3137,38
57,13,2,10,1,0,38
46,15,2,9,1,99999,38
42,9,5,11,0,0,38
20,10,4,7,1,0,38
28,2,2,6,1,0,25
44,9,2,8,1,7298,38
51,9,2,0,1,0,38
47,10,0,0,0,0,38
44,14,2,9,1,0,38
38,9,2,2,1,0,38
35,10,2,9,1,0,38
41,13,2,12,1,0,38
45,14,2,9,1,0,8
61,10,2,11,1,7688,38
46,14,0,3,0,0,38
46,2,5,7,0,0,25
25,10,4,0,1,0,38
35,14,4,2,1,0,38
34,9,2,13,1,0,38
49,4,2,6,0,0,16
59,5,5,6,0,0,25
21,11,4,7,0,0,38
37,5,2,2,1,0,38
28,13,4,3,1,0,38
45,11,2,2,1,0,1
21,9,4,6,1,2176,38
22,10,4,0,1,0,38
37,13,2,3,1,0,38
57,5,6,7,1,0,38
46,6,0,0,1,0,38
37,9,2,0,0,0,38
34,9,2,2,1,0,38
54,9,2,3,1,5178,38
29,9,4,11,0,0,38
28,13,2,9,1,0,38
31,10,2,0,0,0,38
48,14,2,9,1,0,7
45,9,2,6,1,0,38
26,7,2,0,1,0,38
25,9,4,6,1,0,38
26,13,4,3,1,0,38
43,13,2,9,1,0,38
31,13,2,11,1,0,38
19,9,4,0,0,0,38
46,9,2,2,1,14344,38
53,11,0,12,1,0,38
42,11,2,2,1,0,38
67,10,2,11,1,0,38
27,9,4,2,1,0,38
43,9,2,6,0,0,11
55,9,0,3,0,0,38
60,10,3,6,1,0,38
25,13,4,11,1,0,29
58,10,2,9,1,0,38
24,9,2,2,1,0,38
56,8,2,2,1,0,21
45,9,2,2,1,0,38
38,13,3,2,1,0,5
29,13,4,11,1,0,38
18,9,4,5,1,0,38
46,9,2,11,1,0,38
20,10,4,0,0,0,38
48,13,2,3,1,0,22
46,15,2,9,1,0,38
52,10,2,0,1,0,38
53,7,2,6,1,0,38
28,10,2,9,0,7688,38
59,4,2,2,1,0,38
37,13,2,9,1,0,38
30,11,2,13,1,0,38
39,11,2,12,1,0,29
19,9,4,9,0,0,38
19,10,4,0,0,0,38
26,10,4,0,0,0,38
33,13,2,3,1,0,38
40,12,4,12,1,0,38
24,11,2,0,0,0,38
26,9,4,0,0,0,38
41,6,0,11,1,0,38
49,10,4,0,0,0,38
25,9,2,5,1,0,38
19,9,4,0,1,0,31
40,9,2,2,1,0,38
52,6,2,11,1,4064,38
29,13,4,0,0,0,1
25,9,2,13,1,0,38
44,13,2,6,0,4934,38
42,10,2,3,1,15024,38
54,10,2,3,1,0,38
90,13,2,9,1,10566,38
40,9,2,3,1,7688,38
44,10,2,3,1,0,38
52,10,2,11,1,7298,38
28,10,2,7,1,0,38
63,9,0,0,0,0,38
37,9,2,2,1,0,38
59,16,2,9,1,0,38
25,9,4,0,0,0,38
25,9,2,13,1,0,38
47,9,2,2,1,0,38
56,13,2,9,1,0,38
33,16,4,9,1,0,38
39,9,0,9,0,4650,38
44,10,5,11,0,0,38
27,7,2,2,1,0,25
40,13,4,0,1,0,38
55,9,0,0,0,0,38
50,13,2,4,1,7688,24
36,13,2,9,1,7688,38
39,13,2,9,0,0,38
41,10,2,2,1,0,38
23,10,2,5,1,0,38
30,13,2,11,1,0,38
34,9,0,13,0,1151,10
58,9,3,7,0,0,38
34,10,4,10,1,0,38
45,4,2,3,1,0,38
51,11,2,3,1,0,38
36,13,2,9,1,0,38
55,5,2,2,1,0,38
39,13,2,9,0,0,38
19,9,4,13,1,0,38
39,14,3,9,0,14084,38
55,13,2,10,1,0,38
27,10,2,3,1,0,38
43,12,0,2,1,0,38
51,13,2,3,1,0,38
34,8,2,7,1,0,5
39,15,2,9,1,0,38
65,13,2,3,1,99999,38
64,9,2,3,1,0,38
32,10,2,11,1,0,38
41,14,2,3,1,0,38
36,14,4,9,0,0,38
58,9,2,2,1,0,38
46,12,2,3,1,15024,38
36,9,2,3,1,0,38
60,10,2,11,1,0,38
35,9,2,7,0,0,38
22,9,4,2,1,0,38
21,4,4,4,1,0,38
52,9,0,6,0,0,38
41,13,2,11,1,15024,38
48,10,2,3,1,0,38
48,14,2,9,1,0,38
52,9,0,11,0,0,38
42,10,0,2,1,0,38
46,10,2,3,1,0,38
47,10,2,3,1,0,38
58,10,0,2,1,0,38
38,4,2,0,1,0,38
58,9,2,4,1,0,38
42,13,2,3,1,0,38
33,10,2,10,1,0,38
30,13,2,9,1,0,38
45,13,2,3,1,15024,38
33,13,0,9,0,914,10
67,14,2,3,1,0,38
44,9,2,4,1,0,38
27,7,0,6,0,0,38
52,9,2,3,1,15024,38
33,13,2,11,1,0,38
38,10,2,3,1,0,38
52,15,2,11,1,0,38
27,9,4,0,1,0,38
29,12,2,2,1,0,38
43,9,2,2,1,0,38
42,13,4,3,1,0,38
53,5,2,7,1,0,5
53,9,0,0,0,0,38
39,10,4,6,1,0,29
24,9,4,6,0,0,38
23,9,4,0,1,0,38
35,10,2,2,1,0,38
38,11,2,3,1,0,38
40,13,2,3,1,0,38
36,14,2,9,1,0,38
50,10,2,11,1,0,38
52,11,2,10,1,0,38
30,13,4,3,1,0,38
39,14,4,9,1,0,38
59,10,0,7,1,0,38
36,9,2,2,1,0,38
38,15,3,9,0,14084,38
20,12,4,0,1,0,38
44,9,5,0,0,0,32
35,14,2,11,1,0,38
21,9,4,0,0,0,38
36,9,4,5,1,0,38
53,9,2,13,1,0,38
62,3,2,4,1,0,29
30,9,4,0,1,0,38
43,14,2,9,0,0,38
34,10,4,5,1,0,38
25,9,4,13,1,0,38
28,9,2,6,1,0,38
56,5,2,7,1,0,38
53,8,2,2,1,0,38
40,11,2,9,1,0,38
41,9,4,11,1,0,38
47,13,2,9,1,15024,38
27,10,4,5,1,0,38
46,10,4,5,1,0,38
49,9,2,3,1,7298,38
46,9,2,0,0,0,38
23,9,5,5,0,0,38
51,9,2,2,1,0,38
28,9,2,0,1,0,38
67,9,6,0,0,0,38
49,9,2,2,1,0,38
33,10,0,0,0,0,38
29,13,2,11,1,0,38
31,9,2,5,1,0,38
57,9,2,2,1,0,38
31,9,6,0,0,0,38
29,9,2,6,1,0,38
55,11,6,3,0,0,38
49,9,2,2,1,0,38
50,10,2,2,1,7688,38
50,6,0,11,0,0,38
19,10,4,0,0,0,38
42,9,2,2,1,0,38
23,9,4,6,1,0,38
46,10,2,11,1,0,38
57,15,2,13,1,15024,38
45,11,2,9,0,0,38
24,9,4,2,1,0,38
52,13,2,3,1,0,38
53,9,0,11,0,2597,38
23,10,4,5,0,0,38
58,9,2,11,0,0,11
48,12,2,0,0,7688,38
33,11,0,0,0,0,9
34,9,0,0,0,0,38
34,11,4,7,1,0,38
47,11,2,3,1,0,38
47,6,2,6,1,0,38
51,14,2,9,1,0,1
51,10,2,12,1,0,38
50,9,2,2,1,0,38
24,8,4,11,1,0,38
23,10,5,0,0,0,38
42,10,2,2,1,0,38
32,9,1,2,1,0,38
49,13,2,3,1,0,38
51,10,2,3,1,0,38
26,9,2,0,1,0,38
48,14,2,11,1,0,8
52,10,2,3,0,0,38
39,13,4,9,0,0,38
46,14,2,3,1,0,38
34,10,2,9,1,0,38
48,13,0,11,1,0,38
51,14,2,9,1,0,38
45,9,0,3,0,0,38
39,9,2,13,1,0,38
47,14,2,9,1,0,38
38,13,2,9,1,0,38
41,9,2,3,1,0,38
46,13,2,3,1,0,38
30,9,4,0,1,0,38
31,13,4,3,0,13550,38
23,10,4,7,0,4650,38
58,6,4,2,1,0,11
45,14,2,3,1,0,38
46,13,2,2,1,0,38
32,9,2,0,1,0,38
34,14,4,9,0,0,38
25,9,5,10,1,0,38
52,4,2,2,1,0,38
32,12,2,12,1,0,38
22,9,4,0,0,0,25
19,10,4,0,1,0,38
46,16,4,9,1,0,38
66,9,6,0,0,0,38
62,13,0,9,0,0,38
26,10,2,6,0,0,38
51,9,2,3,1,5178,38
52,10,2,3,0,0,38
33,14,2,9,1,0,38
38,12,0,3,0,0,38
24,9,4,7,1,0,38
29,9,2,2,1,0,38
28,6,4,6,0,0,38
50,9,2,9,1,99999,38
37,13,2,0,0,0,38
55,14,2,9,1,0,38
24,14,2,9,0,0,38
24,10,4,0,0,0,38
35,9,2,2,1,99999,38
53,14,2,3,0,0,38
39,13,4,3,1,0,38
23,9,4,3,1,0,38
34,13,2,11,1,0,38
27,9,4,6,0,0,38
58,10,2,4,1,0,38
43,14,6,3,1,4934,38
41,14,2,3,1,0,38
46,13,2,9,1,0,38
45,13,2,3,1,0,38
46,7,2,7,1,7688,38
36,9,2,11,1,0,38
29,9,2,7,1,0,38
45,10,2,9,1,0,38
42,12,2,9,1,0,38
29,16,2,9,1,0,38
47,5,4,7,0,0,38
25,13,4,11,1,0,38
45,9,2,12,1,15024,38
38,10,2,0,0,0,38
36,11,2,10,1,0,38
61,15,2,9,1,0,38
46,13,2,2,1,0,38
42,10,2,10,1,0,38
42,13,2,0,1,0,38
40,12,2,12,1,0,38
23,13,4,9,1,0,38
46,10,2,11,1,5178,38
35,9,4,6,1,0,38
59,9,2,2,1,0,38
47,11,2,3,1,15024,38
37,10,4,12,0,0,38
38,14,0,3,1,0,38
59,9,4,0,1,0,38
40,12,2,3,1,0,38
26,9,4,13,1,0,38
42,13,2,9,1,5178,38
44,13,2,9,1,0,38
44,14,2,11,1,0,38
46,9,2,6,1,0,38
37,9,2,7,1,0,4
45,13,6,7,0,0,29
32,11,4,2,1,0,20
25,10,2,4,1,0,38
35,9,2,2,1,0,38
56,12,2,4,0,0,38
37,12,0,2,1,0,38
26,9,4,0,1,0,38
59,9,2,0,0,0,38
43,10,2,2,1,5178,38
24,12,5,2,1,8614,38
29,10,2,2,1,0,38
43,10,0,0,0,0,38
37,10,2,6,1,0,38
43,5,0,13,1,0,38
67,4,2,4,1,0,38
42,13,2,0,1,3103,32
54,9,2,2,1,0,38
52,10,4,9,0,0,38
55,9,2,2,1,4386,38
51,14,2,3,1,15024,38
60,13,2,0,1,0,38
52,10,2,2,1,0,38
18,10,4,0,1,0,38
42,13,4,3,1,0,38
28,13,0,9,0,0,38
46,9,4,0,0,0,38
58,13,0,11,1,0,38
29,11,2,4,1,0,38
20,9,4,0,1,0,38
40,10,2,0,1,0,38
40,9,2,13,1,0,38
54,13,2,3,1,0,38
45,13,0,0,0,4687,38
35,13,4,11,0,0,38
59,9,2,2,1,0,38
19,9,4,0,0,0,38
37,11,2,2,1,0,38
38,9,2,9,1,0,38
54,13,2,12,1,0,38
39,10,4,0,0,13550,38
17,7,4,0,1,0,38
50,13,0,9,0,0,38
45,10,2,0,1,0,38
66,10,2,10,1,0,1
19,10,4,0,1,0,38
37,9,2,13,1,0,4
55,9,2,7,1,0,38
37,9,0,0,0,0,38
35,8,0,2,1,0,38
31,5,2,2,1,0,38
34,13,2,9,0,0,38
22,10,4,0,0,0,25
41,15,2,9,1,0,38
28,9,4,2,1,0,38
26,9,4,4,1,0,38
29,13,4,7,1,0,38
27,10,0,0,0,0,38
40,13,0,0,0,0,38
39,14,4,3,1,0,38
52,9,0,0,1,0,38
23,7,4,2,1,0,38
54,10,2,3,1,0,38
47,9,2,0,1,0,25
26,9,4,9,0,0,38
36,9,2,13,1,0,38
39,14,2,9,0,7688,38
39,13,4,3,0,0,38
33,13,2,3,1,0,38
55,9,2,3,1,0,38
49,10,2,12,1,0,38
37,14,4,9,1,0,34
30,9,2,2,1,0,38
42,10,4,3,0,0,38
41,13,2,3,1,0,38
22,9,4,2,1,0,38
42,10,5,0,0,0,38
37,10,2,11,1,0,38
30,9,2,5,1,0,38
40,14,2,9,1,0,38
53,15,2,9,1,0,38
36,7,0,7,0,0,38
33,9,4,0,1,0,38
50,10,2,2,1,0,38
37,6,4,5,1,0,38
37,11,2,10,1,0,38
34,13,4,11,0,0,38
44,14,2,3,1,0,38
40,9,4,12,0,14344,36
40,9,2,0,1,0,25
38,10,0,4,1,0,38
38,9,4,0,0,0,38
37,13,2,6,1,0,38
35,9,0,9,0,0,38
29,12,4,0,0,0,38
31,16,2,9,1,0,36
29,9,2,7,0,2635,38
43,10,2,3,1,0,38
61,9,0,0,0,0,1
37,9,2,3,1,0,38
36,10,2,3,1,0,38
28,9,0,10,1,0,38
30,9,0,7,0,0,38
35,13,2,8,1,7298,38
43,10,5,0,1,0,38
26,13,4,0,0,0,38
19,8,4,7,1,0,7
47,9,2,11,1,0,38
46,9,2,0,0,0,38
51,12,2,3,1,0,38
39,9,2,1,1,5178,38
61,8,2,2,1,0,25
32,9,2,2,1,0,38
58,9,2,2,1,0,38
46,15,2,9,0,7688,38
26,13,2,11,0,0,38
41,12,2,9,1,0,38
52,11,0,4,0,0,38
49,16,0,9,1,0,38
26,13,2,9,0,0,38
61,9,2,0,1,0,38
59,13,5,9,0,0,38
43,13,2,11,1,0,38
59,7,2,2,0,7688,35
66,7,2,0,1,0,38
29,10,2,6,1,0,38
23,10,5,11,0,0,38
19,7,4,6,1,0,38
50,9,2,2,1,0,38
47,10,2,2,1,7688,38
43,13,2,9,1,0,38
24,9,4,0,1,0,38
28,9,0,0,0,0,38
53,9,2,13,1,0,38
32,13,2,3,1,0,38
36,4,2,2,1,0,38
41,10,2,9,1,0,38
35,10,4,5,0,0,38
31,13,4,9,1,0,38
35,9,2,2,1,7298,38
56,10,2,3,1,0,38
31,10,5,11,0,0,25
39,9,2,2,1,0,38
54,9,0,13,1,0,38
45,13,2,11,1,0,38
53,14,2,9,1,0,38
29,13,2,9,0,7688,38
32,13,2,3,1,0,38
43,10,2,10,1,3103,38
58,12,2,8,0,0,30
26,9,4,0,1,0,38
27,13,4,0,0,0,38
48,13,2,9,1,0,1
51,13,2,10,1,0,38
51,16,2,9,1,0,38
33,11,2,12,0,0,38
59,10,2,2,1,0,38
59,7,2,6,1,0,38
46,12,2,3,1,15024,38
38,10,6,13,0,0,38
54,9,2,2,1,0,38
33,9,2,0,1,0,38
38,9,0,0,0,0,38
17,6,4,0,1,0,38
47,4,4,2,1,0,38
25,13,4,0,0,0,38
40,14,4,0,0,0,38
18,6,4,5,1,0,38
42,9,2,5,1,0,38
42,6,2,5,1,99999,38
41,13,2,0,0,0,29
34,9,2,6,1,0,38
26,9,2,0,1,0,38
47,9,2,2,1,0,38
45,10,2,2,1,0,38
34,16,2,9,1,0,38
37,13,2,3,1,15024,38
31,7,2,2,1,0,38
37,14,4,11,1,0,38
26,13,4,2,1,0,25
49,9,2,6,1,7298,38
50,10,2,11,1,0,38
35,9,2,2,1,0,38
67,13,5,11,1,0,38
19,9,4,4,1,0,38
32,10,0,0,0,0,38
47,13,6,8,0,25236,38
34,3,2,4,1,0,25
36,10,0,11,0,0,38
40,9,2,2,1,7298,38
26,9,2,9,1,0,38
56,9,2,6,1,0,38
26,13,4,2,1,3325,38
43,13,4,9,1,0,38
28,9,4,5,0,0,38
32,10,5,12,0,0,38
45,9,0,0,0,0,38
32,10,4,0,0,4101,38
40,11,2,9,0,0,38
26,10,0,5,1,0,38
35,13,2,9,1,0,38
35,13,2,11,1,0,38
31,10,2,11,1,0,38
80,12,6,11,1,0,38
35,9,4,0,1,0,38
37,9,2,11,1,99999,38
50,11,2,13,1,0,38
26,12,4,2,0,0,38
48,9,2,2,1,0,38
37,9,2,6,1,0,38
44,4,2,2,1,0,38
54,11,2,11,1,0,38
33,9,2,11,1,0,38
55,13,2,9,1,15024,38
25,4,2,2,1,0,25
35,14,2,9,1,7298,38
26,9,0,0,0,0,38
22,9,4,0,0,0,38
36,13,2,0,1,0,23
35,9,0,3,0,0,38
35,13,4,0,1,0,38
36,9,2,6,1,0,38
30,9,4,11,0,0,38
26,11,0,2,1,0,38
39,16,2,9,1,0,38
32,13,2,9,1,0,38
35,10,2,11,1,0,38
28,3,4,2,1,0,25
31,2,2,5,1,0,25
38,10,2,3,1,0,38
32,13,2,3,1,0,38
36,12,4,12,1,14344,8
63,13,2,9,1,0,38
39,9,2,10,1,0,38
29,13,2,9,1,0,38
28,10,2,10,1,0,38
42,15,0,9,0,0,38
19,9,4,2,0,0,38
33,9,4,5,1,0,22
34,9,4,9,0,0,38
43,10,2,11,1,7688,38
27,13,4,11,0,0,38
36,13,2,3,1,7298,38
35,12,0,7,0,0,38
37,14,4,3,0,0,38
22,10,4,10,1,0,38
50,15,1,3,0,0,38
33,3,2,2,1,0,38
40,10,4,2,1,0,38
29,14,4,11,1,0,38
58,9,2,4,1,0,38
40,4,2,2,1,0,38
41,9,4,11,0,0,38
23,10,4,3,1,0,38
38,13,2,9,1,0,38
43,10,2,11,1,0,38
43,13,2,3,1,0,38
20,9,4,13,1,0,38
39,15,2,3,1,0,38
39,14,2,9,1,0,29
38,9,2,11,1,7298,38
42,13,2,3,1,0,38
44,13,2,3,1,0,38
22,9,4,6,0,99999,16
41,14,0,9,1,0,38
51,11,2,2,1,5013,38
30,13,2,9,1,0,38
35,13,2,11,1,15024,38
38,10,2,2,1,0,38
46,9,2,6,1,0,38
41,14,2,3,1,0,38
37,13,2,3,1,7298,38
46,12,2,10,1,0,38
22,9,4,4,1,0,38
37,13,0,9,0,0,38
48,10,2,2,1,0,38
58,10,2,4,1,0,38
48,10,2,13,1,0,38
39,13,2,9,0,0,38
38,9,4,0,0,0,38
47,10,2,3,1,0,38
43,10,2,11,1,0,38
42,15,0,9,1,25236,38
63,9,2,3,1,0,38
35,7,4,2,1,6849,38
38,13,2,3,1,0,38
56,9,2,13,1,0,38
35,10,2,11,1,0,38
36,9,2,2,1,0,38
40,11,2,9,1,0,38
35,15,2,3,1,0,38
39,11,2,9,1,0,38
26,10,2,11,1,0,38
39,13,0,3,0,0,38
29,13,4,11,0,13550,38
28,13,4,10,1,0,38
50,11,0,9,0,0,38
41,9,6,3,1,914,38
25,13,4,11,0,6849,38
29,13,4,11,1,0,38
41,14,2,9,1,0,38
30,13,2,3,1,0,9
40,8,2,10,1,0,23
43,14,2,3,0,0,38
33,8,2,10,1,0,38
50,9,6,13,0,0,38
49,10,2,12,1,0,38
34,13,2,3,1,0,38
20,7,2,5,1,2961,38
59,6,6,3,0,0,38
51,13,0,11,1,0,38
64,9,2,4,1,0,38
35,9,2,0,0,0,38
25,10,2,0,1,0,38
56,9,2,2,1,0,38
47,9,4,0,0,0,38
47,10,2,3,1,0,38
26,13,4,13,1,0,38
39,14,2,9,1,0,38
58,9,2,2,1,0,38
45,11,0,12,0,0,38
23,9,4,6,1,0,38
37,10,4,9,1,0,38
42,9,2,4,1,0,0
42,9,2,13,1,0,38
44,9,0,2,0,14344,38
36,13,2,3,1,0,38
54,10,2,2,1,0,38
27,9,0,3,0,0,38
22,9,4,13,1,0,38
37,13,2,3,0,0,38
29,13,4,9,0,14344,38
41,9,5,3,1,0,38
28,7,3,7,0,0,38
35,9,2,2,1,0,38
41,13,2,12,1,0,1
39,13,6,9,0,0,30
62,12,2,4,1,0,38
57,9,2,2,1,0,38
39,13,2,9,1,0,38
33,1,2,4,1,0,25
29,10,2,3,1,4386,38
60,10,2,3,1,0,3
50,9,2,2,1,0,38
59,9,2,11,1,0,38
37,14,2,3,1,0,38
62,10,0,7,1,0,38
47,10,0,9,1,0,38
37,9,2,9,1,0,38
35,10,0,6,1,0,38
53,9,2,6,1,0,38
31,9,0,0,0,0,38
54,9,2,9,1,0,38
25,9,4,2,1,0,38
27,9,4,11,1,0,38
57,14,2,0,1,0,38
51,14,1,3,0,0,38
39,12,2,3,1,0,38
34,13,2,11,1,0,38
40,6,0,6,0,0,38
31,9,4,4,1,0,20
53,13,2,7,1,0,38
61,9,4,6,0,0,38
27,11,4,2,1,0,38
34,10,2,4,1,0,38
31,9,0,0,0,0,38
37,12,2,9,0,99999,38
35,13,2,11,1,0,38
60,14,2,3,0,3103,38
45,13,2,11,1,0,38
51,9,3,5,1,0,38
36,14,2,0,1,0,38
63,13,1,3,0,0,38
34,13,2,3,1,0,38
31,10,2,9,0,0,38
43,13,2,2,1,0,38
39,13,0,3,1,0,38
37,9,2,3,1,0,38
60,4,3,6,1,0,38
56,9,2,3,1,0,38
36,13,2,3,1,0,38
48,15,2,9,1,0,38
21,9,4,6,1,0,38
43,9,0,2,1,0,38
28,6,4,2,1,0,38
26,15,2,9,0,0,38
33,10,2,3,1,0,38
23,9,4,2,1,0,38
28,13,2,11,1,0,38
27,9,2,10,0,0,38
46,9,2,10,1,0,38
22,9,4,0,0,0,38
33,11,2,13,1,0,38
55,13,2,3,1,0,38
24,7,2,2,1,0,38
61,10,2,11,1,0,38
40,9,2,13,1,0,38
56,13,2,9,0,3103,38
35,9,2,11,1,0,38
42,13,4,3,0,0,38
54,13,4,7,0,0,38
64,10,2,11,1,0,38
49,13,0,9,0,0,38
25,9,2,2,1,0,38
46,10,0,11,0,0,38
27,9,2,2,1,0,38
49,13,2,9,1,0,38
49,9,2,2,1,0,38
30,8,2,2,1,0,38
32,13,0,3,0,0,38
43,10,2,3,1,99999,38
39,9,2,6,1,2829,38
52,10,0,11,1,0,38
33,6,4,0,1,0,38
55,14,2,3,1,0,38
42,9,4,10,1,0,38
30,9,4,0,1,0,38
50,9,2,2,1,0,38
28,12,2,12,1,0,38
56,7,2,2,1,0,38
51,10,2,3,1,0,38
53,10,2,10,1,0,38
37,9,4,6,1,0,38
29,11,4,0,0,0,38
38,13,2,9,0,7688,38
26,9,4,0,1,0,38
39,13,2,2,1,0,38
42,9,4,8,0,0,38
62,9,6,0,0,0,38
39,9,0,0,0,0,38
37,9,2,5,1,0,38
28,13,2,11,1,0,38
30,9,2,9,1,0,38
52,10,2,2,1,0,38
28,16,4,9,1,594,10
32,13,4,0,1,0,38
25,13,4,3,1,0,38
33,13,2,3,1,5178,38
56,10,0,7,0,0,38
36,12,2,6,1,2829,38
25,10,3,9,1,0,38
30,13,4,12,0,0,38
30,10,4,10,1,0,38
29,13,2,9,0,0,38
39,9,2,11,1,0,38
28,13,2,9,0,7298,38
26,13,4,9,0,0,29
34,10,2,3,0,7688,38
33,9,2,6,1,0,38
44,13,2,9,1,0,38
32,9,2,2,1,0,38
29,10,4,0,1,0,38
40,9,0,7,1,0,38
48,13,2,13,1,0,38
50,9,2,7,1,0,38
40,9,4,0,0,0,38
43,13,2,11,1,0,38
46,16,2,9,0,0,38
37,10,2,0,1,0,38
40,9,2,7,1,0,38
62,10,2,11,1,7298,38
49,13,2,10,1,15024,38
40,15,4,9,0,14084,38
44,13,0,11,0,14344,38
39,14,2,9,1,0,29
29,11,2,12,0,0,38
28,12,2,3,1,99999,37
42,9,2,6,0,0,38
40,13,2,11,1,0,38
40,13,2,11,1,0,38
32,9,2,0,1,0,38
29,9,4,5,1,0,38
55,13,2,3,1,0,38
36,12,2,3,1,7688,38
59,13,2,3,1,0,38
41,9,2,13,1,0,38
38,10,2,2,1,0,38
28,13,4,0,1,0,38
47,10,2,0,1,0,38
33,13,4,9,0,0,38
31,10,2,4,1,7298,38
51,9,2,2,1,4386,38
51,10,2,2,1,0,38
43,10,2,3,1,15024,38
31,10,4,2,1,0,38
40,9,2,2,0,7688,38
27,7,2,5,1,0,38
36,9,2,6,1,0,38
37,10,2,9,1,0,38
21,10,4,0,0,0,38
36,13,4,9,1,0,38
38,14,4,9,0,0,38
42,13,2,3,1,0,38
46,7,2,13,1,0,38
37,11,2,9,0,0,38
51,9,4,3,0,0,38
33,2,2,5,1,0,25
48,14,4,9,0,0,38
35,7,2,2,1,0,38
36,13,4,9,1,10520,38
57,15,2,9,1,15024,18
52,16,2,9,0,0,38
27,9,2,2,1,0,38
64,4,2,2,1,0,38
63,14,5,9,0,0,38
64,9,0,3,1,8614,38
43,14,2,9,1,0,38
52,9,0,2,1,0,38
39,9,2,6,1,0,38
66,13,2,11,1,0,38
59,11,2,9,1,5178,38
34,11,2,2,1,7688,38
43,13,2,9,1,0,38
33,13,4,7,0,0,36
47,13,2,3,1,0,38
46,9,0,0,0,0,38
53,9,2,12,1,0,38
45,10,2,12,1,5178,38
49,14,2,9,0,0,38
48,9,0,3,0,0,38
62,9,2,2,1,0,38
32,10,4,7,1,0,38
33,14,2,3,0,0,38
40,14,4,9,0,0,38
17,6,4,0,1,0,38
63,9,4,6,1,2174,38
22,8,4,0,1,0,38
25,5,2,6,1,0,25
24,12,4,0,1,0,38
52,10,4,3,1,0,38
40,9,5,7,0,0,38
22,7,4,2,1,0,38
54,9,2,13,1,0,38
38,9,2,12,1,0,38
52,10,2,2,1,0,38
23,10,2,0,1,0,38
52,9,2,6,1,0,38
49,9,1,11,1,0,38
35,13,2,2,1,0,38
31,11,4,7,0,0,38
58,9,2,0,0,0,38
37,9,2,3,1,0,38
60,4,4,13,1,0,38
19,5,4,9,1,0,25
30,13,2,9,1,15024,38
25,13,4,7,1,0,38
39,9,2,0,1,0,38
42,9,2,2,1,0,38
62,9,2,11,1,0,29
22,9,4,5,1,0,38
51,9,2,6,1,0,38
27,13,4,9,1,0,38
57,9,2,3,1,7688,38
37,13,0,3,0,0,38
36,13,2,11,1,0,38
26,10,4,11,1,0,38
39,13,0,12,0,0,38
54,16,4,3,0,0,38
36,9,2,13,1,0,38
48,16,2,9,1,0,38
47,9,5,9,0,14084,38
24,9,4,5,1,0,38
22,13,4,11,0,0,38
68,4,6,0,0,0,38
41,10,2,9,1,0,38
33,9,0,3,0,0,38
35,11,2,3,1,7298,38
31,5,2,3,0,0,38
41,14,2,9,1,15024,38
22,9,2,11,1,0,38
60,2,2,2,1,0,25
44,9,2,9,0,0,38
47,13,2,3,1,0,38
40,13,2,3,1,0,38
32,9,2,4,1,5178,38
44,10,2,3,1,0,38
52,9,2,11,1,0,38
68,9,2,4,1,0,38
44,5,2,6,1,0,38
27,9,4,13,1,0,38
25,10,4,0,0,0,38
59,9,2,2,1,15024,38
32,10,4,0,0,0,38
52,9,2,0,0,4386,38
43,14,2,9,1,0,38
35,10,2,7,0,0,38
38,7,2,4,1,0,38
35,14,2,3,1,0,38
36,9,2,4,1,0,38
37,11,2,3,1,7688,38
41,15,2,9,1,0,38
64,5,4,0,0,0,38
24,9,4,4,1,0,38
40,13,2,11,1,0,38
19,10,4,7,0,0,38
40,13,2,5,1,0,38
57,9,2,2,1,15024,38
46,9,2,3,0,0,38
59,14,2,3,1,0,38
30,13,2,11,1,0,38
29,13,4,11,1,0,38
48,9,2,0,1,0,38
50,9,2,2,1,0,38
59,9,0,0,0,0,38
36,13,2,3,1,0,38
52,14,2,9,1,0,38
57,10,4,2,0,0,38
40,12,2,11,1,7688,38
52,9,0,2,1,0,38
35,13,4,7,0,0,38
29,9,2,12,1,0,38
44,13,2,3,1,0,38
61,10,2,0,1,0,38
27,10,4,0,1,0,18
30,9,0,13,1,0,38
30,9,4,2,1,99999,38
39,13,2,9,1,0,38
45,9,2,3,1,0,38
53,7,2,2,1,0,38
25,7,4,5,1,0,38
60,13,2,0,1,0,37
45,13,2,0,1,0,38
26,10,4,7,0,0,38
24,10,4,5,1,0,38
43,10,0,0,0,0,38
39,9,2,2,0,7298,38
45,13,2,3,0,0,38
37,11,2,10,1,0,38
46,13,2,9,1,0,38
30,13,2,11,1,0,38
27,9,2,5,1,0,25
55,14,2,9,1,0,38
62,13,2,2,1,7688,38
37,14,2,9,1,0,38
36,9,2,11,0,7688,38
32,9,2,10,1,0,38
50,10,0,12,0,0,38
18,7,4,11,1,0,38
25,9,2,2,1,0,38
75,10,2,3,1,0,38
46,12,2,12,1,0,38
50,9,2,6,1,0,38
59,7,4,6,1,0,38
29,13,2,11,1,0,38
37,9,4,6,1,0,38
31,13,2,3,1,0,38
52,8,2,3,0,0,38
20,10,4,5,1,0,38
32,13,4,12,1,0,38
58,13,0,9,0,0,38
56,16,2,9,1,0,35
25,10,2,1,0,3103,38
31,9,2,0,1,0,38
51,13,0,9,1,0,38
49,12,2,2,1,0,38
44,10,2,3,1,0,38
23,4,4,7,1,0,38
28,10,2,6,1,0,38
33,10,2,9,1,0,28
37,10,0,0,0,0,38
59,6,2,13,1,0,38
31,9,1,10,1,0,38
21,6,2,7,1,3908,38
19,10,4,11,1,0,38
48,14,2,1,1,0,23
53,14,2,3,1,0,38
23,10,4,6,1,0,39
59,6,2,2,1,0,38
49,9,2,2,1,0,38
43,9,2,6,1,0,38
31,13,2,11,0,15024,38
27,13,2,3,1,0,38
39,12,2,9,1,7298,38
31,13,4,12,1,0,38
51,8,0,2,0,99999,38
32,9,4,6,0,0,38
48,9,0,3,0,0,38
23,13,4,12,0,0,38
21,10,4,0,1,0,38
24,9,2,5,1,0,38
49,10,0,7,0,0,38
25,10,5,0,0,0,22
63,13,2,3,1,0,38
43,9,2,0,1,0,38
51,13,2,3,1,0,38
53,12,4,0,0,0,38
45,13,4,11,1,14084,38
33,13,2,0,1,0,38
43,9,4,0,0,0,38
41,9,2,3,1,7688,38
59,10,2,12,1,0,38
42,13,2,3,1,0,38
52,13,2,3,1,0,38
23,13,4,10,0,2907,38
70,9,2,2,1,0,38
47,10,0,7,0,0,38
43,12,0,9,0,8614,38
28,9,2,2,1,0,38
18,7,4,0,1,0,38
58,13,3,5,0,8614,38
46,9,2,2,1,0,38
33,13,2,3,1,0,38
33,15,2,9,0,0,38
46,10,2,11,1,0,38
30,9,5,2,1,0,38
55,10,0,3,0,0,38
47,10,0,7,0,0,38
43,14,2,3,1,0,18
56,13,0,0,1,0,38
37,10,2,5,1,0,38
54,6,2,13,1,0,38
60,15,2,10,1,0,38
37,13,2,10,1,7688,38
41,11,2,3,1,0,38
37,10,6,7,0,2354,38
45,13,5,9,0,0,38
28,13,4,11,1,0,38
67,4,2,3,1,0,38
33,13,4,3,1,0,38
37,10,2,11,1,0,38
62,4,6,6,0,0,38
59,9,2,11,0,0,38
47,11,2,2,1,0,38
44,11,0,13,1,0,38
60,10,2,13,1,3137,38
27,9,3,4,0,0,25
32,13,2,9,1,0,38
47,12,2,0,1,0,38
24,13,4,3,1,0,38
70,10,6,11,0,0,38
32,9,4,0,0,0,38
26,13,4,9,0,0,38
28,10,2,5,1,0,38
51,14,2,3,1,0,38
21,10,4,0,0,0,25
53,9,2,11,1,0,38
52,10,2,3,1,15024,38
47,10,2,0,1,0,38
32,13,2,11,1,0,38
31,16,4,9,1,0,25
28,10,4,2,1,0,38
32,10,4,2,0,0,38
25,4,4,6,0,0,5
57,13,2,11,1,0,38
20,9,4,7,0,0,38
47,9,2,11,1,7298,38
36,10,0,11,0,0,38
35,10,0,3,0,0,38
43,14,2,3,0,0,38
47,9,2,6,1,0,38
32,11,2,9,1,7298,38
39,10,2,2,1,0,38
68,10,2,3,1,0,38
51,14,2,3,1,0,38
44,13,2,6,1,0,38
36,13,2,3,0,0,38
31,13,2,11,1,0,38
68,13,2,3,1,0,38
28,6,4,5,1,0,38
39,10,2,2,1,0,38
39,13,4,3,1,0,38
51,10,2,2,1,0,38
69,16,2,9,1,0,2
47,14,0,9,0,0,38
54,9,2,0,0,0,38
26,12,4,9,0,0,38
53,13,2,3,1,0,38
34,10,2,6,1,0,38
24,10,0,5,1,0,38
42,13,2,13,1,0,38
27,13,4,12,1,0,38
57,9,0,0,0,0,38
36,9,2,2,1,0,38
46,13,2,3,1,0,38
33,10,2,9,0,3103,38
31,9,2,2,1,0,38
31,13,4,0,0,0,38
47,13,2,9,1,0,38
29,13,2,3,0,0,38
55,13,2,3,1,0,38
45,9,0,7,0,0,38
30,10,4,2,1,0,38
38,13,2,9,1,0,38
47,13,2,3,0,0,38
35,11,4,13,1,0,38
34,13,2,10,1,0,38
56,14,2,9,0,99999,38
24,9,5,7,0,0,31
40,9,3,4,1,0,38
48,7,2,4,1,0,38
18,9,4,11,0,0,38
42,13,2,3,0,0,38
30,12,2,12,0,0,38
43,9,2,0,0,0,38
35,12,2,2,1,0,38
17,6,4,4,1,0,38
57,9,2,2,1,0,38
32,11,0,0,0,0,38
30,9,2,2,1,0,38
45,10,2,2,1,0,38
43,9,2,3,1,0,38
29,14,0,8,1,10520,38
57,14,3,9,0,0,38
50,10,2,2,1,0,38
28,9,2,13,1,0,38
49,10,2,11,0,0,38
20,10,4,0,0,0,35
30,10,4,11,1,0,38
31,10,2,9,0,3908,38
30,13,4,9,1,0,38
31,9,4,7,1,0,38
62,13,2,6,1,0,38
28,13,4,3,0,0,38
28,10,2,5,1,0,38
28,9,2,11,1,0,38
24,9,2,13,1,0,38
38,11,0,7,0,0,38
27,10,4,3,1,0,38
38,12,4,4,0,10520,38
53,12,0,0,0,0,38
26,12,4,9,0,0,38
42,14,2,11,1,0,38
32,10,4,6,0,0,38
36,13,0,3,0,0,38
49,10,2,13,1,0,38
34,11,2,0,1,3908,38
47,9,2,7,1,0,25
46,13,2,3,1,0,38
21,7,4,7,1,0,38
39,14,2,9,1,7688,38
46,10,2,12,1,0,38
17,8,4,11,1,0,38
44,13,2,0,1,3103,38
35,13,2,2,1,0,38
36,13,2,9,1,7688,38
43,10,2,0,0,0,38
33,8,0,3,1,0,38
46,13,4,9,0,0,38
54,14,2,9,1,7298,38
49,9,0,0,0,0,38
49,10,4,0,1,0,38
44,15,2,9,1,0,38
34,10,2,7,1,0,38
51,9,2,3,1,0,38
57,9,0,2,0,14344,38
47,13,3,3,0,0,38
55,9,2,2,1,0,38
47,13,2,11,1,0,38
39,14,2,9,1,0,38
21,10,4,3,1,0,38
59,9,2,3,1,0,38
33,13,2,11,1,0,38
34,9,2,2,1,0,38
39,9,0,2,0,0,38
29,13,2,9,1,0,38
31,13,2,3,0,0,38
35,9,2,4,1,0,38
59,16,2,9,1,0,38
31,11,4,2,1,8614,38
31,9,0,7,1,0,38
34,10,2,9,1,0,38
54,9,2,11,1,0,38
29,9,4,2,0,0,38
45,10,0,11,1,0,38
29,9,2,2,1,0,38
49,14,2,3,1,15024,38
58,10,2,0,0,0,38
46,9,2,2,1,0,38
41,13,2,3,1,7688,38
34,10,2,9,1,0,38
41,10,5,9,0,0,38
40,9,0,0,0,0,8
49,5,2,7,1,0,38
26,13,2,11,0,0,38
60,9,2,13,1,0,38
38,15,2,9,1,0,38
29,10,4,9,1,0,38
24,9,4,5,1,0,38
70,10,0,4,1,0,39
51,7,2,6,1,0,38
49,9,2,6,1,0,38
30,10,2,0,1,0,38
51,9,2,13,1,0,38
46,9,2,13,1,0,38
31,9,2,7,1,5178,38
24,9,2,2,1,0,38
49,9,2,10,1,0,38
58,10,2,0,1,0,38
26,13,4,9,0,0,38
40,9,2,6,1,0,38
26,12,2,0,1,0,38
57,9,2,13,1,0,38
29,11,2,6,1,0,38
62,13,2,3,1,0,38
43,13,2,2,1,7298,38
36,9,2,2,1,7688,38
25,9,2,6,1,0,38
55,4,4,7,0,0,38
69,13,2,3,1,6432,38
41,14,0,9,1,0,38
39,10,2,2,1,7298,38
24,9,2,2,1,0,38
25,9,4,5,1,0,38
25,12,4,0,0,0,38
31,12,2,2,1,0,38
63,6,2,0,1,0,38
28,9,2,7,1,0,38
43,10,0,3,0,0,38
35,9,2,3,1,5178,38
58,6,2,13,1,0,38
48,10,4,2,0,0,38
57,10,2,12,1,0,38
36,10,0,5,1,0,38
45,9,2,2,1,0,38
54,7,0,0,1,0,38
22,9,4,0,0,0,38
66,16,2,9,1,0,2
41,13,2,9,1,0,38
39,13,4,9,1,0,38
38,15,2,9,1,0,38
28,10,5,0,0,0,38
22,9,4,5,1,0,38
34,9,0,3,0,0,38
39,9,2,0,0,0,38
44,9,2,2,1,0,38
44,13,1,10,0,8614,38
33,9,2,2,1,0,38
36,13,2,9,0,0,38
45,12,2,3,1,4386,38
47,9,2,11,1,0,38
17,5,4,7,1,0,38
57,9,2,5,1,0,38
26,9,2,2,1,0,30
27,13,2,9,1,0,38
31,14,2,9,1,0,38
54,4,2,2,1,0,38
59,13,2,9,0,0,38
51,14,2,9,1,7688,38
28,9,2,10,1,0,38
39,13,0,3,0,0,38
40,5,2,2,1,0,38
36,5,2,5,1,7298,26
29,9,4,2,1,0,38
37,9,4,6,1,0,38
20,10,4,4,1,0,38
53,14,2,9,1,7298,38
34,13,2,3,1,0,38
32,13,0,3,0,0,1
67,9,2,12,1,0,38
28,9,2,10,1,3908,38
27,9,4,7,1,0,25
65,10,0,7,0,7861,38
32,9,0,6,0,0,38
45,10,2,9,1,0,38
28,10,4,0,0,0,38
58,13,2,3,1,0,38
61,9,2,0,1,0,38
36,14,4,11,1,10520,38
46,7,1,7,0,0,38
32,9,2,2,1,0,38
46,12,0,11,0,0,38
33,10,0,0,0,0,38
54,9,2,2,1,0,38
33,14,4,0,1,0,38
23,10,4,2,1,0,38
50,9,2,6,1,7298,10
50,13,2,3,1,0,38
28,13,4,3,0,0,38
24,12,2,10,0,14344,38
26,9,2,3,1,0,38
30,13,2,0,0,0,25
21,7,4,12,0,0,38
25,13,4,10,0,0,38
27,13,2,9,1,0,38
27,9,0,10,1,0,38
33,9,4,2,1,0,38
37,2,2,13,1,0,4
60,9,2,11,1,0,38
57,9,2,11,1,15024,38
34,13,4,9,0,0,38
44,10,2,12,1,0,38
25,13,4,10,1,10520,38
55,14,6,9,0,914,38
42,13,2,3,0,10520,38
38,13,2,9,1,0,38
34,15,2,9,1,0,38
64,3,0,7,0,0,38
19,6,3,0,0,0,38
35,9,2,2,1,3103,38
41,11,4,9,0,0,38
41,9,2,5,1,0,38
25,10,4,9,1,8614,38
43,10,2,3,1,0,38
26,9,4,6,1,0,38
37,11,2,11,1,0,38
42,14,2,9,1,7688,38
27,10,4,2,1,0,38
24,13,4,11,1,0,38
53,10,0,0,0,1471,38
57,9,2,3,1,0,38
54,13,2,7,1,0,38
23,9,4,11,1,0,38
37,14,2,3,1,0,6
60,10,2,9,1,0,38
63,4,2,7,1,0,34
30,13,2,3,1,0,38
45,11,0,0,0,0,38
44,7,2,9,0,5178,38
42,13,2,9,1,99999,38
27,10,4,0,0,0,38
24,9,5,0,0,0,38
33,13,2,7,0,0,38
50,9,2,13,1,0,38
42,7,0,11,1,7430,32
30,9,3,0,1,0,38
48,13,2,9,1,0,21
37,10,2,12,0,5013,38
30,9,0,0,0,0,38
18,7,4,7,0,0,38
53,7,2,2,1,0,38
30,10,2,3,1,0,38
54,13,2,11,1,7688,38
50,13,2,9,1,0,38
24,12,2,0,0,0,38
34,9,2,9,1,0,20
46,13,2,2,1,15024,38
37,9,2,2,1,0,38
47,9,0,2,1,8614,38
61,7,2,7,1,0,38
61,9,2,2,1,0,38
42,13,2,3,1,4386,38
37,12,2,3,0,0,38
50,12,2,3,0,0,38
49,13,2,2,1,0,38
54,10,2,9,1,0,38
61,10,2,0,1,0,38
51,10,2,3,1,0,38
34,9,2,2,1,3908,38
60,13,2,9,1,7298,38
54,9,2,2,1,0,38
37,3,2,6,1,0,25
31,13,4,11,1,0,38
35,9,2,3,0,0,38
24,13,4,9,1,0,38
32,9,2,13,1,0,38
26,14,4,9,0,0,38
41,10,2,3,1,0,38
50,16,2,9,1,3781,38
50,14,2,9,0,0,1
50,11,2,5,1,0,38
56,4,0,7,0,0,38
24,9,2,0,0,0,38
43,11,2,9,1,5178,38
20,6,4,11,1,0,38
51,10,2,9,1,0,38
36,10,0,0,0,0,38
36,14,2,9,1,0,38
25,13,2,11,1,0,38
32,9,2,6,1,0,38
42,13,2,12,1,0,38
24,14,2,9,0,0,17
23,13,4,0,0,0,38
53,10,2,2,1,0,38
41,12,2,12,1,0,38
59,10,2,12,1,0,38
37,11,2,2,1,0,38
73,9,5,0,0,15759,38
24,10,5,0,0,0,38
50,9,1,3,0,99999,38
43,13,2,11,1,0,18
37,9,1,6,1,0,38
45,9,2,6,1,0,38
50,9,6,9,0,0,38
49,9,0,7,0,0,38
50,4,0,2,1,0,38
40,13,5,2,1,0,38
60,10,2,11,1,0,38
37,9,2,11,1,0,38
27,12,4,9,0,0,38
18,10,4,0,1,0,38
66,15,2,3,1,99999,38
62,14,2,11,1,0,38
33,9,2,12,1,0,38
45,9,2,2,1,0,38
45,3,2,2,1,0,38
38,10,2,3,1,7298,38
41,9,2,0,1,0,38
49,10,2,13,1,0,38
57,10,2,11,1,0,38
55,13,0,11,0,0,10
51,9,2,2,1,0,38
38,10,2,10,1,0,38
36,13,1,9,0,15022,38
40,9,5,7,0,0,38
34,10,2,9,1,5178,38
58,9,2,3,1,0,38
42,10,2,2,1,0,38
28,10,2,2,1,0,38
53,9,2,0,0,0,38
20,9,4,6,1,0,38
23,10,4,0,0,0,38
62,10,4,2,0,8614,38
68,9,2,11,1,0,38
48,9,0,0,0,0,38
50,10,2,13,1,0,38
53,12,4,0,1,0,38
37,14,2,3,1,0,38
50,9,2,6,1,0,38
28,9,2,12,1,0,38
50,16,2,9,1,0,38
57,9,2,13,1,0,38
44,13,2,3,1,0,38
33,10,2,3,1,0,38
23,10,4,11,1,0,38
54,14,4,0,0,0,38
35,14,2,9,1,0,38
43,13,2,2,1,0,38
49,10,2,11,1,0,38
45,13,2,9,1,0,38
56,13,2,9,1,0,38
35,9,4,5,1,0,28
25,9,4,2,1,0,38
47,9,0,0,0,0,38
34,10,2,3,1,0,38
35,10,2,2,1,5013,38
59,13,2,3,1,0,38
53,16,2,3,1,0,38
36,9,2,11,1,0,38
33,13,3,9,1,0,38
36,11,2,2,1,4386,38
56,13,0,3,0,0,38
47,13,2,11,1,0,38
63,10,6,7,0,0,38
54,10,2,9,0,0,38
55,13,2,3,1,0,38
41,13,2,9,1,0,38
52,10,2,8,1,4386,38
33,11,4,0,0,0,38
22,10,4,2,1,0,38
26,15,4,9,1,2463,18
60,10,2,2,1,0,38
40,9,2,3,0,0,38
41,13,2,9,0,0,38
78,13,2,3,1,0,38
31,10,2,7,1,0,38
20,9,4,11,0,0,38
42,9,2,0,1,0,38
37,14,4,3,0,0,38
35,10,2,3,1,0,38
20,10,4,0,0,0,38
33,13,2,7,0,7688,29
27,11,4,7,0,0,29
58,9,6,11,0,0,38
34,10,5,3,0,0,38
48,13,4,7,1,0,25
21,9,4,2,1,0,38
70,10,2,3,1,0,38
43,14,2,9,1,0,38
19,9,4,7,0,0,38
42,10,2,3,1,0,38
26,12,4,12,1,0,38
43,9,2,2,1,0,38
31,9,2,2,1,0,38
40,13,2,3,0,0,38
22,8,4,5,1,0,38
34,9,4,11,0,0,38
57,10,0,3,0,0,38
36,9,2,0,1,0,38
52,13,2,6,1,0,38
51,9,2,2,1,0,38
23,9,2,11,0,0,38
42,10,2,12,1,0,38
24,9,0,3,0,0,38
24,9,4,6,1,0,38
27,10,4,11,1,0,38
43,9,4,0,0,0,38
21,9,4,7,0,0,38
40,9,4,0,0,0,38
27,9,2,2,1,0,38
43,10,0,3,1,0,38
30,6,0,7,0,0,38
33,13,2,2,1,0,38
63,9,2,0,0,0,38
37,9,2,2,1,0,38
52,13,2,9,1,0,38
51,3,5,6,0,0,25
61,9,2,3,1,2829,38
29,8,4,2,1,0,38
55,10,0,2,1,0,38
47,12,6,7,0,0,38
40,13,2,3,1,99999,38
25,9,4,5,1,0,38
41,10,2,0,1,0,38
30,9,2,5,1,0,38
47,5,2,6,1,0,38
38,10,2,11,1,7298,38
46,12,2,3,1,0,38
49,7,2,2,1,0,38
56,10,0,13,1,0,38
25,9,5,3,0,0,38
44,9,0,2,1,0,38
28,12,2,9,1,0,16
36,9,2,2,1,0,38
59,13,2,11,1,15024,38
40,13,2,9,1,0,38
47,3,5,11,0,0,25
44,9,2,3,0,3103,38
24,9,5,0,0,0,38
44,9,2,2,1,0,38
66,13,2,11,1,0,38
57,13,2,3,1,0,38
56,14,2,3,1,0,38
41,9,0,11,0,0,38
33,13,2,3,0,0,38
41,2,2,11,1,0,25
35,9,2,7,0,0,39
50,10,2,11,1,0,38
30,9,4,2,1,0,38
60,4,2,13,1,0,38
47,13,2,3,1,99999,38
22,4,4,0,0,0,25
20,9,4,11,1,0,38
61,9,1,13,1,0,38
33,9,0,7,1,0,38
30,10,2,11,1,0,38
31,9,2,4,1,3137,38
31,6,0,5,1,0,38
53,10,4,2,1,0,38
37,12,2,11,1,0,38
38,11,2,11,1,0,38
28,13,4,3,0,0,38
57,10,2,11,1,0,38
25,9,4,0,0,0,38
43,13,0,3,0,0,38
62,13,2,3,1,0,38
43,9,0,0,0,0,38
85,9,6,11,0,0,38
41,9,2,3,1,0,38
50,10,0,3,1,0,38
36,9,4,12,1,0,38
32,10,2,7,1,0,38
29,10,2,3,1,0,38
52,11,2,3,1,15024,38
54,9,2,2,1,7688,38
60,10,2,3,1,0,38
53,13,2,3,1,0,11
31,11,2,6,1,0,3
32,9,4,2,1,0,38
42,15,0,9,0,7430,38
45,13,2,13,1,0,38
35,10,2,9,1,0,38
46,9,2,6,1,3411,12
31,9,2,2,1,0,38
49,9,0,0,0,0,38
37,10,2,2,1,0,38
46,13,2,3,1,0,38
37,10,2,2,1,0,38
50,10,4,4,1,0,38
46,11,0,0,0,0,38
38,13,2,3,1,0,38
53,13,2,0,1,0,38
44,10,0,0,1,14344,38
45,2,2,7,0,0,38
49,10,0,9,1,14084,38
62,13,2,3,1,0,38
63,13,0,2,1,0,27
41,9,2,3,1,0,38
50,16,2,9,1,0,38
49,14,2,9,1,0,38
50,13,2,3,1,15024,38
43,13,2,3,1,7688,38
57,10,2,3,1,7688,38
61,4,2,2,1,0,38
31,13,2,12,1,0,38
55,9,2,11,0,0,38
37,10,0,3,0,0,23
29,7,4,7,0,0,38
37,13,6,9,0,0,38
33,6,4,0,1,0,38
28,10,3,7,0,0,38
29,13,2,9,1,0,38
34,9,2,1,0,0,10
48,8,6,5,0,0,38
48,14,2,9,1,0,38
34,16,2,9,1,0,35
60,13,2,9,1,0,38
30,9,2,10,1,0,38
44,13,2,3,1,0,38
47,13,2,3,1,0,38
33,9,2,2,0,7688,38
45,14,0,3,0,0,38
27,13,4,9,1,0,38
27,13,4,0,0,0,38
17,7,4,5,1,0,38
25,13,4,0,0,0,38
36,9,2,12,0,7298,38
57,16,2,9,1,0,35
29,10,2,5,1,0,38
36,9,2,12,1,0,38
23,6,4,5,1,0,38
57,10,2,9,1,0,38
31,10,2,11,1,0,38
25,9,4,10,1,0,38
30,15,2,9,1,0,38
22,13,4,4,1,0,38
24,4,4,11,1,0,38
26,13,4,12,1,0,38
24,9,2,3,1,0,38
31,12,2,11,1,0,38
35,10,2,10,1,0,38
41,9,2,13,1,0,38
64,14,4,9,0,0,38
38,14,2,9,1,0,7
47,13,2,2,1,15024,38
45,11,4,9,0,0,38
60,5,2,11,1,0,38
45,14,0,3,0,0,38
19,9,4,0,0,0,38
48,9,2,13,1,0,38
32,11,2,3,1,15024,38
65,13,2,3,1,0,38
41,10,2,2,1,0,38
23,11,4,9,0,0,38
64,13,2,2,1,0,38
21,9,2,6,1,0,38
36,9,4,7,1,0,38
32,13,2,9,1,0,38
60,10,2,12,1,0,38
45,13,2,3,1,7688,38
43,13,2,3,1,0,38
37,9,2,2,1,0,38
50,2,3,2,1,0,38
28,14,4,12,0,0,38
46,11,2,3,0,0,38
38,7,2,2,1,0,38
43,9,2,4,1,0,38
53,11,2,3,1,0,10
34,11,2,2,1,0,38
49,9,2,2,1,3103,38
40,13,2,3,1,0,38
33,9,2,13,1,0,38
32,10,3,4,1,0,38
60,14,2,0,1,0,38
42,9,2,11,1,0,38
45,10,0,5,0,0,38
42,13,2,12,1,0,38
56,13,5,9,0,0,38
23,9,4,2,1,0,38
43,10,0,0,0,0,38
36,10,0,2,1,0,38
46,5,2,0,0,0,38
47,13,2,9,1,15024,38
25,13,4,0,0,0,38
53,13,2,9,0,0,38
46,10,2,2,1,0,38
22,10,4,0,0,0,38
33,11,2,0,0,0,38
50,10,2,11,1,0,38
51,13,2,11,1,0,38
59,10,2,3,1,0,38
40,9,2,6,1,0,38
42,13,0,0,0,0,38
47,13,4,3,1,10520,38
56,9,0,0,0,0,38
29,9,2,6,1,0,38
38,13,2,3,1,0,38
23,9,4,7,0,0,38
47,12,4,3,1,10520,38
23,9,4,9,1,0,1
29,9,4,7,0,0,38
28,9,2,9,1,0,38
40,11,2,2,1,0,38
37,9,2,2,1,0,38
35,9,0,3,0,0,38
44,14,0,3,0,10520,38
43,9,2,6,1,0,10
55,9,4,5,1,0,38
27,10,4,0,0,0,38
44,9,2,3,1,0,38
47,9,2,0,1,0,38
29,7,0,0,0,3418,38
30,13,4,9,1,0,38
49,16,4,3,0,0,38
27,11,2,2,1,0,38
42,9,2,6,1,99999,38
56,10,2,2,1,0,38
44,9,2,2,1,0,38
31,13,4,5,0,14084,38
45,13,2,2,1,0,38
40,13,2,12,1,0,38
40,9,2,11,1,0,38
61,9,2,3,1,0,38
30,9,4,7,0,0,38
52,9,2,6,1,0,38
45,10,2,13,1,7298,38
50,13,5,9,1,0,38
40,9,0,2,1,0,38
34,9,4,7,0,0,38
37,14,2,9,1,0,38
35,13,2,9,1,0,38
31,13,2,9,1,0,38
36,13,2,9,0,15024,38
46,10,2,11,1,0,38
31,9,4,7,1,0,38
40,10,4,12,0,0,38
23,9,4,11,1,0,38
61,7,2,7,1,0,38
43,13,2,2,1,0,38
44,13,2,3,1,0,38
27,13,2,3,0,0,38
50,9,2,9,1,0,38
18,7,4,0,0,0,38
33,13,2,9,0,0,38
50,9,0,3,0,99999,38
32,5,2,13,1,0,38
36,14,2,3,1,3103,18
43,9,2,6,1,0,38
46,14,2,3,1,0,38
54,16,2,9,1,0,8
59,11,2,12,1,7298,38
52,10,2,0,1,0,38
53,10,4,2,1,0,38
17,6,4,4,1,0,38
27,9,2,13,1,0,38
59,9,2,2,1,0,38
30,13,2,10,1,0,38
39,9,2,0,1,0,38
48,10,0,0,0,0,38
28,10,4,2,1,0,38
31,9,2,13,1,0,38
40,13,2,9,1,0,38
32,9,2,2,1,0,38
47,14,2,3,1,0,38
50,13,2,3,1,15024,38
57,10,0,3,0,0,38
34,9,2,2,1,0,38
30,13,2,11,1,0,38
32,10,2,2,1,0,38
26,13,4,3,1,0,38
29,9,2,11,0,0,38
30,9,4,0,0,0,38
31,10,2,11,1,15024,38
43,13,2,11,1,15024,38
60,13,2,3,1,0,38
33,13,4,0,0,1055,38
45,14,2,9,0,0,38
37,9,2,6,1,0,38
41,4,2,4,1,0,38
44,9,0,7,0,0,38
20,5,4,6,1,0,38
27,14,2,9,1,0,38
26,11,0,9,0,0,38
32,9,2,2,1,0,38
65,9,0,0,0,0,38
31,13,4,12,0,0,38
42,12,2,9,1,0,38
32,10,2,9,0,0,38
36,9,2,0,0,0,38
52,10,2,2,1,0,38
27,11,2,11,1,0,38
31,9,4,6,1,0,38
51,13,2,3,1,0,38
44,14,2,3,1,0,38
52,12,2,11,1,3103,38
48,14,2,9,1,15024,38
36,13,2,11,1,0,38
52,9,4,9,0,0,38
30,12,2,11,1,0,38
28,9,4,10,1,0,38
33,11,2,12,1,0,38
63,9,2,0,1,0,38
25,10,4,11,1,0,38
28,9,2,11,1,0,38
20,9,4,2,1,0,38
59,9,2,3,1,0,38
30,9,2,2,1,0,38
38,13,2,9,0,0,38
55,9,6,11,0,0,38
33,9,4,7,0,0,38
40,13,2,11,1,0,38
44,9,2,11,0,0,38
48,13,2,12,0,99999,38
38,14,2,9,1,0,38
53,16,0,9,1,0,38
52,9,0,7,0,0,38
39,14,2,9,0,7688,38
31,13,4,9,0,0,38
40,14,2,12,1,0,29
31,9,0,10,1,0,38
47,9,2,2,1,0,38
54,13,2,3,1,15024,38
19,2,4,5,1,0,25
17,6,4,0,1,0,38
48,13,2,3,1,0,38
53,14,0,9,0,0,38
25,10,2,3,1,3103,38
35,10,0,0,0,0,38
23,9,4,2,1,0,38
32,5,5,7,0,0,25
28,15,4,9,1,0,38
49,9,2,7,1,0,2
48,14,4,9,0,0,38
21,9,4,7,0,0,38
33,14,2,9,0,7688,38
45,14,2,9,1,0,38
41,13,2,12,1,0,38
50,9,0,3,0,99999,38
58,6,2,2,0,0,38
33,13,2,3,1,0,38
28,12,4,0,0,0,38
46,15,2,9,0,7688,38
54,9,2,2,1,0,38
57,9,0,0,0,0,38
38,10,6,7,0,0,13
46,9,4,3,1,0,38
37,9,2,10,1,0,38
57,2,2,5,1,0,31
49,9,2,2,1,0,38
54,13,2,2,1,0,38
49,9,2,2,1,0,10
36,9,3,0,0,0,38
32,14,2,9,1,7688,38
47,15,2,9,1,99999,38
39,9,4,2,1,0,38
33,10,2,9,1,0,28
54,14,2,9,1,0,18
47,9,2,6,1,0,38
29,10,4,7,1,0,38
57,15,2,9,1,0,35
64,15,2,7,1,99999,38
37,14,4,3,0,0,38
45,10,6,11,0,0,38
37,14,2,9,0,0,38
53,14,2,3,1,0,38
28,9,2,6,0,0,38
42,9,3,9,1,0,38
32,14,2,9,1,0,38
56,14,4,11,1,0,38
26,11,0,3,0,0,38
32,11,0,7,0,0,38
73,13,2,9,1,0,38
42,13,2,0,0,0,38
37,9,2,11,1,0,38
54,14,2,7,1,0,38
46,4,2,2,1,0,38
50,6,2,2,1,0,38
35,9,2,2,1,0,38
46,14,2,3,1,0,38
43,14,2,3,1,0,38
60,10,0,0,0,0,38
45,9,2,6,1,0,38
44,10,0,0,0,0,38
23,13,4,9,0,0,2
51,14,4,9,1,0,38
54,13,2,9,1,0,38
48,9,2,2,1,0,38
35,13,2,3,1,0,38
52,12,2,11,1,0,38
50,6,2,2,1,0,38
60,9,1,2,1,0,38
35,16,2,9,1,7298,38
23,13,4,0,1,0,38
43,9,0,0,0,0,38
43,9,0,7,1,0,38
21,11,4,2,1,0,38
29,9,4,0,1,0,38
28,5,4,6,1,0,25
42,10,2,9,1,0,38
35,14,4,3,1,0,38
28,9,2,6,1,0,38
35,9,2,3,1,0,38
24,3,4,6,0,0,25
57,13,1,3,0,0,38
36,9,2,3,1,0,38
33,4,0,5,1,0,38
45,15,2,3,1,7688,38
31,13,2,11,1,0,38
31,13,4,3,1,14084,38
65,13,2,0,1,0,38
43,14,2,3,1,0,38
48,10,4,0,0,0,38
51,10,0,11,0,0,21
60,5,2,2,1,0,38
32,10,2,10,1,0,38
52,10,2,3,0,0,38
43,13,2,9,1,15024,38
54,14,2,3,1,0,38
40,13,1,9,1,7298,38
27,9,2,6,1,0,38
38,13,2,3,1,0,38
24,13,4,6,1,0,2
34,9,2,11,1,0,38
36,12,4,9,1,10520,38
33,10,0,0,0,0,38
48,13,2,3,1,0,23
42,12,2,9,1,0,38
45,7,2,2,1,0,38
54,13,2,6,1,7688,38
28,10,4,0,0,0,38
49,9,2,10,1,0,38
33,10,2,9,0,3103,38
24,13,4,11,1,0,38
36,13,2,11,1,0,38
69,9,6,3,0,0,38
37,9,4,2,1,0,38
40,9,0,2,1,0,38
19,9,4,7,0,0,38
21,9,4,5,1,0,38
28,9,4,0,0,0,38
46,14,2,3,1,0,38
25,9,4,0,1,0,38
39,14,2,9,0,7688,38
41,10,5,2,1,0,38
29,13,1,9,1,0,38
22,10,4,7,1,0,38
38,10,2,2,1,0,29
33,13,4,9,1,0,38
44,9,0,2,1,0,38
45,14,3,2,1,0,38
59,9,2,2,1,0,38
52,6,2,12,1,0,38
51,9,2,2,1,7298,38
54,9,2,2,1,3103,26
57,16,2,9,1,0,38
23,13,4,9,1,0,38
40,5,4,6,0,0,13
31,11,0,11,0,0,38
39,14,4,3,1,0,38
42,9,0,0,0,0,38
20,12,4,3,0,0,38
25,13,4,3,1,0,38
43,13,2,3,1,0,38
36,9,2,2,1,0,38
59,11,2,12,1,7298,38
50,13,2,9,0,0,1
19,9,4,7,1,0,38
56,14,2,9,1,0,38
81,9,0,0,0,0,38
26,9,4,11,1,0,38
50,9,2,3,1,0,38
32,9,4,7,0,0,38
52,15,0,3,0,14084,38
36,14,2,11,1,0,38
61,6,2,13,1,0,38
32,13,4,9,1,0,38
44,11,2,2,1,0,38
24,10,2,10,1,0,38
56,13,6,7,0,0,38
58,9,2,3,1,0,38
26,9,4,5,0,0,38
43,13,2,9,1,0,38
43,10,2,13,1,0,38
49,10,4,3,1,10520,38
30,13,4,9,1,13550,38
43,11,0,3,0,0,38
27,10,4,3,0,0,38
33,12,3,9,0,0,38
35,14,2,11,1,0,38
52,13,0,9,0,0,38
31,9,2,2,1,0,38
59,11,2,11,1,0,38
23,10,4,11,0,0,38
25,9,4,0,1,0,38
50,11,2,10,1,0,38
43,4,5,4,1,0,38
50,13,2,4,1,7688,24
55,15,2,9,1,0,18
52,14,3,3,0,4787,38
31,9,4,6,0,0,38
56,6,0,7,0,0,38
39,9,4,2,1,0,38
41,13,0,3,1,0,38
21,10,4,7,1,0,38
22,9,2,6,1,0,38
23,13,4,9,1,0,38
39,12,2,3,1,0,38
49,6,0,7,1,0,38
36,9,2,2,1,5178,38
32,13,2,3,1,0,38
44,4,2,5,1,0,38
27,11,2,0,1,7298,38
35,13,3,2,1,0,38
53,9,2,2,1,0,38
31,9,2,0,0,0,38
43,9,2,3,1,0,38
60,13,2,3,1,0,38
64,9,6,0,0,0,38
25,12,2,11,1,0,38
41,10,2,12,0,0,38
35,13,2,3,1,0,38
48,13,2,11,1,0,38
22,7,4,5,1,0,38
44,9,2,0,1,0,38
28,9,4,3,0,0,8
32,12,2,2,1,0,38
50,13,2,3,1,0,38
22,13,4,11,1,0,38
40,13,2,3,1,15024,38
64,2,0,0,1,0,38
68,12,6,11,1,0,38
52,9,0,6,1,14344,38
45,15,2,9,1,0,38
62,10,0,11,1,0,38
59,10,2,3,1,0,38
53,9,2,7,1,0,38
27,13,4,9,1,0,38
35,9,2,9,0,3942,38
35,12,1,0,0,0,38
43,10,2,5,1,0,38
40,14,2,3,1,0,38
56,7,2,0,1,6418,38
51,15,2,9,1,0,38
40,9,2,0,0,0,38
62,10,2,3,0,0,38
36,6,0,11,1,0,38
59,13,2,3,1,0,38
54,9,2,2,1,0,38
31,13,5,9,1,0,38
90,10,5,0,0,0,32
50,10,2,2,1,0,38
50,13,2,2,1,0,38
41,9,2,2,1,0,38
59,12,6,3,0,0,38
54,9,2,11,1,0,38
23,13,4,11,1,0,38
33,12,2,2,1,0,31
53,7,2,7,1,0,28
32,13,2,9,1,7688,38
33,11,2,9,1,0,38
32,13,2,0,1,0,38
45,13,2,11,1,0,38
24,10,4,0,0,0,38
38,13,4,3,0,0,4
47,13,2,9,1,0,38
47,16,2,9,1,0,38
45,13,2,9,1,0,38
31,13,2,3,1,0,38
22,10,4,2,1,0,38
47,10,2,2,1,0,38
38,9,2,5,1,0,38
41,13,2,3,1,0,23
53,10,2,9,1,0,38
40,14,4,8,0,14084,38
47,11,2,0,1,4064,38
47,10,2,11,1,0,38
43,13,4,11,1,0,38
46,9,2,12,1,0,38
57,4,2,2,1,0,38
30,9,4,0,0,0,38
41,9,2,2,1,0,38
30,9,2,13,1,0,38
20,9,2,11,1,0,38
43,9,4,0,0,0,38
34,9,0,9,1,0,25
43,10,2,3,1,0,38
27,13,2,3,0,0,38
29,9,2,0,0,0,38
30,13,2,11,1,0,38
49,13,2,3,1,0,38
28,14,2,9,1,0,38
27,9,4,7,1,0,38
32,6,0,2,1,0,38
64,9,2,6,1,0,38
41,13,2,9,1,0,38
59,10,2,3,1,0,38
31,12,2,2,1,0,38
53,9,2,7,1,0,38
37,13,4,0,0,0,38
55,14,2,9,1,0,38
52,9,2,2,1,0,38
43,10,2,3,1,0,38
30,9,4,3,1,0,38
51,9,2,12,1,0,38
46,14,2,3,1,0,38
34,9,2,13,1,0,38
24,9,4,2,1,0,38
39,14,4,11,1,0,38
44,12,2,11,1,7688,38
27,10,0,0,0,0,38
41,10,0,6,1,0,21
36,13,4,9,0,0,38
51,13,2,9,1,7688,38
51,9,2,13,1,0,38
28,9,2,10,1,0,38
47,5,0,7,0,0,38
23,10,2,0,0,0,38
36,13,0,3,1,0,38
35,16,2,9,1,0,35
26,3,5,2,1,0,25
20,10,4,0,0,0,38
51,13,2,4,1,5178,38
35,10,2,0,0,14344,38
46,9,2,2,1,0,38
23,8,2,5,1,0,38
49,14,0,9,0,0,38
61,14,0,9,0,0,38
49,13,3,0,1,0,29
38,13,3,0,0,0,20
36,12,2,9,1,0,38
35,9,2,3,1,7688,38
64,13,2,3,1,0,38
58,9,2,3,1,0,38
35,14,4,2,1,0,38
51,13,2,3,0,0,35
25,9,2,5,1,0,38
30,9,0,7,0,0,38
61,10,2,11,1,0,38
31,10,2,3,1,0,10
28,13,2,3,1,0,38
35,9,2,2,1,0,38
37,11,2,3,1,0,38
50,11,2,5,1,0,38
32,10,2,5,1,0,38
53,16,0,3,1,14084,38
42,13,2,3,1,0,38
63,13,2,11,1,10605,38
28,12,2,12,1,0,38
54,6,2,6,1,0,38
56,9,2,6,1,0,38
39,13,2,9,1,0,38
56,10,4,0,0,0,1
20,9,2,0,0,0,25
34,13,2,9,1,0,38
36,10,4,3,1,13550,38
38,7,2,3,1,0,38
55,14,2,9,0,3103,38
35,9,0,2,1,0,38
54,13,2,10,1,7688,38
31,12,2,3,1,0,38
45,13,0,9,1,0,38
32,11,2,3,1,0,38
35,9,2,2,1,0,38
26,8,4,7,1,0,38
45,13,2,4,1,7298,38
32,4,5,11,0,0,38
36,9,2,13,0,0,38
43,13,2,9,1,0,38
54,9,2,2,1,5178,38
68,13,6,9,0,0,38
46,14,6,3,0,0,38
30,10,2,2,1,0,38
36,13,2,9,1,0,38
37,3,2,2,1,0,38
59,13,3,3,0,0,38
27,11,4,6,1,0,38
90,10,4,7,1,0,38
42,9,2,2,1,0,38
29,9,2,13,1,0,38
56,10,0,3,0,0,38
45,10,0,2,1,0,38
36,9,3,10,1,4787,38
60,9,2,2,1,0,38
32,9,0,2,1,0,38
35,13,4,7,1,0,38
34,13,2,9,1,0,38
39,10,2,0,1,0,38
29,11,0,5,1,0,38
26,13,4,7,1,0,38
40,9,2,11,1,0,38
36,9,2,0,0,0,1
53,13,2,3,1,99999,18
34,10,2,9,1,0,38
47,9,2,2,1,0,38
20,5,4,13,1,0,38
47,12,2,0,1,0,38
35,13,6,0,1,0,38
29,9,4,2,1,0,38
63,9,2,2,1,0,38
57,9,2,2,1,0,38
41,10,2,11,1,0,38
34,13,2,2,1,0,38
41,10,0,6,0,0,38
38,9,2,0,0,0,38
21,9,4,5,1,0,38
54,15,2,3,1,0,38
34,9,2,13,1,0,38
31,9,2,2,1,0,38
40,10,2,6,1,0,38
40,9,0,0,0,0,38
24,9,2,6,1,0,38
49,9,2,2,1,0,38
56,13,2,11,1,15024,38
37,13,2,2,1,0,38
62,5,2,7,1,0,38
30,13,2,9,0,0,38
30,13,2,11,1,0,38
24,13,2,0,0,0,38
29,9,4,3,0,0,38
33,9,2,2,1,7688,38
30,9,3,12,1,0,38
40,12,2,4,1,0,38
17,7,4,11,0,0,38
61,13,2,8,1,15024,16
46,13,0,11,1,8614,38
56,10,2,2,1,0,38
40,14,2,9,1,0,38
40,9,5,3,1,0,38
24,10,4,5,1,0,38
25,13,4,3,1,0,38
45,14,0,8,1,25236,38
30,12,4,6,1,0,38
43,9,2,2,1,0,38
41,9,2,11,1,0,38
28,12,2,9,1,0,38
62,16,2,3,1,0,38
24,9,0,6,1,0,38
36,11,2,5,1,0,38
65,11,2,0,0,0,38
36,13,4,12,1,0,38
34,11,2,2,1,0,38
21,9,4,7,1,0,38
46,14,2,9,1,0,38
51,9,2,12,1,0,38
31,12,2,12,1,0,38
51,13,2,11,1,0,2
51,14,2,3,1,0,38
47,11,4,7,1,0,38
38,14,2,9,1,0,19
49,13,2,11,1,0,38
47,9,2,0,1,0,38
57,13,2,9,0,0,38
21,4,4,0,1,0,38
37,12,2,11,1,0,38
66,1,6,8,0,0,12
35,9,2,2,0,0,1
44,9,2,0,1,0,38
27,9,2,2,1,0,38
51,7,2,2,1,0,38
35,13,2,3,1,0,38
22,9,2,8,0,4508,38
28,10,5,6,1,0,38
47,9,2,13,1,0,38
51,5,2,6,1,0,38
58,14,2,3,1,0,38
55,13,0,9,1,0,38
27,13,2,12,1,0,18
54,12,2,11,1,0,38
48,13,2,3,1,5178,38
34,9,2,13,1,0,38
48,10,2,11,1,0,38
23,13,4,9,1,0,38
54,9,0,3,0,0,38
50,9,6,11,0,0,38
21,10,4,0,0,0,38
36,9,2,0,0,0,38
39,9,2,7,1,0,38
61,13,2,2,1,0,8
33,6,2,4,1,0,38
36,13,4,0,0,0,38
37,11,2,6,1,0,38
46,2,2,5,1,0,25
48,10,2,2,1,0,38
62,10,2,2,1,0,38
34,13,4,9,0,0,38
27,9,5,2,1,0,38
34,13,4,11,1,0,38
44,10,2,2,1,7688,38
55,9,2,13,1,0,38
51,14,2,9,1,0,38
56,10,2,3,1,0,38
21,9,4,5,1,0,38
37,9,4,11,1,0,38
25,13,4,0,0,0,38
56,10,2,0,1,0,26
23,9,2,6,0,2105,38
23,9,4,11,0,0,38
41,9,2,13,1,0,38
38,9,2,5,1,0,38
35,16,2,3,1,0,38
45,9,2,6,1,0,38
57,5,2,6,1,0,32
41,11,4,7,1,0,38
47,13,2,3,1,0,38
37,13,2,3,0,7688,38
36,13,2,0,1,0,22
24,9,4,1,1,0,38
39,10,4,2,1,0,38
43,13,0,11,1,0,38
43,9,0,3,0,0,38
27,13,4,12,0,0,38
62,13,2,9,1,0,38
42,13,0,3,0,10520,38
54,12,2,3,1,0,38
27,9,2,2,1,0,38
28,8,2,13,1,0,38
43,11,0,2,1,0,38
28,13,4,9,0,0,38
47,13,2,11,1,0,38
44,13,2,10,1,0,38
33,15,2,9,0,0,38
49,10,2,9,1,0,38
73,9,6,0,0,0,38
71,4,0,0,1,0,38
35,10,2,0,1,0,38
43,13,2,3,1,7688,38
20,9,2,2,1,3781,38
46,10,2,12,1,3103,38
66,10,0,0,0,0,38
49,9,2,2,1,0,38
45,5,2,5,1,0,18
52,14,2,9,0,99999,33
22,13,4,9,1,0,38
24,9,4,13,0,0,38
62,4,0,2,1,0,38
33,5,4,6,1,0,38
31,10,4,7,0,0,38
41,13,4,9,1,0,38
61,10,0,3,1,0,38
46,13,2,9,1,0,38
77,13,2,3,1,0,38
46,13,2,12,1,0,38
40,10,4,0,0,0,38
26,9,4,0,1,0,38
45,9,6,10,0,0,38
62,13,2,9,0,0,38
48,10,0,2,1,0,38
46,12,2,3,1,0,38
57,13,2,9,1,3103,38
53,10,2,13,1,7298,38
44,9,0,3,0,0,38
39,9,0,5,1,0,38
81,2,6,11,1,0,25
42,10,2,11,1,3103,38
37,12,2,11,1,0,38
60,13,2,11,1,0,38
26,13,4,11,1,0,38
22,10,4,3,1,0,38
39,10,2,0,1,0,38
63,9,2,11,0,0,38
60,9,2,2,1,0,38
38,10,2,11,0,0,38
21,10,4,0,1,0,38
37,14,2,3,1,0,38
32,9,4,11,0,0,38
50,14,2,3,0,0,38
49,9,2,9,1,0,38
40,9,0,3,0,0,38
47,9,2,2,1,0,38
37,13,2,2,1,0,38
62,13,2,3,1,0,38
49,6,2,2,1,0,38
27,9,4,2,1,0,38
41,9,2,3,1,0,38
59,15,3,9,1,0,38
37,9,0,13,1,0,38
54,10,0,3,0,0,38
43,9,2,2,1,0,38
21,9,4,7,1,0,38
45,9,0,0,0,0,38
54,13,2,3,1,0,38
51,10,2,9,1,0,38
39,14,0,9,0,0,38
20,9,4,0,1,0,38
33,10,2,11,1,0,38
42,13,2,3,0,0,38
35,11,4,12,1,0,38
36,13,2,11,1,0,38
35,9,2,13,1,0,38
28,8,4,11,1,0,38
35,8,2,6,1,0,38
41,9,0,2,0,0,38
20,10,4,0,0,0,38
44,9,4,5,1,0,38
58,9,2,5,1,0,38
35,9,0,5,1,0,38
34,10,2,3,1,7298,38
48,11,0,7,0,0,38
55,10,2,0,1,0,38
46,14,2,3,1,0,38
50,13,2,9,1,0,20
44,9,2,12,1,0,38
59,14,2,3,1,0,38
45,9,4,7,0,0,38
29,14,2,0,1,0,38
59,9,2,2,1,7298,38
49,10,2,4,1,7298,38
46,14,2,9,1,0,38
53,13,2,9,1,0,38
36,10,2,2,1,0,38
59,9,2,2,1,0,38
20,8,4,0,0,0,38
22,10,4,11,1,0,38
63,13,2,1,1,0,22
45,9,0,3,0,0,38
70,14,4,9,0,7896,38
26,9,4,2,1,0,38
60,9,2,13,1,0,38
41,15,2,9,1,0,38
32,9,2,11,1,0,38
55,14,2,11,1,2228,38
26,13,4,3,1,0,38
41,15,2,9,1,15024,38
19,10,4,0,1,0,38
32,13,2,11,1,0,38
39,16,0,9,0,0,38
43,9,2,11,1,0,38
62,10,2,3,1,0,38
40,12,2,11,1,15024,38
33,6,2,5,1,0,38
63,9,3,2,1,0,38
24,10,4,11,0,0,38
40,11,2,6,1,0,38
29,9,4,4,1,0,38
21,6,4,7,0,0,38
39,10,2,6,1,0,38
37,9,2,3,1,0,38
35,10,4,11,1,0,38
45,13,2,11,1,0,38
45,10,4,9,1,0,38
45,9,5,7,0,0,38
40,10,0,9,0,0,38
49,10,0,12,1,0,38
60,10,2,3,1,0,38
44,14,2,9,1,0,38
49,13,0,9,0,0,38
28,7,0,7,0,0,38
45,9,2,2,1,0,38
48,13,2,11,1,0,38
19,9,4,0,1,0,38
47,13,0,3,1,0,38
28,13,4,3,1,0,38
34,13,2,9,1,0,38
24,13,4,0,0,0,38
48,12,0,3,0,0,38
49,9,0,7,0,0,38
34,10,5,6,1,0,38
33,9,4,6,0,0,38
78,9,6,11,1,0,38
44,7,0,6,0,0,32
41,9,2,13,0,0,38
51,5,2,4,1,0,25
39,9,2,2,1,7298,38
32,14,2,9,0,15024,38
47,13,4,9,0,0,38
46,9,2,3,0,15024,38
34,11,2,0,1,0,38
44,15,2,3,1,7688,38
42,9,2,11,1,4064,38
27,13,2,9,0,0,38
38,13,2,9,0,0,38
52,10,2,3,0,0,38
46,13,2,3,1,0,38
27,12,2,0,1,0,38
35,10,2,0,0,0,38
42,10,2,2,1,0,38
49,9,2,2,0,0,38
43,14,2,3,1,0,38
33,12,2,9,1,3103,38
34,9,0,5,0,0,38
21,5,4,7,0,0,25
28,14,2,3,0,0,38
24,9,4,2,1,0,38
30,10,4,2,1,0,38
44,9,4,7,1,0,38
35,9,5,7,0,0,38
26,13,2,9,0,0,38
40,14,2,3,1,0,38
46,13,2,9,1,15024,38
43,4,2,4,1,4508,4
46,4,2,13,1,0,38
46,11,4,3,0,0,38
62,13,2,9,1,0,38
53,4,2,2,1,0,12
44,13,2,3,1,0,38
39,13,2,4,0,0,38
45,11,6,12,0,0,38
29,10,2,10,1,0,38
37,11,0,11,1,0,38
28,13,2,0,1,0,38
29,12,4,9,0,14344,36
24,13,4,11,0,0,38
45,16,2,9,1,0,38
30,9,4,2,1,0,38
30,9,2,6,1,0,38
50,13,4,3,0,0,38
32,10,0,3,0,0,38
26,9,2,13,1,0,38
40,10,2,13,1,0,38
30,7,2,0,1,0,38
47,9,5,3,0,0,38
51,6,5,6,0,0,38
28,10,0,5,1,0,38
63,5,2,13,1,0,38
27,10,2,11,0,0,38
46,14,0,9,0,0,1
45,10,2,2,1,0,38
31,9,2,0,1,0,29
48,8,2,2,1,7298,38
52,10,2,0,0,0,38
48,9,2,2,1,0,38
18,9,4,0,1,0,38
55,9,2,9,1,0,38
42,13,2,3,1,0,38
43,13,0,3,0,0,38
41,9,2,0,0,0,38
26,10,2,13,1,0,38
26,13,2,0,0,0,38
36,10,4,7,0,0,38
48,10,2,10,1,0,38
25,9,4,0,0,4416,32
65,4,2,6,1,0,38
44,11,2,2,1,0,38
31,10,4,11,0,0,38
40,9,2,13,1,0,38
47,9,0,0,0,0,38
51,5,4,7,0,0,38
51,9,2,0,0,7688,38
45,14,2,9,1,15024,38
28,10,4,3,0,0,38
47,11,2,3,0,0,38
50,9,0,3,0,99999,38
21,10,4,7,0,0,38
21,9,4,11,1,0,38
29,9,2,2,1,0,38
66,13,2,3,1,10605,38
42,16,3,9,1,0,38
43,13,0,11,1,0,38
30,13,2,9,1,99999,38
25,10,4,9,1,8614,38
28,9,4,0,0,0,38
61,9,2,3,1,0,38
28,13,2,9,1,0,38
37,14,3,0,0,0,21
32,7,4,7,1,0,38
46,13,2,9,1,0,38
56,3,2,2,1,0,37
52,10,2,2,1,0,38
21,10,4,7,1,0,38
50,15,4,9,0,0,38
42,14,5,3,1,0,38
59,10,2,2,1,0,38
34,13,2,9,0,0,28
29,13,2,3,1,0,38
70,15,2,9,1,0,38
40,9,2,13,1,0,38
48,9,2,11,1,0,38
22,10,4,7,0,0,38
31,9,2,13,1,0,38
21,7,2,0,0,0,38
27,10,4,11,1,0,38
34,13,2,3,1,0,38
25,9,4,2,1,0,38
30,13,2,9,0,0,38
39,9,2,2,1,7298,38
29,11,2,7,1,0,38
45,10,2,2,1,0,24
30,7,2,2,1,0,38
49,13,2,2,1,0,38
29,13,0,7,0,0,38
45,11,2,9,1,0,38
25,10,4,9,0,8614,38
25,13,4,11,0,0,38
21,9,4,0,0,0,38
35,13,2,9,1,0,38
43,13,4,9,1,0,38
42,10,2,2,1,0,38
69,9,2,3,1,0,38
28,14,2,9,1,0,38
22,4,2,2,1,2580,38
28,14,2,9,1,0,38
21,11,2,7,0,0,25
58,6,2,2,1,0,38
34,10,2,6,1,0,38
25,10,0,0,0,0,38
39,9,4,2,1,0,38
44,13,2,3,1,0,38
51,9,2,2,1,7298,38
34,8,2,1,1,0,38
47,14,2,3,1,0,38
29,9,2,0,1,0,5
20,9,4,7,1,0,38
37,12,0,12,0,0,38
45,9,4,6,0,0,38
33,9,2,2,1,0,38
53,7,2,2,1,0,38
27,11,2,12,1,0,38
46,10,2,11,1,0,38
22,10,4,0,0,0,38
41,9,4,11,0,0,38
30,4,4,2,1,0,38
34,7,2,13,1,0,38
26,9,0,6,1,0,38
31,10,4,0,0,0,38
26,9,2,6,1,0,38
38,9,2,6,1,0,38
35,13,2,11,1,0,38
61,9,2,13,1,0,38
37,9,2,5,1,0,38
30,9,2,2,1,0,24
59,9,5,10,0,0,38
31,13,2,0,0,0,29
32,11,0,11,1,0,38
46,9,2,5,1,0,38
36,12,2,9,1,0,38
46,9,0,0,0,0,38
47,9,2,6,1,0,38
52,10,4,9,1,0,38
27,10,2,7,0,0,38
27,10,2,2,1,0,38
32,13,2,11,1,0,38
43,12,4,0,0,0,38
29,13,4,9,1,0,8
52,16,2,9,1,0,38
17,7,4,5,1,0,1
59,14,2,3,1,0,38
34,11,4,9,0,0,10
22,9,2,11,0,0,38
49,9,2,2,1,0,38
45,15,2,3,1,0,38
35,14,2,11,1,0,38
48,10,0,9,1,0,38
32,13,4,9,1,0,38
36,10,4,2,1,13550,38
56,13,2,3,1,0,38
30,10,2,7,0,0,38
35,14,2,11,1,0,38
41,10,2,2,1,0,38
51,9,2,5,1,3103,38
31,10,2,3,1,15024,38
42,13,2,3,1,7688,38
63,13,2,9,1,0,38
39,9,2,6,0,0,38
40,13,2,3,1,0,38
34,10,2,2,1,0,38
34,13,4,7,0,0,38
53,5,2,2,1,0,38
28,14,2,3,1,0,38
51,13,2,3,1,99999,38
25,9,2,5,1,0,38
59,9,2,7,1,0,38
41,10,2,6,1,7298,38
36,13,2,9,1,0,38
21,10,4,0,0,0,38
51,9,6,9,0,0,38
46,9,2,11,1,0,38
43,13,0,3,0,0,38
33,12,2,2,1,0,38
43,13,2,11,1,0,38
33,12,3,6,1,0,38
28,10,4,9,0,3325,38
25,10,4,0,1,0,38
30,12,2,13,0,0,38
33,10,4,0,0,0,32
37,13,4,9,1,0,38
23,5,5,7,1,0,38
26,9,2,6,1,0,38
30,16,4,9,1,0,38
44,14,2,9,0,0,38
55,9,2,3,1,0,38
24,13,4,11,1,0,38
33,9,5,7,0,0,2
44,14,4,9,0,10520,38
42,13,2,0,1,0,38
36,9,2,2,1,0,38
54,10,2,2,1,0,38
44,10,2,11,1,0,38
48,13,2,3,1,99999,38
28,13,4,9,0,0,38
50,12,2,4,1,15024,38
37,12,2,6,1,0,38
54,13,0,11,1,0,38
60,9,2,12,0,0,38
30,13,2,11,1,0,38
51,13,0,3,1,10520,38
58,13,5,5,0,27828,38
45,13,2,9,1,0,38
44,10,2,2,1,7688,38
55,13,3,3,1,14084,38
21,10,4,11,1,0,38
42,9,2,5,1,0,38
42,13,2,3,1,15024,38
46,9,0,3,1,0,38
34,9,2,0,1,0,38
31,13,4,11,1,0,38
23,9,4,5,1,0,38
21,9,4,5,1,0,38
50,13,2,10,1,0,38
50,13,2,3,1,0,38
56,13,2,3,1,15024,38
21,9,4,0,0,0,38
32,6,0,2,1,0,38
37,13,2,9,1,0,38
50,10,2,3,1,0,38
47,12,4,3,1,10520,38
45,13,2,3,1,0,1
35,13,2,2,1,0,38
43,9,2,3,1,0,38
40,13,0,0,0,0,38
48,14,0,3,1,99999,38
27,14,4,0,1,0,38
52,4,2,2,1,0,38
44,9,4,2,0,0,38
44,10,0,2,1,8614,38
32,13,2,0,1,0,38
47,9,6,0,0,0,38
33,13,4,9,0,0,38
59,9,2,3,1,0,38
56,9,6,7,0,0,38
61,10,2,11,1,0,38
34,14,0,9,0,0,38
43,9,2,3,1,0,38
25,10,4,12,0,0,38
53,9,2,0,0,7688,38
44,10,2,3,1,0,38
33,9,2,2,1,0,38
49,9,2,4,1,0,38
35,9,2,2,1,0,4
50,15,2,9,1,0,38
43,14,3,3,0,10520,38
43,13,5,9,0,0,38
46,9,5,5,0,0,28
61,13,0,11,1,4787,38
34,9,4,0,0,0,38
43,9,2,2,1,0,38
49,9,2,11,1,0,38
54,9,6,7,0,0,38
46,13,2,3,1,0,38
50,9,0,7,1,0,38
37,9,2,0,1,0,8
50,6,2,7,1,0,38
27,10,0,12,0,0,38
21,10,4,7,1,0,38
47,10,0,7,0,0,38
68,6,2,0,1,0,38
45,9,2,11,1,0,38
59,9,2,11,0,0,38
33,13,2,9,1,0,38
59,4,2,13,1,0,38
31,10,2,11,1,0,38
29,9,2,6,1,0,38
27,10,2,11,1,0,38
39,9,2,11,0,0,38
37,13,2,9,1,7688,38
24,12,4,2,1,8614,38
20,10,4,11,0,0,38
53,9,2,3,1,0,38
49,9,0,2,1,0,38
36,9,2,6,1,0,38
41,13,2,9,1,0,38
38,10,4,3,0,0,38
47,10,2,3,1,0,38
34,13,3,9,0,0,38
33,3,2,4,1,0,29
52,14,0,9,0,0,38
45,10,2,3,1,0,38
46,4,2,9,0,0,38
52,9,5,2,0,0,38
23,13,4,9,0,0,38
38,9,0,0,0,0,38
41,10,0,7,1,0,38
31,15,0,9,0,0,38
18,6,4,7,1,0,38
49,12,0,3,0,0,38
65,10,5,0,0,0,38
27,5,2,4,1,0,38
43,10,0,9,0,0,38
24,4,2,2,1,0,38
37,10,2,2,1,0,38
36,13,2,12,1,0,38
55,14,6,11,0,0,38
49,9,2,6,0,0,38
43,9,4,7,1,0,13
58,9,5,10,0,0,38
44,13,2,3,1,0,35
44,10,2,1,1,7298,38
54,7,0,2,0,0,38
42,13,4,3,1,0,38
50,10,2,11,1,0,38
37,9,2,2,1,0,38
34,13,2,9,1,7688,38
45,10,2,2,1,0,38
42,13,0,9,1,0,38
45,13,4,9,0,0,38
34,13,4,3,1,0,38
45,10,2,13,1,7298,38
24,9,2,0,1,0,38
41,9,0,2,1,0,38
24,7,4,7,0,0,38
47,10,4,10,1,0,38
38,9,2,6,1,0,38
44,13,2,3,1,0,38
32,16,2,3,1,0,38
21,10,4,0,0,0,38
30,13,2,9,0,7688,38
59,10,5,0,1,3325,38
35,13,2,2,1,0,38
34,9,4,9,0,0,38
44,13,2,3,1,0,38
30,10,2,9,0,0,38
49,14,2,3,1,0,38
52,9,2,0,0,7688,38
41,15,0,11,0,0,38
18,9,4,0,0,0,38
29,13,2,3,0,0,38
44,9,2,2,1,0,38
30,5,4,2,1,0,38
34,9,4,2,1,0,38
31,10,2,0,1,0,18
44,13,2,9,0,4386,38
33,13,2,3,1,0,38
25,13,4,3,0,0,38
31,12,0,2,0,0,38
40,10,1,13,1,0,38
27,9,2,2,1,0,38
36,6,4,5,0,0,38
59,10,5,10,1,0,38
28,13,4,3,0,0,38
38,9,2,6,1,0,38
23,7,4,2,1,14344,39
31,10,2,2,1,0,38
54,9,2,0,1,0,38
52,9,2,6,1,0,38
58,5,2,13,1,0,38
41,15,2,9,1,0,38
49,10,2,0,1,0,38
34,11,2,7,0,3103,38
34,10,2,2,1,0,38
35,10,4,0,0,0,38
34,14,4,7,0,4787,31
56,13,2,12,1,0,38
37,9,0,2,1,1506,38
34,10,2,0,1,0,38
44,13,2,3,1,0,38
30,4,2,2,1,2829,38
45,10,2,9,1,7688,38
50,9,2,2,1,0,38
32,13,0,0,0,0,38
34,10,4,0,1,0,38
32,9,2,2,1,5178,38
30,10,4,2,1,0,38
37,9,4,13,1,0,38
43,9,2,6,1,0,38
76,10,6,0,0,0,38
51,10,2,11,1,0,38
35,12,4,4,1,0,38
38,10,2,2,1,7688,38
53,9,2,13,1,0,38
25,10,2,3,0,0,38
25,9,2,2,1,0,38
33,13,2,11,0,0,38
24,4,2,11,1,2580,38
71,9,6,0,0,0,38
40,12,4,0,0,0,38
34,6,4,7,0,0,22
40,13,2,11,1,0,38
62,13,2,2,1,0,9
43,9,2,2,1,0,38
57,13,2,3,1,7688,38
33,10,4,12,0,0,38
35,9,0,7,0,0,38
29,13,4,9,0,0,38
34,13,4,3,0,0,38
33,9,4,7,0,0,38
40,13,2,9,1,0,38
50,9,2,13,1,0,38
62,9,2,6,1,0,38
51,13,2,5,1,0,38
38,10,4,7,1,0,38
39,13,4,3,0,0,38
37,9,2,4,1,0,4
59,6,2,2,1,0,38
51,10,5,11,0,0,38
41,9,0,11,0,0,38
36,10,4,7,0,0,38
29,10,4,7,0,0,38
33,16,4,9,1,0,38
37,10,2,2,1,0,16
63,9,2,0,1,0,38
30,13,2,3,1,0,38
49,14,2,9,1,0,38
48,13,2,9,1,15024,38
49,14,2,3,1,0,38
59,9,5,7,0,0,38
20,10,4,0,0,594,38
40,9,4,0,0,0,38
43,13,2,3,1,0,38
27,9,4,3,0,0,38
59,10,2,3,1,0,38
58,10,0,9,0,0,38
24,10,2,5,1,0,38
36,13,2,11,1,0,38
46,9,2,3,0,0,38
42,12,2,8,1,99999,38
40,10,2,5,1,0,38
55,13,0,3,1,0,38
23,13,4,0,1,0,38
29,11,2,10,1,0,18
43,10,2,2,1,0,38
61,9,0,5,0,0,38
47,13,2,11,1,0,38
38,12,2,12,1,0,38
60,9,2,11,1,0,38
34,14,2,3,1,0,38
52,9,2,2,1,0,38
59,5,2,7,1,0,38
58,6,2,2,1,0,38
33,9,2,3,0,0,1
45,13,2,3,1,0,38
44,9,2,6,1,0,38
41,13,4,3,1,0,38
27,10,4,11,1,0,38
26,14,4,9,0,0,38
21,10,4,0,0,0,38
36,9,2,0,0,0,38
49,11,2,0,1,0,38
25,9,4,0,1,0,38
33,9,4,0,1,0,38
41,9,2,3,1,0,38
29,9,2,13,1,0,38
46,13,0,9,1,0,8
18,7,4,0,1,0,38
26,13,4,9,1,0,8
44,13,0,3,0,0,38
30,9,2,5,1,0,38
42,13,4,3,1,0,38
19,9,4,0,1,0,38
50,9,2,3,0,0,38
43,14,4,9,0,0,38
26,13,4,11,1,0,38
24,7,2,2,1,0,38
35,13,2,11,1,0,38
52,12,2,10,1,0,38
35,11,4,2,1,0,38
47,10,2,0,0,0,10
33,10,4,11,1,0,38
53,14,0,3,1,0,38
34,9,0,6,1,0,38
40,9,2,2,0,0,38
62,9,2,3,1,0,38
59,13,2,3,1,0,38
34,14,4,3,1,0,38
48,12,2,6,1,0,38
54,9,2,2,1,0,38
58,9,0,0,0,0,38
23,9,2,6,1,0,38
53,13,4,3,0,0,38
42,15,2,9,1,0,38
47,9,2,6,1,0,38
35,7,2,4,1,0,38
23,9,4,7,0,0,38
23,4,4,6,0,0,5
29,13,4,9,1,0,38
37,9,0,7,0,0,38
39,10,4,13,1,0,38
48,13,2,0,0,7688,38
59,9,2,0,1,0,38
43,13,4,3,0,0,38
56,9,2,2,1,7688,38
47,9,2,3,1,0,38
18,6,4,0,1,0,38
33,13,4,9,1,2202,38
39,9,5,3,1,0,38
63,9,2,0,0,0,38
40,10,4,10,1,0,38
27,9,3,7,0,0,38
21,9,4,13,1,0,38
42,9,2,3,1,0,0
35,11,2,0,1,0,38
25,9,4,0,1,0,38
46,15,2,9,1,15024,38
35,10,2,11,1,0,38
27,13,2,3,0,0,38
18,7,4,2,1,0,38
42,9,2,11,0,0,38
28,10,4,9,1,0,38
24,13,4,11,1,0,38
42,13,5,7,1,0,38
47,10,0,0,0,0,25
47,9,2,6,1,0,38
39,9,2,9,1,0,38
37,8,2,4,1,3103,38
48,9,2,2,1,0,38
31,9,4,13,1,0,38
34,9,2,4,1,0,38
24,13,4,3,1,0,38
21,9,4,6,1,0,38
38,9,2,5,1,0,38
45,13,2,9,1,0,38
38,9,2,0,1,0,38
46,10,3,11,0,0,38
28,15,4,9,1,2176,38
53,11,2,3,0,0,29
47,9,2,6,0,0,38
52,9,4,0,0,0,38
51,4,0,6,0,0,38
34,9,2,6,1,0,38
44,11,2,2,1,0,38
48,9,4,0,0,0,38
35,10,2,3,1,0,38
28,9,4,0,1,0,38
38,13,2,11,1,7688,38
41,13,2,9,1,15024,38
44,9,2,6,1,0,38
26,10,5,11,0,0,38
30,9,5,7,0,0,38
38,14,4,0,0,0,38
21,10,4,7,0,0,38
32,14,4,0,0,0,38
41,4,2,2,1,0,38
55,4,2,13,1,0,38
33,10,2,2,1,7298,38
28,10,4,5,1,0,38
67,14,6,0,0,0,38
39,7,0,11,0,0,38
58,14,2,9,1,0,38
46,5,5,6,0,0,20
61,9,2,12,1,0,38
56,14,2,3,0,0,38
24,7,2,2,1,0,38
43,10,0,10,0,0,38
19,9,4,2,0,0,38
24,9,2,2,1,0,38
30,13,4,9,0,0,30
28,13,4,9,1,6849,38
43,11,0,6,1,0,38
40,12,2,3,0,0,38
48,12,0,0,0,0,38
40,14,0,9,0,0,38
54,9,2,2,1,0,38
20,9,4,5,1,0,38
38,10,2,10,1,0,38
53,9,2,10,1,0,9
51,11,2,3,1,0,38
44,15,0,9,1,0,38
45,13,2,10,1,0,38
37,11,2,2,1,0,38
25,10,2,2,1,0,38
22,9,4,7,0,0,38
64,9,2,13,1,0,38
24,10,2,3,0,0,38
32,9,2,2,1,0,38
43,13,2,3,1,0,38
37,11,2,7,1,0,38
46,9,4,11,0,0,38
22,13,4,0,0,0,38
27,10,2,3,1,0,38
52,10,0,7,0,4787,38
45,13,0,3,1,0,38
29,13,4,5,1,0,38
36,8,4,7,1,13550,38
42,10,4,2,1,0,38
45,10,4,0,0,0,38
27,10,4,0,0,0,38
47,13,2,11,1,0,38
49,9,2,6,0,0,38
42,13,2,0,0,0,29
45,10,2,6,1,3103,34
66,9,2,0,0,0,38
50,13,2,0,0,0,38
62,10,2,11,1,0,38
45,9,4,5,1,0,38
45,10,0,0,0,0,38
24,13,4,9,0,0,38
26,7,0,2,0,0,38
46,9,2,7,0,0,38
39,9,2,12,1,7298,38
30,13,2,0,0,0,38
36,9,2,5,1,0,38
37,13,2,12,1,0,38
37,3,4,0,0,0,25
33,9,2,2,0,0,38
49,14,2,9,1,0,38
33,9,2,0,0,0,38
35,9,2,2,1,7688,38
56,13,2,2,1,0,31
36,10,4,3,1,0,38
33,9,4,6,1,0,38
41,15,2,9,1,0,38
47,7,2,2,1,7298,38
50,13,2,11,1,0,38
33,11,2,12,0,0,38
40,10,4,3,0,0,38
36,9,2,11,0,7688,38
39,7,4,0,0,0,38
58,7,6,6,0,0,38
18,10,4,0,0,0,38
22,6,5,7,0,0,38
31,10,4,3,1,0,38
44,2,2,7,0,0,39
44,13,2,3,1,0,38
42,10,2,13,1,0,38
46,13,4,11,1,0,38
36,13,2,9,1,0,38
27,9,2,2,1,3103,38
29,11,4,2,1,0,38
49,10,2,2,1,0,38
23,10,2,5,1,0,38
44,9,2,13,1,0,38
22,10,4,0,0,0,38
50,13,2,11,1,0,38
35,13,2,9,1,0,38
30,9,2,13,1,0,38
38,13,2,9,1,0,38
23,9,4,0,0,0,38
58,10,2,3,1,0,38
53,9,4,2,1,0,38
48,13,2,9,1,0,38
42,14,2,3,1,0,38
47,10,2,7,0,0,38
29,10,2,0,0,0,38
53,13,2,0,1,0,38
37,13,2,9,1,7688,38
41,10,0,12,0,0,38
30,10,4,12,0,0,38
41,5,2,13,1,0,38
43,15,0,9,1,0,38
30,10,0,6,1,0,38
38,13,4,3,0,0,38
47,3,2,7,1,0,22
28,11,4,5,0,0,38
51,9,2,13,1,0,38
43,13,0,0,0,0,38
26,13,4,3,0,0,38
35,5,0,0,1,0,38
50,9,2,2,1,3103,38
36,9,2,0,0,0,38
24,10,4,12,1,0,38
22,10,4,13,1,0,38
34,13,4,11,0,0,38
45,10,2,12,1,7298,38
33,12,4,2,1,0,38
48,4,2,2,1,0,21
34,13,0,11,0,0,38
48,11,2,3,1,0,38
34,10,2,2,1,0,38
57,13,2,3,1,0,38
23,9,0,7,0,0,38
45,13,2,3,1,0,8
37,10,0,13,1,0,38
29,9,2,2,1,0,38
38,9,2,13,1,7298,38
43,10,5,2,1,0,38
58,9,2,2,1,0,38
62,10,2,11,1,0,38
36,9,0,4,1,0,38
45,9,2,11,1,0,38
61,9,2,3,1,0,38
39,9,2,2,1,0,38
38,13,2,3,1,7688,38
38,13,2,11,1,0,38
45,9,2,11,1,0,38
79,9,2,3,1,0,38
32,13,2,3,1,7688,38
46,11,2,11,1,3103,38
28,10,2,4,1,0,38
31,9,2,2,1,0,38
52,9,2,6,1,0,38
52,9,4,11,0,0,38
21,9,4,7,1,0,38
36,10,0,0,0,0,38
46,9,2,3,0,0,38
24,9,0,11,0,0,38
41,11,2,11,0,0,38
37,16,2,9,1,0,38
38,10,0,0,0,0,38
58,13,2,0,1,0,38
44,10,2,11,1,0,38
34,10,0,0,0,0,38
45,10,2,10,1,0,38
51,9,2,2,1,0,38
41,13,4,3,1,0,38
48,9,2,2,1,0,38
43,13,2,11,0,0,29
42,13,0,3,0,0,38
53,2,2,7,1,0,32
31,10,2,5,1,0,38
44,8,2,11,1,0,38
59,4,2,2,1,0,38
41,9,4,11,0,0,38
37,13,2,2,1,0,38
30,15,2,9,0,0,38
37,9,2,10,1,7688,38
61,9,2,3,1,0,38
29,9,4,0,1,0,38
29,9,3,7,1,0,38
38,13,2,11,1,0,38
39,10,2,0,1,0,38
42,16,2,9,1,0,38
45,5,2,6,0,0,38
35,10,0,7,0,0,38
32,9,3,5,1,0,38
33,8,5,0,0,1471,38
26,9,4,11,1,0,38
47,10,2,0,1,0,38
26,10,2,3,1,4064,38
30,9,2,5,1,0,38
55,12,2,3,1,7688,38
53,9,0,0,0,0,38
62,9,2,7,1,0,38
32,13,2,3,1,0,38
32,9,0,5,1,0,38
65,10,2,10,1,0,38
37,13,4,3,0,0,38
47,9,2,9,0,7298,38
39,13,2,3,1,15024,38
38,13,0,3,1,3325,38
59,9,2,6,1,0,38
61,9,2,6,1,0,38
55,9,2,7,1,0,38
38,10,2,3,1,0,38
42,9,2,13,1,0,38
62,15,1,9,1,15023,38
44,11,2,2,1,0,38
62,13,0,9,0,0,38
37,9,2,6,1,0,38
49,10,0,3,1,0,38
44,4,2,6,1,0,26
52,9,2,11,1,0,38
38,9,4,5,1,594,38
51,10,0,1,0,0,38
35,9,0,11,0,0,38
23,10,2,6,1,0,38
22,4,4,7,0,0,25
43,13,2,11,1,0,38
24,13,4,3,1,0,38
33,6,5,5,1,0,38
45,9,0,5,1,0,38
39,9,2,2,1,7298,38
29,12,0,2,0,0,38
56,10,2,11,1,0,38
34,9,2,10,1,0,38
20,10,5,2,1,0,38
41,10,0,11,0,0,38
34,10,2,0,1,0,38
56,9,2,11,0,0,38
40,9,0,7,1,0,38
31,9,4,3,1,0,38
31,13,2,2,1,0,38
30,10,4,3,0,0,8
27,13,2,9,1,0,38
79,14,2,3,1,20051,29
30,11,0,2,1,0,38
54,9,2,0,1,0,38
39,14,2,9,1,0,38
41,9,2,2,1,0,38
50,13,2,9,0,0,38
47,9,2,2,1,0,38
46,10,0,11,0,0,38
45,9,0,6,0,0,38
35,12,2,12,1,0,38
39,10,0,3,0,8614,38
43,10,2,7,1,0,38
54,13,2,3,1,0,38
26,14,2,9,1,0,38
22,9,4,6,1,0,38
38,13,2,9,1,0,38
52,10,2,2,1,0,38
67,4,2,13,1,0,38
30,11,2,12,0,0,10
36,14,2,9,0,0,38
48,5,2,6,0,0,2
51,10,2,12,0,0,38
42,5,0,2,1,0,38
26,9,4,2,1,0,38
37,9,2,11,1,0,38
44,14,2,9,1,0,38
35,14,4,11,0,0,38
23,9,0,3,0,0,38
62,9,2,3,1,0,38
57,10,2,3,1,7688,38
24,13,2,3,0,0,38
31,9,2,13,1,0,38
30,9,2,5,1,0,38
37,13,2,3,1,0,38
53,13,0,11,0,13550,38
25,9,4,7,0,0,38
35,15,2,9,1,0,38
42,10,5,7,0,0,38
45,11,4,11,0,0,38
55,9,0,11,0,0,38
53,6,2,2,1,0,38
24,7,2,1,1,0,38
45,15,2,3,1,0,38
38,9,2,11,1,0,38
60,4,2,2,1,0,38
36,9,0,13,1,0,38
22,10,4,12,0,0,38
23,7,2,5,1,0,25
47,10,2,0,1,0,38
53,16,2,9,1,0,38
39,9,4,0,0,0,38
56,6,2,7,1,0,4
40,10,0,7,0,0,38
48,13,2,9,0,0,38
60,10,2,11,1,7298,38
47,9,2,13,1,0,21
38,10,3,3,0,0,38
60,9,2,3,1,0,38
38,9,5,7,1,0,38
57,10,2,2,1,0,38
58,10,2,2,1,0,38
51,10,2,12,1,7298,38
43,13,2,0,1,7298,38
64,9,2,2,1,2635,38
24,14,4,9,0,0,38
58,13,2,0,1,0,25
53,13,2,11,1,0,38
49,9,2,6,0,0,38
38,9,0,6,0,0,38
50,15,2,9,1,0,38
79,9,2,3,1,0,38
36,9,2,2,1,0,38
37,10,2,6,1,0,38
42,10,0,0,1,0,38
40,10,2,9,1,7298,38
21,9,5,7,0,0,38
43,13,0,3,1,0,38
53,13,2,3,1,0,38
29,9,4,3,0,0,38
45,10,2,2,1,0,25
38,13,2,11,1,0,38
25,9,4,7,0,0,38
54,9,2,3,1,0,38
43,13,2,9,1,0,38
50,9,6,7,0,0,38
63,13,2,3,1,0,38
34,10,2,9,1,0,38
55,14,2,3,1,0,38
29,13,4,2,1,0,38
49,5,6,5,1,0,38
43,14,2,9,1,0,38
45,9,3,2,1,0,36
62,11,2,12,1,0,38
49,14,2,9,1,0,38
24,10,4,11,0,0,38
29,9,0,6,1,0,38
38,13,2,3,1,0,38
46,10,2,2,1,0,38
26,10,4,12,0,0,38
28,9,2,7,0,0,38
46,10,2,11,1,0,38
51,13,4,9,0,0,38
41,14,2,3,0,0,38
56,9,2,7,1,0,38
41,16,2,9,1,0,38
35,9,2,13,1,0,38
32,11,0,7,0,0,38
30,9,2,6,1,0,38
33,9,5,6,0,0,38
29,9,4,5,1,0,38
29,13,4,9,0,0,38
34,13,4,4,1,27828,33
36,9,2,10,1,7298,38
24,13,4,11,1,0,38
39,12,4,3,1,0,38
51,13,2,9,1,0,38
41,9,0,7,0,0,38
51,10,2,5,1,0,38
37,10,2,2,1,0,38
50,7,2,13,1,0,38
45,9,2,2,1,0,38
32,9,2,13,1,0,38
37,13,2,9,1,7298,38
48,5,6,12,1,0,38
51,9,0,9,0,0,38
58,9,2,11,1,0,38
54,13,2,3,1,0,38
25,13,4,7,0,0,38
54,13,2,11,1,0,22
55,10,2,2,1,0,38
49,10,2,3,1,0,38
24,11,4,7,0,0,38
36,9,4,4,1,0,38
35,9,3,0,0,0,38
46,16,2,9,1,7688,38
47,14,2,3,1,0,23
47,10,2,5,1,0,38
59,13,2,2,1,0,38
22,10,4,0,0,0,38
47,13,2,13,1,0,38
35,13,2,3,1,0,38
30,14,2,9,1,0,38
68,13,2,3,1,20051,38
50,13,2,11,1,7688,38
32,9,4,2,1,0,38
57,6,2,7,1,0,38
27,10,4,6,1,0,38
21,9,2,2,1,0,38
51,9,2,9,1,0,38
35,9,2,13,1,0,5
50,14,2,11,1,0,38
38,9,2,3,1,0,38
32,9,2,2,1,0,38
49,9,2,13,1,0,38
40,11,2,5,1,0,38
58,6,2,2,0,0,38
41,9,0,2,1,0,38
22,9,4,11,1,0,38
32,14,2,9,1,15024,38
34,9,2,2,1,0,38
35,10,4,7,1,0,38
45,15,0,9,1,25236,38
33,13,2,11,1,0,38
63,9,2,3,1,0,38
32,9,2,5,1,0,38
47,9,2,2,1,0,38
44,9,2,11,1,0,38
19,10,4,3,1,0,38
43,11,2,2,1,0,38
27,9,2,2,1,0,38
48,3,4,8,0,0,26
34,9,4,0,1,0,38
57,10,2,11,1,0,38
32,9,4,2,1,0,38
41,13,2,11,1,0,38
48,13,2,3,1,0,38
32,13,2,0,0,0,38
38,14,2,9,1,0,38
47,12,4,3,1,10520,38
42,13,2,3,1,0,38
58,10,4,4,1,0,38
45,9,4,0,0,0,38
39,13,2,2,1,0,38
51,13,2,10,1,0,38
43,13,0,9,0,0,38
37,13,2,3,1,0,38
28,9,2,11,1,0,38
28,9,2,11,1,0,38
30,9,2,0,0,0,38
26,9,4,6,1,0,38
57,9,2,11,1,0,38
43,9,2,2,1,0,38
49,9,4,0,0,0,38
59,14,2,11,1,0,38
40,14,2,9,1,7298,38
40,9,2,0,1,0,38
41,9,4,13,1,0,30
31,10,4,0,1,0,38
53,9,2,7,1,0,38
60,9,2,12,1,0,38
62,13,2,3,1,0,38
27,13,2,10,1,0,38
37,11,5,0,1,0,38
31,14,4,9,1,0,38
37,11,2,2,1,0,38
31,10,2,9,1,0,38
37,9,4,4,1,0,38
55,11,2,2,1,0,38
52,14,0,9,0,0,38
58,14,6,9,1,0,38
39,9,2,11,1,0,38
49,13,2,9,0,0,38
36,9,0,2,1,14344,38
34,9,0,0,0,0,38
54,9,2,2,1,0,38
51,14,2,11,1,0,38
24,10,4,6,0,0,38
50,13,0,0,0,0,38
51,10,2,2,1,0,38
52,7,5,6,1,0,38
46,12,2,2,1,0,38
62,13,2,3,1,15024,38
43,14,2,9,0,0,38
43,9,2,0,1,0,38
22,13,4,3,0,0,38
41,9,2,0,0,8614,38
47,9,2,6,1,0,38
23,13,4,9,1,0,38
30,9,2,0,1,0,38
31,13,0,2,0,0,38
21,10,4,7,0,0,38
41,3,2,0,1,0,25
48,10,2,3,1,0,38
70,9,2,0,1,0,38
58,14,2,9,1,0,38
23,13,4,3,0,0,38
34,10,2,2,1,0,38
38,9,0,2,1,0,38
36,14,4,9,1,0,38
49,13,2,7,1,0,38
43,10,2,13,1,0,38
58,9,2,3,1,0,38
52,9,2,6,1,0,38
40,13,3,3,1,0,38
25,14,4,9,0,0,38
25,11,2,1,0,0,14
49,14,2,9,1,0,38
41,9,2,2,1,7688,38
23,5,3,2,1,0,25
44,10,2,3,1,0,38
50,9,0,3,0,0,38
36,10,2,6,1,0,38
63,9,1,2,1,0,38
43,12,5,6,1,4934,38
56,10,0,10,1,0,38
24,9,2,2,0,0,38
42,9,2,13,1,2885,38
42,9,2,7,1,0,38
29,11,2,9,1,0,38
43,14,2,3,1,0,38
50,14,2,11,1,7688,38
33,10,4,7,1,0,38
20,9,4,11,1,0,38
31,11,4,0,0,0,38
31,10,0,10,1,0,38
47,15,2,11,1,0,38
27,10,4,9,1,0,38
22,11,4,2,1,0,38
61,10,6,6,0,0,38
20,9,4,7,1,0,38
67,11,1,7,0,7896,38
55,7,2,2,1,5178,38
27,9,2,3,1,0,38
29,12,5,11,0,0,38
28,13,2,11,1,7298,38
36,9,2,11,1,0,38
42,13,2,3,1,15024,38
37,10,2,3,1,0,38
36,10,2,10,1,0,38
20,9,2,7,0,0,28
42,11,2,0,1,2407,38
25,13,4,12,1,0,38
44,9,0,6,1,0,38
32,15,2,9,1,0,38
28,12,2,3,0,0,38
45,15,2,9,1,0,18
57,9,6,13,1,0,38
28,10,4,0,0,0,38
36,9,0,9,0,0,38
53,9,2,13,1,0,38
34,13,4,3,0,0,38
49,9,2,2,1,0,38
34,9,0,6,0,0,38
37,13,4,13,1,0,38
24,13,4,9,1,0,38
56,13,2,12,1,0,38
37,9,2,5,1,0,38
25,13,2,11,1,0,38
46,10,0,3,1,0,38
52,13,0,9,0,0,38
20,10,4,0,1,0,10
39,9,0,0,0,0,38
38,13,2,3,0,0,38
21,9,2,11,1,0,38
35,10,2,9,1,0,38
36,13,2,3,0,0,38
26,13,2,13,1,0,38
31,13,4,11,0,4787,38
59,14,2,9,1,0,38
62,13,2,3,1,0,38
54,9,2,3,1,0,38
39,2,2,2,1,0,25
60,9,2,2,1,6418,38
23,9,4,0,0,0,38
29,10,4,7,0,0,38
30,13,2,9,0,7688,38
44,10,2,11,1,0,38
37,10,2,2,1,0,38
31,9,2,2,1,0,38
53,15,4,9,1,27828,29
43,14,4,8,0,14084,38
41,9,2,2,1,0,38
45,9,2,0,0,7688,38
43,13,2,11,1,0,38
53,14,2,9,1,0,38
32,9,2,10,1,0,38
24,13,4,11,0,0,38
38,13,0,3,1,0,38
43,4,2,6,1,0,38
57,13,2,3,1,0,38
53,14,2,3,1,0,38
23,10,4,11,1,0,38
31,13,4,12,0,0,38
37,10,2,3,1,0,38
36,10,2,5,1,7298,14
51,9,4,13,1,0,38
35,13,2,3,1,0,38
42,13,2,9,1,7688,38
35,4,2,6,1,0,38
24,9,2,7,1,0,38
47,14,2,9,1,0,38
58,3,0,6,1,0,38
51,10,2,9,1,0,38
38,9,2,5,1,0,38
39,13,4,9,1,0,38
20,9,4,7,1,0,38
34,9,2,2,1,0,38
50,10,2,2,1,0,38
23,10,4,13,1,4101,38
56,4,2,6,0,5013,38
60,11,0,9,1,0,38
39,10,2,0,0,0,38
52,9,2,3,1,0,38
28,13,4,9,1,0,38
70,11,6,0,0,0,38
54,13,0,3,0,27828,38
35,14,2,6,1,0,38
41,10,2,3,1,0,38
55,10,2,10,1,0,38
41,9,2,5,1,0,38
47,13,2,11,1,0,38
48,10,2,3,1,0,38
36,10,0,3,1,0,38
42,10,2,13,1,0,38
25,9,4,0,0,0,38
42,10,0,6,0,0,38
48,14,2,3,1,0,38
47,9,2,13,1,0,38
29,10,2,12,1,0,38
44,13,2,11,1,0,38
34,10,2,3,1,0,38
23,9,4,11,1,0,34
52,9,2,13,1,0,38
49,13,2,2,1,0,38
44,9,2,10,1,0,38
47,10,2,3,1,0,38
58,11,2,3,1,0,10
28,13,4,12,0,0,38
35,9,2,2,1,0,38
28,10,2,2,1,0,10
50,9,2,9,1,0,38
55,9,2,4,1,0,38
46,13,2,3,1,0,38
45,9,0,3,1,0,38
23,9,4,5,1,0,38
33,13,2,3,1,0,38
48,9,4,6,1,0,5
35,15,2,9,1,0,37
37,11,2,3,1,0,38
33,15,2,9,1,0,38
55,9,2,10,1,0,38
29,13,4,0,0,0,38
51,7,2,2,1,0,38
45,14,2,3,1,0,38
36,9,2,0,0,0,38
42,10,4,6,0,0,38
35,14,2,9,0,15024,38
38,9,2,3,1,0,38
36,13,2,3,1,0,38
56,14,2,9,1,0,38
30,10,2,11,1,0,38
27,14,4,6,0,0,38
25,13,4,9,1,0,38
51,3,2,2,1,0,38
25,9,4,3,1,0,38
48,12,2,3,1,0,38
59,7,0,4,1,0,38
49,11,0,9,0,0,38
49,9,2,6,1,0,38
29,13,2,0,1,0,38
24,9,4,5,1,0,38
56,9,0,7,0,0,22
33,13,2,3,1,0,38
49,5,5,5,1,0,38
45,13,0,9,1,0,9
47,9,2,4,1,0,38
60,9,0,10,1,0,38
23,9,4,7,1,0,12
45,13,2,9,1,0,38
29,13,4,12,1,0,38
21,10,4,0,1,0,38
55,4,2,4,1,0,38
31,9,2,6,0,0,38
51,9,2,10,1,0,38
34,15,2,9,1,0,38
44,9,2,0,1,0,38
39,13,2,3,1,0,38
29,14,2,9,1,0,38
34,9,4,0,0,0,38
37,9,3,4,1,0,25
33,13,4,9,0,0,38
37,12,2,3,0,7688,38
63,13,2,4,1,0,38
57,14,0,3,1,0,38
23,10,4,11,1,0,38
54,10,2,11,1,0,38
25,13,4,2,1,0,38
48,9,2,10,1,0,38
77,12,2,3,1,0,38
27,11,0,6,1,0,38
31,9,0,6,1,0,38
50,14,2,2,1,0,38
20,10,4,7,1,0,38
60,9,1,3,1,8614,38
53,4,2,13,1,0,38
44,9,2,0,1,0,38
33,10,5,0,1,0,38
40,10,0,0,0,914,38
45,5,2,13,1,0,38
39,9,2,5,1,0,38
47,9,2,6,1,0,38
49,14,2,9,1,7298,38
44,16,3,9,0,0,38
31,9,2,6,1,0,38
39,9,2,13,1,7298,38
32,10,4,10,0,3887,38
60,12,2,2,1,5178,38
37,11,2,2,1,0,38
51,13,2,3,0,0,38
44,12,5,2,0,0,38
42,10,2,3,1,0,38
33,5,5,0,1,0,38
25,13,2,1,1,0,38
34,13,2,3,1,0,38
51,10,2,13,1,3908,38
64,9,2,3,1,0,38
59,9,2,2,1,0,38
27,9,2,13,1,3908,38
38,9,2,2,1,0,38
46,13,2,11,1,0,38
33,12,2,2,1,4386,32
45,11,2,6,1,0,38
43,13,0,3,1,0,10
56,10,0,11,0,0,38
26,9,4,6,1,0,38
25,7,4,0,1,0,38
33,9,2,6,1,0,38
51,15,2,9,1,0,38
52,9,2,6,1,0,38
18,10,4,0,0,0,0
33,10,0,11,1,0,38
54,16,2,9,1,0,38
33,13,0,11,0,0,38
37,9,2,2,0,15024,38
23,9,2,6,0,3942,38
45,12,2,0,1,0,38
60,10,2,2,1,0,38
59,13,2,3,1,0,38
52,15,2,9,0,99999,38
38,12,2,11,1,0,38
61,13,2,3,1,0,10
40,13,0,10,1,0,38
47,10,2,3,0,0,38
22,10,4,12,0,0,38
45,13,2,3,1,7298,38
52,14,2,9,1,0,38
29,9,3,7,0,0,3
42,10,2,9,1,0,38
46,12,2,0,1,0,29
37,9,2,2,1,0,38
63,9,2,3,1,0,38
27,15,2,9,0,0,38
50,14,2,9,0,0,38
52,9,2,2,1,0,38
32,9,2,2,1,99999,38
54,9,2,2,1,0,38
31,9,0,10,1,0,38
29,11,0,7,0,0,3
24,11,4,12,1,0,38
50,3,2,6,0,0,29
35,9,2,6,1,2885,38
58,11,2,2,1,0,38
36,16,2,9,1,0,38
48,10,2,9,1,0,38
19,10,4,7,0,0,38
32,12,2,3,0,0,38
54,14,0,9,0,0,38
61,9,2,3,1,0,38
21,12,4,9,0,0,38
23,9,4,12,1,0,38
43,13,0,4,1,0,38
17,6,4,10,0,0,38
21,9,2,8,0,0,25
37,12,2,11,1,0,38
42,9,2,3,1,0,38
36,9,2,2,1,0,38
59,9,2,2,1,0,38
42,9,0,2,0,0,38
39,9,4,6,1,0,38
48,13,2,0,1,0,38
45,10,2,9,1,0,38
24,3,4,6,1,0,25
44,13,2,9,1,15023,20
32,10,2,11,1,0,38
29,13,4,9,0,14344,38
51,9,0,9,1,0,38
40,13,2,9,0,0,38
39,10,2,6,1,0,38
64,13,0,0,0,0,38
47,14,0,3,1,99999,38
26,13,4,0,0,0,38
43,14,2,9,1,0,38
42,9,5,0,1,0,38
43,13,2,3,1,7688,38
61,14,2,6,1,0,8
26,9,2,13,1,0,38
37,9,2,4,1,0,38
42,12,2,2,1,0,38
25,10,2,10,1,0,38
52,14,2,11,1,0,38
32,11,2,5,1,0,38
23,9,4,7,1,0,38
46,13,2,3,1,0,38
31,13,2,1,1,7298,38
48,9,0,0,0,0,38
53,14,2,3,1,0,38
38,8,2,1,1,7688,38
43,13,2,3,1,99999,38
30,9,2,0,1,0,38
49,14,2,9,1,0,38
56,13,2,9,0,0,38
47,14,2,3,1,0,38
19,11,4,0,0,0,38
52,13,2,3,1,0,38
51,14,2,3,1,0,38
56,4,0,13,1,0,38
48,14,0,11,1,0,38
50,15,2,9,1,0,38
39,9,2,13,1,0,38
40,13,2,9,1,0,38
31,13,4,12,1,0,38
40,13,2,9,1,0,38
49,9,2,0,0,0,38
64,16,2,9,1,0,3
37,10,4,3,0,0,38
45,10,0,12,0,0,37
21,10,4,0,0,0,38
34,13,2,2,1,0,38
26,9,4,5,1,0,38
41,9,2,6,1,0,38
56,14,2,9,1,0,38
27,14,2,9,1,0,16
46,13,0,9,0,0,38
34,10,2,4,1,0,38
20,10,4,0,0,0,38
47,13,2,11,1,0,38
54,10,4,12,1,0,38
44,13,2,11,1,0,38
51,10,2,3,1,0,38
32,9,2,3,1,0,38
58,10,2,3,1,0,38
30,11,2,11,1,0,38
29,9,2,6,1,0,38
40,13,2,3,1,15024,38
50,13,0,10,0,0,38
46,11,2,2,1,0,0
32,10,2,3,1,0,38
35,13,4,0,0,0,38
41,14,2,3,1,0,38
29,11,2,5,1,0,38
25,9,2,2,1,0,38
19,10,4,5,1,0,38
20,10,4,13,1,0,38
36,9,2,5,1,0,38
21,9,2,2,1,0,38
27,9,2,7,1,0,38
20,9,4,2,1,0,38
36,14,2,3,1,0,38
36,9,2,0,1,0,38
33,10,4,0,0,0,38
46,12,2,3,1,15024,38
60,10,0,2,1,0,38
40,9,2,3,0,0,38
44,10,0,11,1,0,38
49,6,5,7,0,0,38
54,10,2,11,1,0,38
56,9,2,13,1,0,38
44,14,2,9,1,0,38
39,9,0,7,0,6849,38
40,13,3,9,0,2174,38
53,13,2,2,1,0,38
54,13,2,3,1,0,38
44,10,2,3,1,0,38
45,13,2,11,1,0,38
50,13,2,11,1,0,38
42,12,0,9,0,14344,38
55,9,4,11,1,0,38
51,9,2,0,1,0,38
50,9,0,2,1,0,38
35,15,2,11,1,0,2
37,7,4,4,1,0,38
36,13,2,3,0,0,38
63,9,2,5,1,0,38
36,10,0,3,0,0,38
21,7,3,5,1,0,5
43,10,3,0,0,0,38
33,10,4,7,1,0,38
28,13,2,11,1,0,38
49,16,4,3,0,0,38
34,9,2,5,0,0,38
53,9,4,2,1,0,38
51,9,4,0,0,0,38
50,14,2,11,1,0,38
24,9,4,2,1,594,38
41,14,2,3,1,0,38
52,9,2,6,1,0,38
38,13,2,11,1,0,38
39,9,2,2,1,0,38
50,9,2,5,1,0,38
32,13,2,11,1,0,32
54,10,2,11,1,0,38
35,10,2,4,1,0,25
39,12,2,2,1,3103,15
32,10,2,5,1,0,25
41,14,0,3,0,0,38
51,11,4,3,0,0,38
35,13,2,9,1,0,38
32,13,2,3,1,0,38
46,10,0,6,0,0,38
23,7,4,0,1,0,38
36,12,2,3,0,0,38
23,13,4,0,0,0,38
50,9,6,12,0,0,38
17,4,4,4,1,0,25
45,13,2,9,1,0,38
43,13,2,0,1,0,38
25,9,4,11,0,0,38
41,9,5,0,0,0,38
46,16,2,9,0,0,38
33,13,2,0,1,0,38
30,10,4,2,1,0,38
39,14,2,9,1,0,38
42,13,2,9,1,0,38
34,13,2,3,1,0,38
46,6,2,13,1,0,38
23,13,4,3,0,0,38
23,10,4,10,1,0,25
44,11,2,2,1,0,38
49,9,2,10,1,0,38
24,9,0,3,0,0,38
30,13,2,8,1,0,18
31,14,4,12,1,0,38
21,10,4,0,0,0,38
53,14,0,9,0,0,38
47,12,2,13,1,0,38
45,12,2,3,1,4386,38
49,11,2,2,1,0,38
63,13,2,9,1,15024,38
35,10,2,5,1,0,38
34,13,2,9,1,0,25
48,10,2,9,1,0,38
61,10,2,0,1,0,38
53,9,2,6,1,0,38
30,7,4,0,0,0,38
55,9,2,5,1,0,38
20,9,2,2,1,0,38
43,9,2,5,1,3908,38
38,9,0,6,1,0,38
33,13,2,4,1,0,8
25,11,4,0,0,4865,38
55,9,0,11,0,0,38
53,5,2,2,1,0,38
54,9,2,2,1,3103,28
55,14,2,3,1,0,38
46,15,0,9,1,0,38
37,13,5,12,1,0,29
32,13,2,11,1,0,38
25,10,4,7,0,0,38
48,9,2,3,0,0,38
34,9,2,6,0,0,38
28,13,4,0,1,0,38
54,10,0,0,0,0,38
54,10,2,2,0,0,38
52,9,0,0,0,0,4
24,9,4,11,1,0,38
37,14,2,3,1,15024,38
40,10,2,3,1,0,38
47,13,2,9,1,0,38
31,8,2,7,0,0,38
41,10,2,3,1,0,38
45,15,2,9,1,0,38
55,10,0,0,0,0,38
45,13,2,11,1,0,38
52,13,2,11,1,15024,38
29,12,4,9,1,0,38
39,9,2,0,0,0,38
24,11,4,6,1,0,38
45,10,2,2,1,0,38
29,13,2,12,1,0,38
59,7,2,2,1,0,38
30,13,4,9,1,0,38
55,10,2,2,1,0,38
24,9,4,0,0,0,38
44,10,0,6,1,0,38
51,7,0,13,1,0,38
54,9,2,2,1,0,38
39,9,2,0,1,0,38
40,13,2,11,1,0,38
41,13,2,12,1,0,38
61,13,0,0,0,0,38
57,9,2,2,1,0,38
31,12,0,3,1,0,38
29,9,4,2,1,0,38
48,13,2,3,1,0,38
22,9,4,12,0,0,38
41,10,2,11,1,0,38
40,13,2,3,1,0,38
40,13,5,0,1,0,38
25,13,2,9,1,0,38
38,9,2,11,1,3103,38
32,10,0,6,0,0,38
39,10,0,5,1,0,38
30,9,5,0,0,0,38
47,9,2,0,1,0,38
45,10,2,11,1,0,38
41,13,2,9,1,0,38
28,9,2,2,1,0,38
38,9,0,2,1,0,38
48,10,2,2,1,0,38
38,9,0,0,0,0,38
37,9,2,2,1,0,38
46,4,0,3,1,0,38
33,12,2,9,1,0,38
33,16,2,9,1,0,38
42,13,2,3,1,15024,38
37,11,4,0,0,4101,38
28,12,2,3,1,7688,38
40,13,1,9,1,7298,38
22,9,4,13,1,0,38
32,13,2,6,1,0,38
37,5,2,5,1,0,38
34,10,0,0,0,0,38
32,4,2,7,1,0,38
51,4,6,6,0,0,38
36,9,0,9,0,0,38
26,9,4,7,1,0,25
60,9,2,9,1,5013,38
60,9,0,6,1,4650,38
54,11,2,10,1,0,38
32,10,4,0,1,0,38
60,10,2,10,1,0,38
52,11,2,2,1,0,38
31,14,2,9,0,0,38
51,9,0,2,1,0,38
33,13,4,11,0,0,38
33,13,2,3,0,0,38
23,10,4,5,1,0,38
43,10,2,2,1,0,38
26,9,2,3,1,0,38
47,10,2,9,1,7688,38
41,13,2,3,1,0,38
52,10,2,11,1,0,38
39,12,0,9,0,0,38
24,9,4,5,1,0,38
47,10,2,2,1,0,38
49,13,2,3,1,0,38
25,8,2,2,1,0,38
32,7,4,8,0,0,38
55,14,2,9,0,0,38
27,9,2,5,1,0,38
61,9,2,3,1,0,38
26,9,4,3,0,0,38
33,9,0,0,0,0,38
45,13,2,13,1,0,38
45,9,2,5,1,0,38
36,14,2,11,1,0,38
32,9,2,11,1,0,38
55,14,1,3,1,0,38
51,5,2,2,1,0,38
40,13,2,1,1,7298,38
44,4,2,2,1,0,38
30,9,4,2,1,0,38
29,11,4,3,0,0,38
30,9,2,0,1,0,38
32,10,4,7,1,0,38
40,13,2,2,1,7688,38
40,9,2,3,0,0,38
34,7,0,2,1,0,38
39,10,2,10,1,0,38
26,12,4,12,1,0,38
36,13,2,3,1,7688,38
40,13,2,3,1,0,38
48,13,2,9,0,0,38
37,3,5,7,0,0,25
58,10,2,2,1,0,38
39,12,2,3,1,0,38
33,10,2,5,1,0,38
44,11,5,2,0,0,38
36,14,2,9,0,0,38
24,13,2,9,1,0,38
48,9,2,2,1,0,38
22,10,4,0,1,0,38
36,9,2,2,1,0,38
57,9,2,11,1,0,38
42,9,4,0,0,0,38
21,9,0,11,0,0,38
37,13,2,3,1,5178,38
25,10,2,10,1,3137,38
54,9,2,11,1,0,38
46,9,2,6,1,0,38
56,13,2,9,1,7688,38
35,9,2,10,1,0,38
65,9,0,0,0,0,38
32,9,4,2,1,0,38
37,12,3,0,0,0,21
41,8,2,5,1,0,38
43,10,2,3,1,0,38
46,11,2,9,1,7688,38
31,9,4,11,0,0,38
40,9,2,0,0,0,38
46,13,0,9,0,0,38
48,14,2,9,1,15024,38
61,15,2,9,1,0,38
34,13,2,9,1,0,38
50,13,0,3,0,0,38
54,13,2,8,1,7298,38
54,14,2,9,1,0,38
33,9,4,0,1,0,38
27,11,0,0,0,0,38
25,9,4,0,0,0,38
21,9,4,7,0,0,38
38,13,4,0,1,0,38
58,9,2,3,1,0,38
57,9,4,3,1,0,38
47,9,2,2,1,0,38
25,8,2,7,0,0,38
31,12,2,0,0,0,38
49,4,2,6,1,0,38
36,10,4,7,1,0,38
49,9,2,3,1,7298,38
23,13,4,9,1,10520,38
45,10,2,0,1,0,38
49,9,2,2,1,0,38
42,14,2,3,1,0,38
72,7,0,7,0,0,38
33,11,0,2,0,0,38
22,10,4,0,0,0,38
28,9,5,0,0,5721,38
26,10,4,11,1,0,38
38,10,0,5,0,0,38
60,6,0,7,0,0,38
52,9,2,10,1,0,38
34,9,4,7,0,0,38
23,13,4,11,1,0,38
61,9,2,12,1,0,38
67,11,1,7,0,7896,38
36,4,2,2,1,0,38
39,13,2,9,1,0,1
27,10,4,0,0,0,38
31,10,4,0,1,0,38
27,9,2,3,0,0,27
24,12,2,0,0,0,38
22,6,0,2,1,0,38
23,1,4,7,0,0,24
36,13,2,9,1,0,38
25,9,4,0,0,0,38
43,13,2,3,1,3103,38
63,14,0,9,1,0,38
43,10,0,2,1,0,38
37,9,4,6,1,0,38
32,10,4,3,1,0,38
42,13,2,3,1,5178,38
35,10,2,11,1,0,38
35,9,0,11,0,0,38
37,9,2,2,1,0,38
51,10,2,11,1,0,38
35,13,4,3,0,2977,38
25,13,4,9,1,0,35
27,13,4,3,1,0,38
53,13,2,9,1,0,38
54,9,2,13,1,7688,38
28,13,2,9,0,0,38
25,9,2,2,1,0,38
34,10,4,10,1,0,38
45,5,5,7,0,0,37
49,9,0,3,1,0,38
45,13,0,7,1,0,38
41,3,2,4,0,0,25
38,9,2,2,1,0,38
37,9,0,4,1,27828,38
43,9,2,3,1,0,38
45,13,2,3,1,0,18
36,9,4,13,1,0,38
42,7,2,4,1,0,38
30,5,4,11,1,0,38
30,9,2,6,1,0,38
62,13,2,3,1,0,38
39,11,2,6,1,5178,38
52,13,2,3,1,0,38
24,10,2,7,0,0,38
51,9,2,6,1,0,38
55,9,2,2,1,0,38
51,12,2,2,1,99999,38
25,9,4,12,1,0,38
46,10,2,3,1,0,38
73,4,2,4,1,0,38
36,2,2,5,1,0,21
38,11,2,5,1,5178,38
37,11,2,9,0,0,38
28,13,2,9,1,0,38
23,13,4,7,0,0,38
48,12,2,9,1,0,38
24,9,4,4,1,0,38
37,13,2,3,0,7688,38
23,10,3,10,1,0,38
62,10,6,0,0,0,38
44,12,2,9,1,0,38
51,13,0,0,0,0,38
54,10,2,2,1,0,38
33,13,4,11,0,0,38
26,10,2,11,1,0,38
44,7,2,11,1,0,38
54,10,2,11,1,0,38
44,9,0,0,0,0,38
23,11,4,13,1,0,34
38,3,2,11,1,0,25
28,13,4,6,1,0,38
31,9,4,7,0,0,38
31,9,5,7,1,0,38
48,13,0,11,1,0,38
36,9,2,9,1,0,0
31,13,2,8,1,0,38
31,10,2,2,1,0,38
36,13,2,9,1,0,38
34,13,2,13,1,0,38
69,12,2,3,1,9386,38
36,12,2,2,1,0,38
39,13,4,11,1,0,10
55,7,6,5,0,0,38
39,10,2,0,1,0,38
29,9,2,6,1,0,38
52,9,6,2,1,0,38
45,10,2,6,1,0,38
32,9,2,4,1,0,21
46,9,2,6,1,0,0
32,9,2,13,1,0,38
36,14,2,9,1,0,38
54,9,2,2,1,0,11
69,10,2,7,1,0,38
39,13,2,3,1,15024,38
56,9,2,0,1,0,38
49,11,3,5,1,0,38
58,6,2,13,1,0,38
58,5,2,4,1,0,38
43,13,2,6,0,0,38
43,10,0,0,0,0,38
48,14,2,3,1,0,38
47,10,2,3,1,0,38
34,10,2,3,0,0,38
28,13,2,9,1,0,38
52,9,2,13,1,0,38
35,7,4,11,1,0,38
20,10,2,11,1,0,38
31,9,4,6,0,0,38
44,11,2,12,1,0,38
29,9,2,6,1,0,38
43,10,0,2,1,0,38
28,11,5,0,0,0,25
34,11,0,0,0,0,38
25,9,4,5,1,0,38
44,10,2,9,1,0,38
45,15,4,9,1,0,38
56,10,2,2,1,0,38
58,7,2,2,1,0,38
28,10,2,3,1,0,29
38,13,2,9,1,0,38
50,9,2,13,1,0,38
34,9,0,7,0,0,38
50,13,2,9,1,0,38
28,9,4,2,1,0,38
50,10,0,7,0,0,38
61,4,6,0,0,0,38
36,13,2,11,1,0,38
55,6,2,2,1,0,38
45,9,2,3,1,0,38
42,10,0,11,1,0,38
38,8,2,11,1,0,26
24,9,4,7,0,0,38
51,7,5,7,0,0,22
26,10,0,0,0,0,38
19,8,5,9,0,1055,38
44,9,3,7,0,0,22
46,13,2,9,0,7688,38
56,10,2,6,1,0,38
46,12,2,3,1,0,38
52,9,2,3,1,99999,23
57,9,6,12,0,0,38
34,13,3,6,1,0,38
41,10,2,9,1,0,38
46,9,2,13,1,0,38
41,10,2,11,1,0,38
63,13,2,11,1,10605,38
62,10,4,0,0,0,38
43,3,2,6,0,0,39
24,13,4,11,1,0,38
33,14,2,9,0,0,2
55,14,2,3,1,0,38
56,10,1,2,0,9404,38
43,9,4,2,1,0,38
32,9,2,13,1,0,38
45,13,0,8,0,0,38
58,14,2,9,1,0,38
32,9,0,6,1,0,38
35,10,2,9,1,0,38
42,10,0,13,1,0,38
39,14,4,9,0,0,38
29,10,2,12,0,0,2
35,9,2,6,1,5178,38
39,7,2,2,1,0,38
27,13,2,11,1,0,38
22,3,4,5,1,0,12
37,9,2,7,1,0,38
41,9,2,11,1,0,38
41,9,2,11,1,0,38
58,5,5,2,1,0,38
41,10,5,0,0,0,38
29,9,2,6,1,0,38
61,9,2,3,1,0,38
25,13,4,9,0,0,38
66,13,2,9,1,20051,36
57,9,2,11,1,0,4
28,9,2,2,1,0,1
55,9,0,2,0,0,38
36,13,2,1,1,0,23
20,10,4,5,1,0,38
50,9,5,7,0,0,38
20,5,2,6,1,0,38
63,10,2,6,1,0,38
52,13,0,4,1,0,38
36,13,2,9,1,0,38
35,10,2,2,1,2407,38
26,9,2,2,1,0,25
33,13,2,0,1,0,18
45,9,2,5,1,0,38
21,6,4,5,1,0,38
59,13,1,9,1,0,38
53,9,6,6,1,6849,38
64,13,0,12,1,0,38
64,9,6,3,1,0,38
68,16,2,9,1,0,1
33,9,4,7,0,1055,38
25,13,4,9,1,0,38
47,7,0,0,0,0,38
45,9,2,13,1,0,38
44,13,2,3,1,0,38
47,14,4,9,0,0,38
36,10,0,2,1,0,38
43,14,2,3,1,0,38
47,13,2,3,1,0,38
42,15,2,9,1,0,38
29,13,4,3,0,0,38
23,9,4,8,0,0,12
24,11,2,13,1,0,38
49,10,2,3,1,0,38
43,9,2,6,1,0,38
31,9,4,2,1,0,38
33,9,2,2,1,0,38
42,9,2,11,1,0,38
37,10,2,11,0,7298,38
45,9,0,7,0,0,38
42,11,2,3,0,7298,38
38,12,2,5,0,10520,38
50,9,2,6,1,0,38
57,10,5,11,0,0,38
59,13,2,9,1,0,38
29,13,4,4,1,0,38
31,4,4,6,0,0,25
44,9,2,2,1,0,13
55,8,2,0,1,6418,38
25,9,4,7,1,0,38
31,9,4,0,1,0,38
53,9,2,3,1,0,38
61,9,2,3,1,0,38
47,10,2,2,1,0,38
45,14,0,2,1,0,38
37,10,2,11,1,0,38
41,12,2,3,1,0,38
27,10,2,3,0,0,38
60,9,0,3,0,10520,38
32,13,2,9,1,0,38
64,10,4,0,0,0,38
66,9,2,3,1,0,38
51,14,2,9,1,0,38
40,8,2,2,1,0,38
35,9,4,7,0,0,38
36,9,2,2,1,0,38
43,13,3,11,0,0,38
47,13,2,9,1,0,38
27,10,4,6,0,0,38
43,10,2,0,1,0,38
59,13,2,9,1,5013,38
36,9,4,3,0,0,38
31,7,4,2,1,0,38
28,9,2,0,1,0,38
32,15,4,11,0,13550,38
66,9,2,11,1,0,38
54,13,0,3,0,0,38
30,9,4,5,1,0,38
48,11,0,7,0,0,38
34,13,4,0,1,0,38
47,10,0,11,0,0,38
47,9,2,13,1,0,38
64,9,2,3,1,0,38
37,13,4,9,1,0,38
31,9,2,9,1,0,38
31,13,2,0,1,7298,38
32,9,4,7,0,0,38
32,9,2,11,1,7298,38
25,12,4,9,0,0,38
24,7,4,2,1,0,38
60,3,2,4,1,0,38
45,9,2,2,1,7298,38
27,9,4,6,1,0,38
33,13,5,11,0,0,38
21,9,4,11,0,0,38
32,13,2,11,1,0,38
37,12,2,9,1,0,38
34,14,2,9,1,0,38
56,13,2,9,1,0,38
41,12,2,12,1,0,38
54,2,5,8,0,0,25
57,10,2,3,1,0,38
46,10,2,12,1,3103,38
40,9,0,0,0,0,38
42,10,4,3,0,0,38
33,10,2,5,1,0,38
34,9,1,7,0,0,38
56,13,6,9,0,0,38
54,9,2,9,1,0,38
20,9,4,0,0,0,38
35,13,4,12,0,4650,38
59,9,6,0,0,0,38
51,13,2,0,1,0,38
63,10,2,0,1,0,38
22,9,2,3,1,0,38
41,14,2,3,1,0,38
28,13,2,9,1,0,38
44,13,0,8,0,4934,38
23,9,4,13,1,0,38
20,9,4,0,0,0,38
46,13,2,11,1,0,38
45,15,2,3,1,7688,38
35,11,1,2,1,27828,38
46,1,2,6,0,0,25
36,13,2,9,1,0,38
47,11,2,7,1,7688,17
23,13,4,0,0,0,38
52,13,2,9,1,0,38
40,6,0,6,0,0,38
37,10,2,2,1,0,38
37,13,2,0,1,0,38
49,10,2,2,1,0,38
45,14,2,9,0,0,38
49,13,2,11,1,0,38
26,9,4,2,1,0,38
44,11,2,2,1,0,38
24,10,4,7,1,0,38
46,13,2,9,1,0,38
33,9,2,3,1,7298,38
24,9,4,7,0,0,38
28,6,4,5,1,0,38
25,7,5,6,1,0,38
55,9,0,7,0,0,38
36,12,2,3,0,0,38
45,14,2,7,1,0,38
23,2,4,4,1,0,25
37,9,2,6,1,0,38
56,6,4,5,1,0,38
38,13,2,2,0,0,22
35,10,4,12,0,0,38
48,10,2,3,1,0,38
36,8,2,2,1,0,25
27,3,4,5,1,0,12
44,14,2,0,1,0,38
32,9,2,11,1,0,38
44,9,2,3,1,0,38
27,9,2,7,1,0,38
38,12,0,2,1,0,38
38,11,2,2,0,15024,38
40,13,2,11,0,0,38
22,9,4,0,0,0,38
46,13,2,3,1,7688,38
48,9,2,7,1,0,38
45,11,2,3,0,0,38
34,10,2,3,1,0,38
29,9,4,0,1,0,25
36,12,2,9,0,99999,38
19,9,4,5,1,0,38
61,14,5,9,0,0,38
19,9,4,0,1,0,38
31,9,2,2,1,0,38
37,13,2,12,1,0,38
64,10,2,7,1,0,38
52,13,2,9,1,0,38
31,9,2,7,1,0,25
33,14,0,3,0,14084,38
19,9,4,2,1,0,38
36,13,4,3,1,0,38
58,9,2,0,1,0,38
56,6,2,11,1,0,38
51,9,2,0,0,0,38
40,11,2,13,1,2829,38
27,12,4,0,0,0,10
34,10,2,3,0,0,38
22,9,4,5,1,0,38
21,9,4,6,1,0,38
27,13,4,0,0,0,24
48,10,2,11,1,0,38
56,9,2,0,1,0,38
41,10,6,0,0,0,38
34,13,2,3,1,0,38
37,9,0,7,0,0,38
22,9,4,2,1,0,38
46,9,2,0,0,0,38
55,9,2,11,1,0,38
38,11,4,3,0,0,38
35,10,2,2,1,0,38
63,9,2,6,1,0,38
44,9,4,11,0,0,38
59,14,0,9,1,0,38
54,10,2,10,1,0,38
47,15,2,9,1,99999,38
40,9,2,2,0,7298,38
51,14,2,11,1,0,38
52,15,2,9,0,99999,38
41,10,2,3,1,0,38
44,13,2,9,1,0,38
42,14,2,9,1,7298,38
54,11,6,3,0,0,38
38,12,2,0,0,7688,38
52,9,2,0,1,0,38
38,4,2,4,1,0,38
40,11,2,2,1,0,38
26,12,4,11,1,0,38
37,13,2,6,1,0,38
31,9,2,2,1,0,38
30,10,0,10,0,0,38
38,14,4,9,1,0,38
24,9,2,5,1,4386,38
44,4,0,5,1,0,38
39,9,5,3,1,14344,38
39,13,4,9,0,0,29
70,9,2,11,1,3432,38
20,9,4,5,1,0,38
58,6,2,13,1,0,38
55,6,2,6,1,0,38
22,7,4,2,1,0,38
46,15,2,9,1,15024,38
31,9,2,2,1,0,38
29,9,2,4,0,0,24
58,7,0,2,0,14084,38
32,10,2,10,1,0,38
54,9,6,0,0,0,38
51,9,0,2,0,0,38
35,9,2,2,1,0,38
40,9,0,2,1,0,38
26,9,2,11,1,0,38
58,9,2,2,1,0,38
37,9,2,2,1,0,38
38,11,2,2,1,0,38
52,13,5,3,0,0,38
25,13,4,0,0,0,38
53,4,2,13,1,0,38
32,13,2,2,1,0,1
53,14,2,3,1,0,38
62,9,0,3,1,0,38
44,11,2,2,1,0,38
21,10,4,11,1,0,38
30,13,2,3,1,0,38
42,15,2,9,1,0,38
50,15,2,9,1,0,38
73,10,2,3,1,0,38
30,13,4,9,1,14084,38
37,4,0,3,1,0,38
43,9,3,4,1,0,38
43,14,2,9,1,0,38
32,9,2,13,1,0,38
51,10,1,3,0,0,38
30,10,2,11,1,0,38
45,15,2,9,1,15024,38
45,9,2,11,1,0,38
24,7,4,13,1,0,38
54,9,0,0,0,0,38
46,13,2,3,1,15024,38
46,11,0,11,0,0,38
44,13,1,11,1,0,38
56,9,2,6,0,0,21
67,16,4,9,0,7896,38
28,9,3,6,1,0,29
60,5,0,0,1,0,38
46,11,2,0,1,5178,38
54,9,2,2,1,0,38
34,9,2,3,1,0,38
27,6,4,7,1,0,38
20,10,4,2,1,0,38
24,13,4,12,0,3674,38
40,9,0,2,0,0,39
37,14,4,3,1,0,38
27,11,0,11,0,0,38
28,4,0,7,0,0,38
26,10,4,2,1,0,38
27,9,2,2,1,0,38
17,6,4,4,1,0,38
62,9,2,11,0,0,38
40,15,2,9,1,15024,38
36,9,4,0,0,4865,38
33,13,2,12,1,0,38
57,5,2,7,1,0,38
45,9,2,0,1,0,38
29,9,4,3,1,0,38
37,9,0,11,0,0,38
39,9,4,2,1,0,38
34,9,2,3,0,0,38
45,14,2,9,1,0,38
24,9,4,6,1,0,38
37,13,4,3,1,0,38
36,9,2,13,1,0,38
24,13,2,3,1,0,38
43,13,0,3,0,0,38
48,15,2,9,1,99999,38
38,13,2,9,1,0,38
28,14,4,9,0,0,38
35,15,2,9,1,0,38
61,10,3,0,1,0,38
46,7,6,0,0,0,38
52,13,5,0,0,0,38
62,9,2,7,1,0,38
39,9,2,6,1,0,38
23,9,4,13,1,0,38
27,13,2,9,0,0,38
49,14,2,0,1,0,38
45,10,2,13,1,0,38
43,10,2,0,1,0,38
35,12,2,10,1,0,38
46,11,2,12,1,0,38
45,13,0,9,0,0,38
35,13,2,3,1,0,38
42,4,2,2,1,0,38
24,6,4,11,1,0,7
19,10,4,0,1,0,38
31,10,2,0,1,0,38
43,13,2,6,1,0,38
53,13,4,9,0,0,38
50,13,3,4,0,4787,38
28,10,2,0,1,0,38
34,10,0,0,0,0,38
35,14,2,3,1,3103,18
26,13,4,0,1,0,38
45,9,0,3,0,0,38
49,10,2,11,1,7688,38
25,9,4,0,0,0,25
25,10,3,11,1,0,38
84,10,2,11,1,0,38
35,9,0,3,0,0,38
25,10,4,13,1,0,38
44,15,2,9,1,99999,38
29,14,2,9,0,0,38
38,9,2,2,1,0,38
38,13,2,9,1,7688,38
19,9,4,11,1,0,38
59,13,2,3,1,0,38
25,9,0,7,1,2597,38
38,10,2,2,0,0,30
55,9,2,11,1,0,38
38,13,2,11,1,7298,38
33,9,2,6,1,0,38
43,10,2,10,1,7298,38
46,13,4,7,1,0,38
60,13,2,3,1,0,38
41,9,2,11,0,0,38
37,9,2,3,1,0,38
48,13,2,3,1,0,38
44,13,2,9,1,0,38
39,13,4,9,1,0,38
46,13,2,11,1,0,38
59,10,2,11,1,0,38
34,13,2,3,1,0,38
60,10,2,3,1,15024,38
36,9,0,9,0,0,38
54,13,2,11,1,0,38
42,13,2,11,1,0,38
35,15,2,9,1,7298,38
30,10,2,12,0,0,38
35,9,2,0,1,0,38
31,9,2,2,1,0,38
28,12,2,0,0,0,38
46,13,2,3,1,0,4
39,13,2,3,1,0,38
43,10,0,0,0,0,38
31,14,4,3,1,0,38
45,14,2,9,1,0,38
48,16,2,9,0,0,38
27,14,4,0,0,0,38
36,12,4,0,0,0,22
26,13,2,0,0,0,38
24,10,2,7,0,0,38
29,13,4,2,1,0,38
57,9,2,3,1,0,38
62,14,0,9,0,0,38
48,10,2,2,1,0,10
60,9,4,4,1,0,38
36,11,2,0,0,0,38
29,9,2,6,1,0,38
41,9,2,3,1,0,38
23,13,4,3,0,0,38
42,13,2,11,1,0,38
26,9,4,2,1,0,38
43,10,4,7,1,2174,38
59,12,0,2,0,0,17
52,8,2,3,0,0,38
62,13,2,3,1,0,38
49,13,2,2,1,0,38
27,9,4,7,0,0,38
61,9,2,9,1,0,38
23,9,2,2,1,0,38
46,12,2,2,1,0,1
54,11,2,12,1,7688,38
37,9,2,7,1,0,38
26,10,4,0,0,0,38
68,9,2,3,1,9386,38
28,10,2,5,1,0,25
34,9,5,7,0,0,38
20,9,4,0,0,0,38
40,10,2,2,1,7298,38
49,9,2,11,1,0,38
39,9,4,6,1,0,38
60,13,2,0,1,0,38
29,9,2,2,1,0,38
53,9,2,0,1,0,38
45,9,0,0,0,0,38
47,9,2,13,1,0,38
41,12,2,9,1,0,38
38,13,2,3,1,0,4
38,9,0,0,0,0,38
72,16,2,3,1,0,38
25,1,4,4,1,0,25
34,13,2,11,1,0,38
49,13,2,0,1,5178,38
34,10,2,3,0,0,31
29,12,2,12,0,0,38
20,10,4,0,0,0,38
42,14,2,0,1,0,38
51,13,2,9,1,0,1
52,10,2,3,1,0,38
42,9,2,2,1,5178,38
34,9,2,3,1,0,38
54,1,2,2,1,0,2
43,13,0,12,1,0,38
49,13,0,11,0,0,38
59,6,2,2,1,0,38
25,13,4,9,1,0,38
34,6,2,2,1,0,38
27,13,5,9,1,0,29
32,9,4,2,1,0,38
58,14,2,9,1,0,38
39,7,0,2,1,0,38
28,13,4,0,0,0,38
44,13,2,3,1,7688,38
43,10,0,13,1,0,38
39,13,2,11,1,0,38
35,13,4,9,1,0,38
36,10,2,3,1,0,38
27,9,4,6,1,0,38
19,10,4,7,0,0,38
39,11,2,2,1,0,38
31,6,2,13,1,0,38
44,10,2,7,0,0,38
62,9,6,4,0,0,38
57,13,2,9,1,0,38
50,9,2,2,1,0,38
46,13,2,9,1,0,38
53,9,2,2,1,0,32
39,9,2,11,1,0,38
39,9,2,11,1,0,38
29,9,2,6,1,0,38
47,7,0,7,0,0,38
36,16,2,9,1,0,38
43,9,4,0,0,0,38
42,10,2,9,1,0,38
42,10,2,11,1,0,38
63,13,2,9,1,0,38
51,12,2,3,1,0,38
38,10,2,3,1,0,38
42,6,2,3,1,0,38
51,7,6,5,0,0,38
27,6,4,11,1,0,38
20,9,4,7,1,0,38
38,9,4,0,0,0,38
22,13,4,9,1,0,38
26,6,5,0,1,0,38
35,9,2,13,1,0,38
44,16,2,9,1,0,38
46,10,0,2,1,0,38
60,14,2,9,1,0,5
40,14,2,3,1,15024,38
47,9,0,11,0,0,38
51,9,6,9,0,0,38
53,14,2,0,1,0,38
58,11,6,9,0,0,38
48,13,2,3,1,0,38
42,10,4,3,1,0,38
61,4,3,6,1,0,12
32,3,2,6,0,0,24
36,13,2,11,1,0,38
45,10,0,0,0,0,38
43,10,0,0,0,0,38
67,13,2,7,1,0,2
32,13,2,9,1,0,38
46,9,2,3,0,0,38
38,8,2,1,1,7688,38
50,4,2,7,0,0,38
52,9,2,2,1,0,38
35,6,4,7,0,0,38
43,13,4,9,1,0,38
43,13,0,3,0,0,38
49,10,0,0,0,0,38
60,11,6,7,0,0,38
47,13,1,3,1,0,38
26,9,4,6,0,0,3
42,13,2,9,0,0,38
49,10,2,10,1,0,38
37,10,5,0,1,0,38
36,14,4,0,1,13550,38
30,13,1,11,1,0,38
45,10,2,2,1,0,38
24,9,4,2,1,0,38
31,9,2,0,0,0,38
29,9,4,0,0,0,38
45,13,2,2,1,3103,38
52,9,2,13,1,0,38
29,13,2,3,1,0,38
27,9,2,6,1,0,38
61,9,0,0,1,4865,38
43,14,2,9,1,0,38
31,10,4,11,1,0,38
31,13,2,12,1,0,38
33,9,4,13,1,0,38
50,11,2,11,1,3103,38
39,13,2,9,0,0,38
38,15,2,9,1,0,38
41,13,2,9,1,0,38
24,13,2,6,1,0,38
23,10,4,5,1,0,38
36,9,2,13,1,0,38
48,10,2,11,1,0,38
60,13,2,4,1,0,38
36,9,2,0,0,0,38
44,11,5,9,0,0,5
33,8,4,10,1,0,38
31,4,4,2,1,0,38
36,13,2,11,1,0,38
28,13,4,3,0,0,38
28,9,0,7,1,0,38
51,4,6,7,0,0,38
59,10,0,0,0,0,38
55,13,3,9,1,4787,38
46,9,2,6,1,0,38
59,9,2,6,1,0,38
42,10,2,9,1,0,38
17,3,4,7,1,0,25
42,10,2,12,1,0,38
44,3,2,5,1,0,25
50,9,0,6,0,0,38
65,13,2,3,1,0,38
34,15,5,9,1,0,38
45,10,2,2,1,0,38
39,12,2,11,1,7688,38
34,14,2,9,1,0,38
45,9,0,11,1,5455,38
31,10,2,13,1,0,38
61,10,2,9,1,0,38
23,4,4,2,1,0,38
49,10,2,11,1,7688,38
29,9,4,13,1,0,38
26,9,2,11,1,2885,38
45,13,2,10,1,0,38
42,13,2,11,1,0,38
35,14,4,9,1,0,38
47,13,2,9,1,0,38
28,10,4,2,1,0,3
22,11,4,3,1,0,34
33,9,2,7,1,0,38
46,7,2,6,1,0,38
47,9,0,2,1,0,38
34,13,4,9,1,0,38
34,13,2,9,1,0,25
47,12,2,0,0,0,38
27,13,4,11,1,0,38
39,13,4,3,0,0,38
51,9,4,7,0,0,38
56,11,2,2,1,0,38
39,9,0,0,0,0,38
43,10,2,0,0,0,38
37,9,2,0,0,0,38
38,9,0,13,1,0,38
59,9,0,7,0,0,38
26,9,2,13,1,0,38
47,16,2,3,1,99999,38
37,13,2,3,1,5178,38
34,11,4,9,0,0,38
63,14,2,9,1,0,38
34,15,2,9,1,0,38
26,13,2,12,0,0,38
50,13,2,3,1,0,38
22,10,4,0,0,0,38
32,9,2,2,1,0,38
24,13,4,0,1,0,38
44,10,0,11,1,0,38
53,9,2,0,0,0,38
19,5,4,0,1,0,7
45,14,2,3,1,0,38
45,6,2,5,1,0,38
20,11,4,0,0,0,38
44,10,0,4,0,0,38
50,10,2,2,1,0,38
22,9,2,13,1,0,38
35,9,0,7,0,0,38
30,10,2,6,1,0,38
19,9,4,7,1,0,38
58,6,2,2,1,0,38
36,12,5,0,0,0,38
39,14,2,3,0,15024,38
35,14,3,3,1,0,38
51,9,2,6,1,0,38
42,10,2,2,1,0,38
30,13,2,9,1,0,38
25,8,4,6,1,0,38
27,9,0,0,0,0,38
24,11,4,0,0,0,38
25,9,4,7,1,0,38
50,7,4,3,1,0,38
45,14,2,9,1,15024,38
30,9,2,1,1,0,38
32,10,2,11,1,0,38
33,10,2,2,1,7298,38
45,9,0,2,1,0,38
20,9,4,0,0,0,38
38,7,2,5,1,0,38
69,13,2,3,1,0,38
42,11,4,2,1,0,38
54,9,2,11,1,0,38
30,13,2,9,1,0,38
44,10,2,13,1,0,38
32,9,2,5,1,0,38
25,9,4,13,1,0,38
39,9,3,0,0,0,38
56,13,4,9,0,0,25
51,12,0,9,0,13550,38
33,13,4,3,0,0,29
35,10,2,10,1,0,38
20,9,4,5,1,0,38
29,13,4,9,1,0,38
46,13,2,9,0,0,38
51,14,2,11,1,0,38
38,12,2,2,0,0,38
19,9,4,0,0,0,38
47,9,0,6,1,4650,38
59,9,2,6,0,0,21
36,9,0,3,0,0,38
48,10,2,3,1,0,38
28,9,5,11,0,0,38
19,9,4,2,1,0,38
34,10,2,2,1,0,38
29,9,2,3,1,15024,38
36,13,2,0,1,0,38
36,10,2,11,1,7688,38
31,9,2,4,1,0,38
32,13,2,11,1,99999,38
31,11,2,7,1,0,38
30,9,2,2,1,7688,38
24,7,4,6,0,0,38
43,9,2,0,0,0,38
29,13,4,11,1,0,38
43,13,2,3,0,0,38
28,9,2,2,1,0,38
46,13,2,12,1,0,29
39,13,4,9,1,0,38
44,9,2,3,1,0,38
28,9,4,6,1,0,0
40,9,2,0,1,2829,38
35,9,2,6,1,0,38
32,10,0,3,0,0,38
34,15,4,3,1,0,38
40,9,2,2,1,0,38
26,9,2,10,1,0,38
44,13,1,11,0,8614,38
35,9,2,2,1,0,38
57,13,2,12,1,0,38
49,14,2,9,1,0,38
27,13,4,3,1,13550,38
52,12,2,0,1,7298,38
58,9,2,2,1,0,38
44,9,4,6,0,0,24
49,13,2,2,1,0,38
32,9,2,6,0,0,38
43,10,2,11,1,7688,38
37,13,2,6,1,0,38
23,3,4,2,1,0,25
50,9,2,10,1,0,38
18,6,4,4,1,0,38
19,8,4,5,1,0,38
42,15,2,9,1,0,38
37,9,2,11,1,0,38
55,9,6,0,0,0,38
22,13,4,9,1,0,38
22,10,4,12,0,0,38
50,9,6,3,0,0,34
31,9,2,0,0,0,38
34,8,0,2,1,0,38
90,7,4,5,1,0,38
36,10,2,7,0,0,38
37,15,2,9,1,0,38
40,14,4,9,0,0,38
43,9,5,5,0,0,38
52,10,2,0,0,0,38
39,9,2,0,1,0,38
63,13,2,9,1,0,38
38,10,4,13,1,0,38
30,10,4,0,0,0,38
54,9,2,13,1,0,38
28,9,4,13,1,0,38
46,13,0,6,0,0,32
36,11,2,9,1,0,10
37,13,2,3,1,0,38
56,13,2,3,1,0,32
23,9,4,7,0,0,38
26,11,4,0,0,0,38
49,2,2,2,1,0,31
53,9,0,11,0,0,38
44,14,2,9,1,0,38
46,13,2,3,1,0,38
34,13,2,11,1,0,38
37,13,2,3,1,0,38
43,9,0,0,0,0,38
68,5,2,2,1,0,38
29,12,4,8,0,0,38
44,10,0,11,1,0,38
28,11,4,9,0,8614,38
55,13,2,10,1,7688,38
49,13,2,9,1,0,38
19,10,4,7,0,0,38
43,13,0,3,0,0,38
48,12,2,11,1,0,38
45,10,2,4,1,0,38
35,9,0,4,1,0,38
65,6,2,2,1,0,38
44,15,2,9,1,0,38
22,7,4,11,0,0,38
46,13,2,0,1,0,38
21,9,2,0,0,0,38
34,9,2,11,1,0,38
36,8,2,2,1,7688,38
77,10,2,3,1,0,38
29,10,2,7,1,0,38
38,10,2,3,0,0,38
49,14,2,11,1,0,38
32,9,2,13,1,0,38
52,9,2,3,1,7298,38
35,13,4,11,1,0,38
33,10,2,7,0,0,38
28,16,0,9,0,0,38
40,13,4,9,0,0,38
47,7,0,2,0,0,38
48,13,3,0,0,0,29
36,13,2,11,1,0,38
29,9,0,7,0,0,38
68,14,2,0,1,0,38
51,13,0,4,0,14084,38
48,13,2,3,1,15024,38
63,13,2,11,1,15024,19
30,9,2,11,0,0,38
45,13,2,3,1,0,38
38,9,4,7,1,0,38
44,13,2,11,1,0,38
36,13,2,11,1,0,38
48,9,0,11,0,0,38
40,9,0,6,1,0,38
38,9,2,10,1,0,38
52,10,2,2,1,0,38
41,9,2,13,1,0,38
62,9,2,0,1,0,38
54,14,2,11,1,4386,38
54,13,2,3,1,0,38
24,10,4,11,0,0,38
29,13,4,11,1,0,38
69,16,2,3,1,0,38
35,13,4,9,0,0,38
35,10,4,0,0,0,38
61,12,2,11,1,15024,38
41,9,0,5,1,0,38
40,13,2,11,1,7688,38
34,13,0,9,0,0,38
59,5,4,7,1,0,38
33,14,4,9,0,0,38
25,9,2,2,1,0,38
39,9,2,0,0,0,38
24,13,4,12,1,0,38
42,10,0,0,0,0,38
41,14,4,9,0,0,38
42,9,0,0,1,0,38
29,4,2,4,1,0,38
49,9,2,2,1,0,38
28,9,0,5,1,0,38
46,10,2,0,1,0,38
33,9,2,2,1,0,38
49,13,2,10,1,0,1
37,13,2,4,1,0,38
28,13,0,9,1,0,38
59,12,0,2,0,0,17
38,9,2,11,1,7298,38
39,10,4,0,0,2174,38
39,9,2,6,1,0,38
29,9,2,2,1,0,6
37,13,2,3,1,5178,38
54,13,4,0,0,14084,38
37,11,2,6,1,0,38
24,10,4,11,1,0,22
19,10,4,5,1,0,38
31,10,2,11,1,0,38
57,14,1,3,1,0,38
55,9,2,5,1,0,38
57,10,4,5,1,0,38
35,13,2,9,0,15024,38
49,9,2,2,1,5013,38
51,13,2,11,1,7688,38
43,12,4,9,1,0,38
55,12,2,9,1,0,38
38,13,2,3,1,15024,38
22,13,4,11,1,0,35
26,9,2,3,1,0,38
26,9,4,6,1,0,38
29,10,2,2,1,0,38
25,8,2,2,1,0,38
50,10,2,2,1,0,38
40,11,5,9,0,0,38
32,9,4,11,0,0,38
30,11,2,11,1,0,38
39,10,2,3,1,0,38
46,3,2,6,1,0,25
37,11,2,2,1,0,38
27,14,4,3,0,0,38
43,14,0,9,0,0,38
37,9,2,11,1,0,38
20,10,4,0,0,0,38
55,13,2,3,1,0,38
43,10,2,2,1,0,38
34,10,2,10,0,0,9
27,10,2,0,1,2829,38
30,11,4,10,1,0,38
46,13,2,10,1,0,38
27,12,4,10,1,0,38
25,9,4,0,0,0,38
35,9,2,13,1,0,38
33,11,2,3,0,7688,38
54,9,6,7,0,0,38
45,11,2,9,1,0,38
21,9,4,0,1,0,38
28,9,2,0,0,0,38
35,10,2,3,1,0,38
75,9,6,11,1,0,38
50,13,2,11,0,0,38
31,9,2,2,1,0,38
55,10,2,9,1,0,38
61,9,4,11,0,0,38
25,13,4,11,1,3325,38
35,13,0,3,0,0,38
37,7,5,7,0,0,38
35,14,2,11,1,0,38
44,10,5,6,1,0,38
61,13,2,3,1,5178,38
36,9,5,0,0,0,38
25,4,4,5,1,0,38
44,13,4,9,0,10520,38
28,10,1,3,1,0,38
19,9,4,0,0,0,38
34,10,2,1,0,0,10
31,9,2,13,1,0,38
38,9,3,2,0,0,38
36,10,2,2,1,0,38
30,9,4,3,0,0,22
24,7,4,13,1,0,38
29,11,4,0,0,0,38
22,13,4,3,1,0,38
30,9,5,0,0,0,38
57,9,2,3,1,0,38
50,10,2,2,1,0,38
52,9,2,10,1,99999,38
34,10,4,10,0,0,38
46,9,2,2,1,5178,38
21,9,4,2,1,0,38
35,9,2,0,0,0,2
53,12,2,3,1,15024,38
54,13,4,9,0,0,38
46,12,2,2,1,0,38
45,13,2,3,1,0,38
57,13,0,3,0,0,38
31,10,2,2,1,0,38
46,4,2,13,1,0,38
33,10,2,2,1,0,38
43,10,2,0,1,5013,38
29,6,5,4,0,0,12
23,10,4,0,1,0,38
51,13,2,9,1,0,38
47,9,1,3,0,0,38
22,9,4,6,1,0,38
37,13,4,9,0,0,38
59,10,2,2,1,0,38
32,11,2,12,1,0,38
27,10,2,9,1,0,0
20,9,4,6,0,0,38
47,9,0,12,0,0,38
37,9,0,6,1,0,38
36,9,2,2,1,5178,38
32,9,2,3,1,0,38
36,13,2,9,1,0,38
59,10,2,12,1,0,38
42,12,0,9,1,0,38
28,9,5,3,0,0,38
42,13,4,4,1,0,38
49,9,2,2,1,0,38
57,14,2,9,1,0,38
58,13,6,3,1,8614,38
39,16,0,0,1,0,38
52,8,5,6,0,0,4
46,10,2,0,1,0,38
46,11,2,3,1,0,38
24,10,4,0,0,0,19
45,13,2,3,1,0,38
33,5,4,11,0,0,38
53,9,2,11,1,0,38
50,13,2,3,1,0,1
48,11,2,11,1,0,38
31,10,2,11,1,0,35
20,10,4,9,1,0,38
56,14,2,9,1,0,38
37,9,2,7,1,0,38
49,9,2,2,0,0,38
46,15,2,10,1,0,38
38,9,4,11,0,0,38
42,15,0,9,0,7430,38
39,9,2,2,1,0,38
47,9,2,11,1,0,38
62,13,2,12,1,0,38
26,10,2,7,1,0,38
38,9,0,6,1,0,38
52,9,2,9,1,0,38
52,13,2,12,1,0,38
19,10,4,0,1,0,38
52,13,3,7,1,0,38
37,10,2,2,1,3103,38
29,9,4,6,1,3325,6
34,9,0,0,1,0,38
57,11,2,3,1,0,10
30,14,2,9,1,0,38
32,9,2,2,1,0,38
42,14,2,9,1,0,38
21,11,4,2,1,0,38
33,9,2,6,1,0,38
23,13,4,0,1,0,38
47,9,2,2,1,0,38
58,9,2,13,1,0,38
64,9,2,2,1,0,38
43,9,2,3,1,0,38
35,15,2,9,1,0,38
28,9,4,13,1,0,38
48,10,0,3,0,0,38
38,13,2,9,1,0,38
33,14,4,9,0,0,10
22,4,4,0,1,0,38
29,13,2,9,1,0,38
38,9,2,13,1,0,38
32,13,0,3,0,0,38
60,9,2,0,1,0,38
62,9,2,13,1,0,38
43,13,2,9,1,0,38
39,13,2,5,0,0,30
47,10,2,12,1,0,38
53,14,2,3,1,0,38
61,13,2,11,1,0,38
51,13,2,9,1,0,38
57,14,2,3,1,0,38
23,9,4,11,0,2463,38
19,9,0,3,0,0,38
24,9,4,5,0,0,30
26,12,2,6,1,5178,38
58,13,2,9,1,0,38
38,9,2,13,1,0,38
31,14,2,9,1,0,38
47,9,3,2,1,0,38
36,10,4,9,0,0,38
38,10,5,7,0,0,38
55,9,2,11,1,0,38
34,13,2,11,1,0,38
50,15,2,9,1,7688,29
28,14,2,9,0,0,38
29,10,5,5,1,0,38
53,9,0,2,1,0,38
52,10,2,2,1,5013,38
51,10,2,12,1,0,38
32,10,0,6,0,0,38
36,9,2,11,1,7688,38
48,9,0,5,1,0,38
23,9,4,6,0,0,38
29,5,2,6,1,0,25
60,9,0,7,0,0,38
56,13,2,12,1,0,38
36,12,2,9,1,0,38
40,11,2,3,1,0,38
27,9,2,6,1,2885,24
23,10,4,2,1,0,38
59,14,4,9,0,0,38
60,14,4,9,1,0,38
49,7,2,0,1,0,38
36,9,4,0,0,0,38
32,10,2,13,1,0,38
32,12,2,12,1,0,38
38,11,2,3,0,15024,38
47,9,0,2,1,0,38
51,13,2,3,0,0,38
29,9,2,2,1,0,38
27,9,2,6,1,0,25
40,14,2,3,1,0,38
22,9,2,2,1,0,38
62,13,0,9,0,0,38
29,11,2,0,1,0,38
72,10,2,2,1,0,38
38,10,2,0,1,0,38
47,13,2,9,1,0,38
44,10,0,0,0,0,10
33,9,2,5,1,0,38
34,10,2,2,0,7688,38
47,13,2,3,1,0,38
28,9,2,2,1,3411,38
32,13,2,11,1,0,38
30,13,0,11,1,0,38
42,14,2,11,1,15024,38
20,9,4,5,1,0,38
48,10,2,0,1,0,38
49,9,2,6,1,4064,38
21,9,4,5,1,2176,38
57,13,2,3,1,0,38
37,11,2,12,0,0,38
32,13,4,3,0,0,38
44,8,0,13,0,0,38
41,14,2,9,1,0,38
51,9,2,12,1,0,38
51,7,2,6,1,0,29
23,10,4,3,1,0,38
45,9,0,11,0,0,38
36,9,2,0,0,0,1
26,9,4,2,1,0,38
25,5,4,5,1,2907,38
29,9,2,2,1,0,38
40,11,2,3,1,0,38
42,10,2,13,1,0,38
35,11,2,11,1,0,38
54,12,2,12,1,0,38
25,7,4,5,1,0,38
33,9,2,2,1,0,38
42,9,0,0,0,0,38
39,6,2,6,1,0,38
44,15,2,9,1,0,38
58,13,2,9,1,0,38
25,9,4,0,0,0,38
43,9,0,0,0,0,38
53,9,0,7,0,0,38
54,10,2,9,1,0,38
30,9,2,2,1,0,38
39,10,0,0,0,0,38
36,10,0,3,0,0,38
61,9,6,11,0,0,38
32,11,2,5,1,0,38
30,13,2,11,1,0,38
57,9,2,11,1,0,38
40,13,2,10,1,0,38
24,10,4,2,1,0,38
37,13,2,3,1,0,38
50,9,2,11,1,0,38
27,9,4,6,0,0,38
41,13,2,3,1,7688,38
30,9,0,3,0,0,38
34,9,2,2,1,0,38
49,13,2,2,1,0,38
41,13,2,9,1,15024,22
47,13,2,3,1,0,38
37,9,2,0,1,0,38
37,9,2,0,1,0,38
20,9,4,13,1,0,38
46,12,2,3,1,0,38
49,13,2,3,1,0,38
33,10,4,3,0,0,38
45,13,2,9,1,0,38
19,9,4,11,1,0,38
41,13,0,9,0,0,38
41,9,2,9,1,0,38
51,10,2,3,1,10520,38
38,13,2,9,0,0,38
33,9,0,2,1,0,38
27,13,4,10,1,10520,38
41,13,4,0,1,0,38
45,13,0,3,0,0,38
61,10,0,0,0,0,38
60,14,2,9,1,0,38
50,9,2,2,1,0,38
20,10,4,7,1,0,38
44,14,0,3,1,10520,38
60,3,2,13,1,0,38
53,9,0,3,1,0,38
35,13,4,9,0,0,38
27,10,4,11,1,0,38
32,13,2,9,1,0,38
40,15,2,9,1,0,38
21,9,4,7,1,0,25
39,13,2,3,1,15024,38
46,9,2,4,1,0,38
49,11,2,2,1,0,1
28,12,2,0,0,0,18
50,13,2,3,1,0,38
38,10,2,3,0,0,37
38,12,2,2,1,7298,38
73,9,2,3,1,0,38
31,12,2,2,1,0,38
23,12,4,7,1,0,38
29,9,0,7,0,0,38
50,7,3,2,1,0,38
36,9,4,2,1,0,38
23,13,4,3,0,0,38
44,13,2,0,1,0,38
30,14,4,9,1,0,38
31,13,2,9,0,0,38
25,10,4,7,1,0,30
70,13,4,3,1,0,38
23,13,2,9,0,0,38
60,9,4,5,1,0,38
50,13,2,3,1,7298,38
22,9,4,12,1,0,38
45,13,2,7,1,0,38
27,9,2,5,1,0,38
23,10,4,5,1,0,38
27,5,4,2,1,0,25
18,9,4,0,0,0,38
61,16,2,9,1,0,38
28,13,4,9,0,0,38
43,14,2,3,1,0,38
30,9,2,13,1,0,38
43,14,0,9,0,9562,38
54,8,2,6,0,0,38
38,13,2,9,0,15024,38
60,12,2,0,1,0,38
17,6,4,7,1,0,25
40,9,4,0,0,0,38
42,13,2,0,0,0,38
25,9,4,5,0,0,38
43,9,2,3,0,0,38
37,7,2,6,1,3103,38
60,7,2,11,1,0,38
59,16,2,9,1,0,38
37,12,1,3,0,0,23
55,13,2,6,1,27828,38
28,13,2,11,1,0,38
47,10,3,0,0,0,38
59,13,2,3,1,0,38
61,10,2,3,1,0,38
37,9,2,6,1,0,38
45,9,2,12,0,7298,38
21,9,4,2,1,0,38
25,11,2,12,1,0,25
39,9,0,9,1,0,38
40,11,2,9,1,0,38
35,9,2,2,1,3137,38
41,9,2,2,1,0,38
65,7,2,3,1,6418,38
51,9,2,11,1,7688,38
61,9,2,3,1,0,38
47,13,2,0,1,0,38
37,9,0,7,1,0,38
43,9,0,2,1,0,38
48,13,2,0,1,0,21
48,9,2,4,1,0,38
42,14,2,9,1,0,38
54,13,2,3,1,0,31
45,13,2,3,1,0,38
37,9,2,2,1,0,38
53,13,2,11,1,0,1
45,9,2,2,1,0,38
27,13,4,10,0,0,38
28,14,2,3,1,0,22
57,11,0,8,1,4934,38
59,14,2,3,1,0,38
46,14,2,3,1,0,38
61,6,1,6,1,0,37
52,16,4,3,0,0,38
48,13,5,2,1,0,38
22,10,2,3,0,0,38
46,13,2,9,1,0,38
42,9,2,5,1,0,38
37,9,2,10,1,0,38
47,9,2,12,0,0,38
35,9,2,2,1,0,38
51,14,0,10,1,0,38
52,9,2,11,1,0,38
29,12,5,11,0,0,38
56,13,2,3,1,15024,38
20,10,4,11,0,0,38
39,9,2,0,1,0,38
59,11,4,2,1,0,38
29,9,4,2,1,0,38
20,10,4,11,1,0,38
54,14,3,9,0,0,2
51,11,2,11,1,3103,38
28,11,4,9,0,4650,38
36,9,5,3,1,0,38
31,7,4,2,1,0,38
20,10,4,0,0,0,38
20,6,4,0,1,0,38
31,9,2,2,1,0,38
27,13,4,0,0,0,38
35,9,2,6,0,0,38
45,10,2,3,1,7688,38
27,13,4,9,0,0,38
73,9,2,4,1,0,38
54,10,2,11,1,0,38
51,13,0,12,0,0,38
52,9,2,2,1,0,38
37,9,2,7,1,0,38
36,11,0,9,0,0,38
28,9,4,0,1,0,38
49,13,2,4,1,0,38
40,9,2,13,1,0,38
45,9,2,11,1,0,38
48,9,0,7,0,0,38
17,9,4,7,1,0,38
42,13,2,9,1,0,38
29,11,2,2,1,0,24
37,9,2,2,1,4386,38
56,6,0,2,1,0,38
47,13,0,5,1,0,38
59,5,6,7,0,0,38
54,9,2,6,1,5178,38
24,6,2,3,1,0,10
46,7,2,7,0,0,38
69,9,0,3,0,0,38
52,14,2,3,0,15024,38
27,9,4,3,0,0,38
25,9,4,0,1,0,38
29,9,0,6,1,0,38
61,16,2,9,1,0,38
59,9,2,2,1,0,38
40,14,2,9,0,15024,38
50,12,0,2,1,0,38
35,4,2,5,1,0,25
34,7,5,6,1,0,38
31,9,2,2,1,0,38
49,12,0,3,0,14084,38
19,10,4,4,1,0,38
29,15,4,9,1,27828,10
50,13,2,0,1,0,38
43,9,2,0,1,0,38
44,9,2,7,1,0,38
63,14,2,4,1,41310,38
42,11,0,9,0,0,38
34,9,4,3,0,0,38
29,9,2,12,1,99999,38
54,9,5,3,0,0,38
36,13,4,2,1,0,38
27,10,2,11,1,0,38
41,11,2,12,1,0,38
49,14,4,9,1,0,38
33,9,2,6,1,0,38
31,10,2,0,1,0,38
20,10,4,6,0,0,38
29,10,2,3,0,0,38
35,9,2,2,1,0,38
33,14,4,9,0,0,38
45,9,2,10,1,0,38
29,9,2,5,1,0,38
27,13,4,3,0,0,38
18,7,4,11,0,0,38
42,13,2,9,1,0,38
26,6,4,4,1,0,38
23,9,4,0,0,0,38
41,9,2,0,0,0,38
35,9,2,10,1,7298,38
44,14,2,9,1,0,38
26,9,4,0,1,0,38
64,13,2,3,1,10605,38
26,11,4,0,0,0,38
34,15,4,10,1,0,18
35,10,0,3,0,0,38
58,13,2,0,1,0,38
46,11,2,2,1,0,38
59,9,4,0,1,0,38
36,9,2,5,1,0,38
45,10,2,3,1,0,38
37,11,0,11,0,0,38
42,9,5,11,0,0,38
41,9,2,3,1,0,25
37,9,2,6,1,0,38
56,4,2,2,1,0,38
35,10,2,3,1,0,38
45,9,2,2,1,0,38
43,13,4,3,1,0,38
31,9,2,9,1,0,38
23,6,4,5,1,0,38
34,9,5,3,1,0,38
55,10,2,3,1,0,38
54,9,4,7,0,0,38
23,8,2,2,1,0,38
56,10,2,3,1,0,38
43,13,2,2,1,0,38
41,11,5,7,1,0,38
40,12,4,9,1,0,38
43,10,2,3,1,0,38
41,5,2,2,1,0,38
39,14,2,3,1,0,38
55,15,2,3,1,0,38
32,14,2,3,0,0,38
33,13,2,9,0,15024,38
30,10,0,11,1,0,38
41,9,2,12,1,0,38
41,10,2,5,1,3103,38
54,16,2,3,1,0,38
28,10,4,7,1,0,38
38,13,2,3,1,5178,38
59,6,0,0,0,0,38
48,11,2,12,1,0,38
19,9,4,6,0,0,38
51,10,2,2,1,0,38
50,9,2,3,1,0,38
47,10,2,9,1,7688,38
38,9,2,11,1,0,38
22,9,4,0,1,0,38
57,9,2,2,1,0,38
65,10,2,3,1,9386,38
45,15,2,9,1,0,38
43,13,5,9,1,0,38
39,12,4,9,1,0,38
40,13,4,9,1,0,38
55,11,2,2,1,0,38
27,9,5,0,1,0,38
26,9,2,11,1,0,38
27,10,4,7,1,0,38
44,14,2,9,1,0,38
28,13,4,3,0,0,38
41,9,2,2,1,0,38
23,10,4,2,1,0,25
37,10,2,2,1,0,38
47,9,0,3,0,0,38
45,13,2,13,1,0,38
58,16,2,9,1,0,38
28,14,4,0,0,0,38
43,14,2,3,1,0,38
42,13,2,0,0,0,29
44,12,4,4,1,0,38
57,9,2,2,1,0,35
47,10,2,10,1,0,38
40,11,2,3,1,0,38
46,13,0,9,0,0,38
54,13,2,11,1,0,38
49,14,2,3,1,0,38
45,9,0,6,1,0,38
62,11,6,3,0,0,38
49,9,2,10,1,0,38
39,9,2,0,0,0,38
21,11,4,13,1,0,38
40,10,2,12,1,0,38
33,13,2,0,1,0,38
50,9,2,13,1,0,38
41,13,2,2,1,0,38
67,9,2,3,1,0,38
51,11,2,2,1,3103,38
35,7,5,13,1,3674,38
37,10,2,3,1,0,38
54,9,2,2,1,0,38
54,10,2,11,1,0,38
54,9,6,0,0,0,38
29,13,2,11,1,0,38
44,13,2,3,1,0,38
63,10,2,3,1,0,38
43,10,2,2,1,0,38
51,11,1,3,1,10520,38
62,9,2,9,1,0,38
39,9,2,3,1,0,38
29,9,2,6,1,3137,20
46,12,2,10,1,0,38
31,7,4,0,0,0,38
27,13,2,12,0,0,38
29,13,4,11,1,0,38
60,4,2,2,1,0,38
40,10,2,6,1,2580,38
37,9,2,6,1,0,38
35,12,2,0,1,0,38
46,14,2,12,1,0,29
42,10,2,6,1,3908,38
40,4,2,2,1,0,38
48,14,2,9,1,0,38
32,6,1,2,0,0,38
40,13,2,4,1,0,38
35,9,2,2,1,0,38
46,15,2,9,1,0,38
29,13,4,9,0,0,38
53,10,4,0,0,0,38
50,10,2,11,1,0,38
25,10,2,11,1,0,38
48,14,2,9,1,0,38
37,9,0,6,1,0,38
53,9,2,3,1,0,38
33,14,4,3,1,0,38
37,13,4,9,0,0,38
25,14,2,6,1,0,25
67,13,2,3,1,99999,38
38,9,2,0,1,0,38
35,13,4,9,0,0,38
30,10,0,7,0,0,38
32,9,2,5,0,3908,38
36,16,2,9,0,0,38
48,14,2,3,1,0,38
42,13,2,11,1,7298,38
53,13,2,3,1,0,38
25,13,4,11,1,2174,39
25,13,4,0,0,0,38
51,10,1,11,0,0,38
22,6,5,7,0,0,38
55,9,2,11,1,4386,38
53,9,2,2,1,0,38
38,9,2,2,1,0,38
35,10,2,11,1,0,38
19,9,4,9,0,0,38
46,10,2,2,1,0,38
31,9,5,7,0,0,38
53,11,2,3,1,0,11
34,9,2,11,1,0,38
41,10,2,3,0,0,38
35,12,2,3,1,0,32
43,13,2,5,1,0,13
54,9,2,3,1,0,38
60,9,2,2,1,0,38
49,13,2,0,1,0,38
54,9,2,11,1,0,38
41,10,2,5,1,0,38
28,10,4,2,1,0,38
44,8,2,0,0,0,38
48,10,0,6,1,0,38
28,9,3,12,0,0,38
51,9,3,7,0,0,38
68,9,2,9,1,0,21
40,13,2,3,1,0,38
37,10,2,2,1,0,38
37,9,1,6,1,0,38
27,13,4,9,0,0,38
49,13,2,10,1,15024,38
34,10,0,7,0,0,38
63,9,2,2,1,0,38
31,9,2,0,0,0,38
58,13,2,9,1,0,38
22,9,4,6,1,0,38
32,9,4,2,1,0,38
42,9,3,5,1,0,38
59,13,2,11,1,0,38
28,10,2,13,1,0,7
26,10,4,0,1,0,25
37,9,2,6,1,0,38
24,4,2,2,1,2635,38
22,9,2,13,1,0,38
53,10,0,0,0,0,38
48,4,2,6,1,0,38
43,9,2,3,1,0,38
31,10,0,2,1,4650,38
53,13,2,9,1,0,38
47,13,1,3,1,0,38
28,13,4,9,0,0,38
53,13,2,9,0,0,38
30,11,2,11,0,0,1
39,14,2,9,1,0,38
47,11,0,9,0,0,38
50,9,0,6,0,0,38
53,10,2,13,1,0,38
24,10,4,2,1,0,38
43,14,2,3,1,0,38
48,12,0,0,0,0,38
34,13,2,3,1,0,38
51,13,2,9,1,0,38
40,12,2,3,1,0,38
17,6,4,7,1,0,38
39,9,0,4,1,8614,38
57,12,0,0,0,0,38
46,11,2,12,1,0,38
47,12,2,3,1,15024,38
47,9,2,11,1,0,38
17,6,4,0,1,0,38
33,15,2,9,0,0,38
25,7,4,7,1,0,38
46,10,0,9,0,1506,38
66,9,2,12,1,0,38
23,13,4,11,1,0,38
35,9,2,7,1,0,38
55,13,2,3,1,0,38
60,13,1,6,0,0,17
53,9,6,6,0,0,38
32,10,2,13,1,0,38
34,10,2,12,1,0,38
75,14,2,9,1,0,38
29,9,2,9,1,0,38
28,9,4,7,1,0,38
52,10,2,11,0,0,1
28,10,4,2,1,0,38
22,9,4,6,1,0,38
62,13,6,9,0,0,38
52,15,2,9,1,99999,38
46,11,3,6,1,0,38
46,9,0,0,0,0,38
45,13,2,11,1,0,38
49,10,2,2,1,0,38
32,10,2,11,1,0,38
43,9,0,0,0,0,38
40,15,2,9,1,0,38
44,13,0,6,1,0,38
51,13,2,3,1,0,38
51,12,2,9,1,15024,38
21,9,4,0,0,0,38
31,10,5,5,1,0,38
48,14,2,9,1,15024,38
28,12,4,7,1,0,38
58,13,2,12,1,0,38
41,13,2,9,1,0,38
49,10,0,7,1,0,38
46,13,2,10,1,0,18
35,13,2,9,1,5013,38
27,10,0,0,0,0,38
61,13,1,0,0,0,20
54,9,2,11,1,0,38
24,10,2,0,1,7298,38
43,10,2,3,1,0,38
67,13,2,9,1,0,38
39,9,2,5,1,0,38
24,13,2,3,1,0,38
27,10,4,9,1,0,38
20,9,4,6,1,0,38
24,9,2,13,1,0,38
32,3,4,0,0,0,25
29,10,2,5,1,0,38
46,10,2,0,1,0,38
30,13,4,3,0,0,38
44,13,2,13,1,0,38
38,14,0,9,1,0,22
50,14,2,3,1,0,38
38,10,2,2,1,0,38
24,7,4,6,0,0,38
60,10,2,11,1,7298,38
47,9,2,6,1,0,38
53,15,4,9,0,0,38
32,10,2,9,1,0,38
25,9,5,2,1,0,25
25,13,4,9,0,0,38
23,13,4,0,1,0,38
33,15,2,9,1,0,38
54,13,0,4,1,27828,38
45,13,4,11,0,0,38
62,9,2,0,1,0,38
47,14,0,9,0,0,38
36,10,2,2,0,7298,38
49,14,2,3,1,15024,38
53,9,2,3,1,0,38
46,13,0,9,1,0,38
46,14,2,9,0,0,38
32,13,0,9,1,0,38
39,11,5,0,1,0,38
44,8,2,7,0,0,25
48,13,2,3,1,15024,38
56,14,2,9,1,0,38
27,9,2,2,1,0,38
26,10,4,3,1,0,38
62,13,2,3,1,0,38
29,13,2,9,1,0,38
55,9,5,5,1,0,38
36,9,2,2,1,0,25
19,10,4,11,1,0,38
27,10,2,7,1,0,38
46,10,2,11,1,0,38
44,10,0,3,0,0,38
31,13,2,3,0,0,38
40,15,2,9,1,0,38
66,10,2,11,1,5556,38
36,6,4,5,1,0,38
34,10,4,11,1,0,38
50,9,2,3,1,0,38
24,9,5,0,1,0,10
38,9,2,2,1,0,38
58,10,2,2,1,15024,38
56,9,2,13,1,0,38
19,10,4,0,1,0,38
40,11,2,7,1,7298,27
51,9,0,2,1,0,38
23,9,4,0,0,0,38
26,9,4,13,1,0,38
21,10,4,0,0,0,38
58,13,2,3,1,0,38
44,9,3,6,0,0,38
28,10,2,7,1,0,38
46,10,2,2,1,0,39
42,10,0,0,0,0,32
27,13,4,9,0,0,38
57,10,2,3,1,7688,38
39,13,2,6,0,0,29
28,10,2,5,1,0,25
19,9,4,7,0,0,38
45,9,0,12,0,0,38
36,8,4,3,1,4650,38
34,10,2,6,1,7298,38
33,9,2,11,1,0,38
28,11,4,12,0,0,38
42,10,0,11,1,0,38
58,9,6,0,0,0,38
54,10,2,2,1,0,38
30,11,2,12,0,0,1
45,14,2,0,1,0,38
55,10,2,12,1,0,38
32,11,2,0,1,0,21
21,9,2,6,1,0,38
36,9,2,10,1,0,38
50,9,2,6,1,0,38
34,13,2,9,1,0,38
37,9,0,2,1,0,38
44,10,0,0,0,0,38
43,9,0,0,1,0,38
49,12,2,0,1,0,38
28,9,0,6,1,0,38
66,13,2,9,1,20051,38
37,13,2,9,1,0,38
42,9,0,5,0,0,38
62,14,2,9,1,0,34
39,14,2,3,1,0,38
34,9,2,2,1,0,38
43,13,5,3,1,8614,38
37,10,2,2,1,0,38
52,13,2,3,1,0,38
37,9,2,3,1,4386,38
44,8,2,5,1,0,38
33,12,4,0,1,0,38
34,9,4,0,1,0,38
42,12,2,9,1,0,38
26,5,2,2,1,0,38
50,10,2,2,1,0,38
25,7,0,3,0,0,38
45,13,2,9,1,0,38
36,10,0,9,1,0,38
49,3,2,2,1,0,38
57,13,4,11,1,0,38
47,10,0,0,0,0,38
42,5,4,0,1,0,38
50,14,2,9,1,0,38
42,9,2,2,1,0,38
53,10,0,7,0,0,38
34,13,2,3,1,0,38
48,9,5,2,1,0,38
55,7,2,11,1,7688,38
27,13,2,3,1,0,38
30,7,2,2,1,0,38
46,3,0,2,0,0,38
47,9,2,13,1,0,38
69,10,2,3,1,20051,38
25,9,4,5,1,0,38
31,13,2,6,1,4064,38
46,10,2,12,1,0,38
37,14,1,3,1,0,38
55,13,6,9,0,0,38
30,12,2,2,1,0,38
33,9,2,13,1,0,38
53,9,2,13,1,0,38
35,10,2,5,1,0,38
24,13,4,9,1,0,38
32,11,4,12,1,4650,38
45,10,4,11,1,0,38
30,13,2,12,1,0,38
26,9,2,11,1,0,38
32,9,2,13,1,0,38
53,9,2,2,1,0,38
24,9,4,13,1,0,25
56,7,0,2,1,0,38
32,13,2,9,1,0,38
28,13,4,0,0,0,10
48,14,2,3,1,0,38
24,9,4,3,1,0,38
32,9,2,2,1,0,38
50,10,0,3,1,0,38
20,10,4,7,1,0,38
44,9,2,2,1,7688,38
46,14,2,11,1,0,38
38,9,2,0,0,0,38
55,13,2,9,1,0,38
36,13,4,10,1,0,38
48,2,2,6,1,0,31
31,11,2,2,1,0,38
35,11,0,7,0,0,38
31,10,4,11,0,0,38
46,9,2,7,1,0,38
33,10,2,2,1,0,38
42,15,2,9,1,0,38
38,3,4,13,1,0,38
53,6,0,0,0,0,38
52,11,2,9,1,0,10
64,9,2,3,1,0,38
26,10,2,11,1,0,38
36,11,2,12,1,0,38
27,13,3,0,1,0,38
25,3,4,6,1,0,25
35,10,4,11,0,0,38
23,10,2,11,0,0,38
60,9,2,9,1,0,38
35,14,2,9,1,0,38
30,9,4,0,0,0,38
20,9,4,5,1,0,38
50,9,2,13,1,0,38
39,15,1,9,0,0,38
35,9,2,2,1,0,38
35,9,2,13,0,0,38
41,13,2,8,0,0,13
50,16,2,9,1,0,38
48,10,2,3,1,0,38
33,9,4,13,1,0,38
42,13,2,2,0,0,38
33,13,4,3,1,0,38
26,13,2,12,1,0,38
38,16,2,3,1,0,38
45,9,0,11,0,0,38
28,9,4,5,1,0,38
35,14,2,3,1,0,38
46,13,0,10,1,0,38
32,9,2,3,0,0,38
23,13,4,9,1,0,38
34,9,2,2,1,0,38
39,9,2,2,1,0,38
48,10,2,9,1,0,38
61,12,2,9,0,7688,38
30,9,2,2,1,5178,38
38,8,2,2,1,0,38
31,6,4,7,1,0,38
71,10,2,0,0,20051,38
33,9,2,2,1,0,38
48,12,2,9,1,15024,21
30,9,0,0,0,0,38
47,14,2,9,1,0,38
25,13,4,3,1,0,38
61,13,2,9,1,0,38
23,3,2,7,1,0,25
56,9,2,13,1,0,38
41,9,4,3,1,2174,38
54,11,2,2,1,5013,39
34,14,4,2,1,0,38
26,10,4,0,0,0,38
40,13,2,3,1,7298,38
27,10,4,5,1,0,38
24,11,2,3,0,7688,38
31,10,2,2,1,0,38
24,9,2,2,1,0,25
36,9,2,6,1,0,38
50,13,2,3,1,7688,23
24,9,0,2,1,0,38
31,10,2,2,1,0,38
48,9,2,2,1,7298,38
39,14,2,3,1,15024,38
23,9,4,0,0,0,38
37,11,3,9,0,8614,38
54,12,2,11,1,0,38
48,10,4,0,1,0,38
49,10,2,2,1,0,38
56,10,2,3,1,0,38
28,10,4,6,1,0,38
49,4,6,6,0,0,38
36,13,2,9,0,0,38
29,9,2,6,1,0,32
42,9,2,2,1,7688,38
49,9,2,2,1,0,38
36,11,2,3,1,0,38
41,11,0,0,0,0,38
30,13,2,10,1,0,38
38,10,2,9,1,3137,38
38,10,0,6,1,0,38
24,7,4,5,1,0,38
31,12,2,2,1,0,38
30,13,2,3,1,0,38
30,7,4,2,1,0,38
58,14,2,9,1,0,38
28,10,4,0,1,0,38
37,9,2,13,1,0,38
20,11,4,4,1,0,38
38,10,2,4,1,0,38
53,14,2,3,1,0,38
19,9,4,2,0,0,38
20,9,4,0,0,0,38
48,7,4,6,1,0,32
21,10,4,12,0,0,38
59,12,6,3,0,0,38
23,9,4,7,0,0,38
41,13,2,12,1,0,38
44,8,2,5,1,0,38
41,9,2,13,1,0,38
33,10,4,6,1,0,38
47,10,6,7,0,0,38
38,9,2,2,1,7298,38
47,13,2,3,1,0,1
26,10,2,3,1,0,38
44,14,2,3,1,0,38
61,16,2,9,1,0,38
31,13,2,11,1,0,38
23,10,4,3,1,0,38
34,9,2,6,1,0,38
50,13,4,10,0,0,38
25,13,4,11,0,0,38
38,9,2,3,1,0,38
36,14,2,9,1,0,38
25,14,4,9,1,0,38
34,13,2,12,1,0,8
31,9,4,7,1,0,38
25,10,4,13,1,10520,38
25,13,4,0,0,0,38
46,13,0,9,0,0,38
57,13,2,3,1,0,38
23,8,4,6,0,0,38
38,10,4,0,0,0,38
42,9,2,9,0,0,38
39,10,0,9,0,0,38
36,9,4,0,0,0,38
25,9,2,2,1,7298,38
53,15,0,9,0,0,38
25,13,4,11,0,0,38
40,11,2,0,1,0,38
58,9,1,11,0,0,38
41,16,2,9,1,0,38
59,7,5,3,0,0,38
47,14,2,9,1,0,38
52,9,2,3,1,99999,38
66,6,2,2,1,3471,38
45,13,4,9,0,0,38
47,13,4,0,1,0,38
42,9,6,11,0,0,38
44,9,0,0,0,0,38
34,10,2,10,1,0,38
51,10,2,11,1,0,38
52,9,2,10,1,0,38
30,9,4,0,0,0,38
20,10,4,2,1,0,38
46,13,2,3,1,0,38
41,9,0,10,1,0,38
70,16,2,3,1,0,38
54,13,2,3,1,0,38
35,9,5,2,1,0,38
27,13,4,6,1,0,38
33,13,4,11,0,0,38
35,8,4,10,0,13550,38
35,10,2,11,1,0,38
27,10,4,0,0,0,38
59,9,2,3,1,0,38
39,14,4,0,1,0,38
35,10,4,9,0,0,38
52,16,2,9,0,0,38
25,9,4,5,1,0,38
56,5,2,3,1,3411,3
44,16,2,9,1,0,38
43,10,2,11,1,0,38
44,12,2,0,1,0,38
47,9,2,11,1,0,38
21,9,4,2,1,0,38
23,13,4,9,1,0,38
55,9,2,3,0,0,38
34,9,2,13,1,0,38
31,9,2,12,1,5178,38
45,13,2,3,1,0,2
56,9,2,3,1,0,38
54,13,0,9,1,0,38
24,9,4,11,1,0,38
59,10,2,13,1,3103,38
43,9,2,9,1,0,38
43,13,2,3,1,0,38
23,11,4,9,1,0,38
26,14,4,3,0,0,38
44,9,2,2,0,0,38
45,9,2,2,1,7688,38
52,9,2,6,1,0,38
50,9,2,13,1,0,38
57,10,2,12,1,0,38
58,12,2,3,1,0,38
24,9,2,13,1,0,38
57,13,0,3,0,0,38
47,13,2,3,1,0,38
54,9,2,11,1,3464,38
38,9,2,2,1,0,38
37,13,2,3,1,7298,32
55,10,2,2,1,0,38
42,10,0,12,0,0,38
36,9,4,11,0,0,38
41,13,2,9,1,0,38
36,13,2,9,1,0,38
35,13,2,11,1,0,38
49,13,2,11,1,0,38
27,9,2,4,1,0,38
37,11,4,0,0,0,38
36,9,4,7,1,0,38
50,11,2,3,1,0,38
21,10,4,0,0,0,38
44,12,4,11,1,0,38
39,11,4,6,1,0,38
43,13,4,9,0,0,38
32,9,5,5,0,0,38
58,13,2,9,1,7298,38
24,13,4,4,1,0,38
61,10,2,0,1,7688,38
26,10,2,12,1,0,38
59,6,2,4,1,0,38
25,12,4,9,1,8614,38
45,14,2,0,1,0,18
43,9,2,5,1,4386,38
24,9,2,11,0,0,38
35,9,2,7,0,0,38
39,10,4,2,0,0,38
40,8,2,2,1,0,38
21,10,4,0,0,0,38
49,13,2,11,1,0,38
31,9,2,9,1,7688,38
48,10,0,3,1,0,38
37,10,2,13,1,0,38
62,13,2,0,1,0,38
57,13,2,9,1,0,38
54,9,2,11,1,0,38
39,10,4,6,1,0,38
59,14,2,2,1,0,38
31,13,2,9,1,0,38
54,9,2,2,1,0,38
43,5,5,5,0,0,38
30,12,2,9,1,0,38
45,10,2,13,1,7298,38
41,13,0,7,1,0,38
44,9,2,6,1,0,38
51,11,0,0,0,0,38
58,10,2,11,1,0,38
31,10,0,6,1,0,38
42,10,2,2,1,7298,38
57,13,2,3,1,0,38
50,10,2,9,1,0,10
19,9,4,0,0,0,38
41,13,2,0,1,0,38
43,13,2,3,1,0,38
25,9,4,2,1,0,38
30,11,2,0,0,7298,38
38,13,2,3,1,7688,38
42,13,0,3,0,0,38
26,13,4,0,0,0,38
44,9,0,0,0,0,38
54,16,4,3,0,0,38
31,13,2,11,1,0,38
34,13,2,9,1,0,38
48,11,0,0,0,0,38
44,14,2,9,1,0,38
23,13,4,11,0,0,38
48,9,0,9,0,0,38
32,12,2,0,1,0,38
65,13,0,0,0,0,38
47,13,2,9,1,0,38
37,11,2,0,1,3471,38
42,13,2,3,1,0,38
31,13,4,3,0,0,38
36,5,2,11,1,0,38
32,9,4,6,1,0,38
46,11,2,2,1,0,38
23,9,4,0,0,0,38
37,15,2,9,1,0,38
56,7,5,7,0,0,38
38,12,2,2,1,0,38
35,10,2,11,1,0,38
46,9,2,4,1,0,0
29,10,2,6,1,0,38
50,9,0,3,0,99999,38
39,13,2,9,1,0,38
27,9,2,13,1,0,38
25,9,4,11,0,0,38
40,12,2,10,1,5178,38
45,9,2,3,1,0,2
26,9,4,5,1,0,38
42,13,2,9,0,0,38
39,11,2,7,1,0,38
39,10,1,9,0,0,38
49,13,2,3,1,7298,38
51,7,2,5,1,0,38
36,13,0,0,0,0,15
34,9,2,2,1,0,38
32,9,0,7,0,0,38
36,9,4,6,0,0,38
28,13,4,10,0,13550,38
39,9,5,6,1,0,38
36,10,2,2,1,0,38
59,13,2,3,0,3103,38
41,13,2,2,1,0,38
24,9,4,8,0,0,8
46,10,2,10,1,0,38
26,14,4,9,0,0,1
34,9,2,13,1,0,38
68,10,6,3,0,0,38
49,9,2,11,1,0,38
50,13,2,11,1,0,38
28,10,4,11,1,0,18
43,10,2,0,0,0,38
56,13,2,9,1,7298,38
42,9,2,2,1,0,38
44,13,2,9,1,0,38
48,4,2,2,1,0,38
46,9,2,11,1,0,38
39,9,2,0,0,0,38
67,4,2,0,1,0,38
66,14,2,9,1,20051,38
34,10,2,5,1,0,38
52,13,2,3,1,0,38
21,10,4,0,0,0,38
32,9,4,0,1,0,38
35,8,2,7,1,0,38
26,12,4,9,0,0,38
40,12,2,3,1,0,38
27,9,4,5,1,0,38
43,13,2,3,1,0,38
35,3,2,6,1,0,38
43,13,2,11,1,0,38
66,9,4,0,0,0,38
30,9,5,6,1,0,38
34,14,2,9,1,0,38
31,10,2,2,1,0,38
51,13,2,2,1,0,38
38,13,2,3,1,7298,38
27,10,4,4,1,0,38
41,13,2,3,0,10520,38
45,10,2,2,1,0,39
42,14,2,9,1,0,38
22,9,4,7,0,0,38
40,10,2,0,0,0,38
47,13,2,9,0,0,38
31,13,2,2,1,0,38
37,9,2,10,1,0,38
50,9,2,6,1,0,38
59,16,4,9,1,0,38
42,10,0,11,1,0,38
23,7,4,7,1,0,29
46,11,2,0,1,0,38
44,13,0,0,1,0,38
45,13,0,0,0,4696,38
46,10,2,3,0,0,38
47,10,2,13,1,0,38
34,13,2,3,1,0,38
31,9,0,3,1,0,38
30,13,2,9,1,0,38
49,13,2,0,0,0,38
38,9,4,6,0,0,38
45,14,2,11,1,0,38
42,14,2,9,1,0,38
48,14,0,3,0,0,38
50,9,2,6,1,0,38
25,9,0,3,1,0,38
40,9,2,5,1,0,38
35,9,2,6,1,7298,38
32,10,2,13,1,0,38
22,12,2,9,1,0,19
34,9,4,2,1,0,38
57,14,2,9,1,0,38
42,15,2,9,1,7298,38
47,13,2,1,1,7298,38
39,10,2,6,1,0,38
38,14,2,2,1,0,38
29,10,2,3,1,0,38
33,10,2,2,1,0,38
51,13,2,3,1,99999,38
57,13,2,3,1,0,38
35,10,2,11,0,0,38
60,9,2,7,0,0,38
33,14,2,9,1,0,38
44,10,2,6,1,0,38
19,9,1,11,0,0,38
32,7,4,2,1,0,18
53,9,2,3,1,0,38
50,10,2,2,1,0,38
38,10,2,3,1,0,38
45,12,2,5,1,0,38
32,9,2,6,1,5178,38
32,13,2,3,0,0,38
40,10,0,0,0,0,38
24,10,4,11,1,0,38
60,9,2,11,1,0,38
41,10,2,3,0,0,38
49,9,2,3,1,7688,38
28,13,4,9,1,0,38
47,10,2,6,1,0,38
38,5,2,2,1,0,25
28,15,2,9,1,0,38
37,10,2,2,1,0,38
36,6,0,7,0,0,38
26,10,4,6,1,0,38
34,9,2,9,1,0,38
17,6,4,2,1,0,38
32,15,2,9,1,0,38
59,10,2,3,1,7688,38
48,14,2,9,1,0,38
26,13,4,5,1,0,38
28,13,2,11,1,0,38
20,10,4,11,0,0,38
54,10,0,11,0,0,38
31,13,2,3,1,0,38
39,13,2,11,1,0,38
46,14,0,9,1,0,38
52,4,2,7,1,0,4
44,13,2,3,1,0,38
49,14,2,3,1,0,38
38,9,2,2,1,0,38
32,10,2,3,0,2597,23
41,9,2,3,1,0,38
25,13,4,5,1,0,38
48,14,0,3,1,99999,38
50,14,2,9,1,7298,38
35,9,2,2,0,0,38
33,9,2,11,1,0,38
36,10,4,7,1,0,38
43,13,0,3,0,0,38
21,10,4,0,0,2176,38
40,6,2,2,1,0,38
59,6,2,13,1,0,38
48,9,2,7,1,0,38
47,13,2,3,1,0,38
43,6,4,6,1,0,38
38,10,0,11,0,0,38
44,9,0,2,1,0,38
36,13,0,6,1,0,38
36,9,2,3,1,0,38
63,7,5,0,1,0,38
44,12,2,2,1,0,38
69,9,2,3,1,0,38
26,13,2,11,1,0,38
46,13,2,9,0,0,38
40,9,4,6,1,0,38
60,12,2,10,1,7298,38
37,2,2,6,1,0,25
40,9,2,7,1,0,38
38,13,2,3,1,0,38
70,10,2,3,1,0,38
54,10,2,13,1,0,38
38,9,4,5,1,0,38
41,12,2,10,1,0,38
46,14,2,3,1,0,38
41,10,2,0,1,0,38
56,11,2,2,1,0,38
51,10,2,3,1,0,38
23,9,4,6,1,0,38
32,12,2,12,1,0,38
37,13,2,3,1,0,38
37,9,2,5,1,5178,38
28,9,4,6,1,0,38
25,14,2,9,1,0,38
45,10,2,3,1,0,38
29,13,2,11,1,0,38
21,10,4,7,0,0,32
20,10,4,11,1,0,38
58,10,2,12,1,0,38
29,10,2,2,1,0,38
38,9,2,2,1,0,30
24,9,4,11,1,0,7
30,9,4,7,1,0,20
35,14,2,9,0,0,38
50,14,2,11,1,0,38
53,16,2,9,1,0,38
58,10,2,11,1,0,38
30,14,2,9,1,0,38
41,9,0,13,1,0,38
52,9,2,3,1,15024,38
35,13,0,3,1,27828,38
44,10,2,11,1,0,38
29,9,4,2,1,0,38
44,10,2,3,1,0,38
27,6,2,2,1,0,38
55,10,2,12,1,0,1
37,9,2,5,1,0,38
53,10,2,3,1,0,38
31,10,4,7,1,0,38
50,10,2,10,1,0,38
39,12,2,2,0,0,38
61,10,2,11,1,0,38
29,9,4,5,1,0,38
35,9,0,6,1,0,38
41,13,2,11,1,7688,38
27,9,2,0,1,0,38
34,13,4,11,1,0,38
32,13,2,11,1,0,38
21,10,4,0,0,0,38
44,11,2,12,1,4386,38
43,9,2,2,1,0,38
32,9,2,2,1,0,38
37,9,0,0,0,0,38
41,9,2,7,1,0,2
30,9,2,3,1,0,38
51,10,2,9,0,0,38
46,5,2,6,1,0,38
34,11,2,9,1,4386,38
17,9,4,3,0,0,38
28,10,0,10,1,14084,38
32,13,2,5,1,0,38
36,9,2,3,1,0,38
50,13,2,2,1,0,38
29,7,0,6,0,0,38
36,9,2,2,1,0,38
42,10,4,0,0,0,38
33,9,2,2,1,0,38
30,13,2,9,0,7688,38
24,13,4,0,1,0,38
45,13,2,11,1,0,38
44,13,0,12,1,0,38
45,10,2,2,1,0,38
19,9,2,2,1,0,38
49,14,2,3,1,0,38
52,9,4,4,1,10520,38
48,9,2,2,1,0,38
32,10,4,9,0,0,38
23,8,4,5,1,0,38
24,10,4,6,1,0,38
30,9,4,0,0,0,38
25,13,2,0,0,0,38
40,9,2,6,1,0,38
38,9,2,11,1,0,38
59,9,2,2,1,0,38
46,10,2,10,1,0,38
58,9,0,7,0,0,38
41,13,2,2,1,0,38
63,13,2,3,1,10605,38
25,10,4,0,0,0,38
55,9,2,11,1,4064,38
47,10,2,3,0,0,38
48,13,2,12,1,0,38
30,13,2,3,1,0,38
26,10,2,11,0,0,38
35,10,2,11,1,0,38
61,12,2,2,1,7688,38
47,10,2,0,0,0,38
43,14,2,3,1,0,38
61,10,2,11,1,0,38
31,9,2,0,0,0,38
48,4,3,5,1,0,38
58,11,2,5,1,0,38
42,10,0,0,0,0,38
45,6,0,11,0,0,38
31,10,2,9,1,0,38
31,9,4,13,1,0,38
22,10,4,0,0,0,38
34,11,0,2,1,0,38
37,9,2,7,1,0,38
41,15,2,9,1,0,38
49,9,2,2,1,15024,38
50,3,3,7,0,0,25
41,15,2,11,1,0,38
47,9,5,0,0,0,38
22,10,4,0,1,0,38
18,9,6,0,1,0,38
51,13,2,2,1,0,38
36,9,2,3,0,0,38
44,10,5,9,0,0,38
33,9,6,7,0,0,38
25,13,4,9,1,0,38
33,9,2,11,1,0,38
56,10,2,11,1,0,38
46,10,2,2,1,4386,38
43,12,4,9,0,0,38
41,10,2,11,1,0,38
25,9,2,11,1,0,38
32,9,2,2,1,0,38
46,13,2,10,1,0,38
61,9,2,2,1,0,38
38,9,2,3,1,0,38
47,9,2,13,1,0,38
20,10,4,11,1,0,38
32,3,2,6,1,0,25
45,3,2,6,1,0,25
41,9,4,6,1,0,38
35,10,2,13,1,0,38
22,9,4,0,0,0,38
37,9,2,0,1,0,38
37,10,2,0,1,7688,38
36,14,2,9,1,0,38
50,9,2,10,1,0,38
30,11,2,9,1,0,38
30,9,4,3,1,0,38
38,10,2,5,1,0,38
36,2,4,4,1,0,25
46,13,2,3,1,0,38
24,9,4,9,0,0,38
58,9,2,6,1,0,38
33,9,2,11,1,0,38
35,13,3,3,0,0,38
31,13,3,3,0,14084,38
58,14,2,9,1,0,38
56,9,0,2,1,0,38
45,13,2,3,1,7298,38
23,10,4,7,0,0,38
37,14,4,3,0,0,38
57,10,2,3,1,0,38
28,10,3,0,0,0,38
50,9,2,13,1,0,38
34,9,0,0,0,0,38
46,9,2,0,1,0,38
22,10,4,11,1,0,38
19,10,4,13,1,0,38
28,13,2,0,1,0,38
56,9,6,11,0,0,38
31,13,0,0,0,0,38
40,7,5,6,1,0,38
46,13,4,9,1,4787,38
46,12,2,12,1,3103,38
44,14,2,3,1,0,38
35,9,4,6,1,0,38
55,13,4,2,0,14084,38
36,12,2,8,1,3103,38
44,10,2,12,1,7298,38
56,9,2,13,1,0,38
28,9,4,9,0,0,38
19,6,0,7,0,0,38
25,13,2,9,1,0,38
52,11,0,9,0,0,38
57,9,2,13,1,0,38
52,8,2,6,1,0,38
56,14,2,3,1,0,31
24,9,4,0,0,0,38
64,10,2,0,1,0,38
28,9,4,6,0,0,38
36,13,4,0,0,0,38
40,12,2,9,1,7688,38
26,10,2,2,1,0,38
34,13,0,9,0,0,38
46,12,2,2,1,0,38
47,10,0,0,0,0,38
38,11,2,2,1,0,38
61,9,2,3,1,0,38
44,13,2,3,1,0,38
53,9,0,3,1,0,38
41,10,2,4,1,0,38
48,9,4,3,0,0,38
28,13,2,3,1,0,38
42,11,0,2,1,0,38
49,14,2,3,1,0,38
25,10,2,3,0,0,38
24,10,2,12,1,0,38
33,10,2,6,1,0,38
59,9,2,3,1,0,38
22,9,4,5,1,0,38
27,10,2,12,1,0,38
37,10,2,2,0,0,31
27,9,4,3,1,0,38
23,10,4,2,1,0,38
36,16,3,9,1,0,38
22,13,4,9,1,0,38
52,10,2,3,0,0,29
34,13,2,3,1,0,38
26,10,4,0,0,0,38
40,10,4,0,0,0,38
29,14,4,9,0,0,38
49,14,2,9,0,99999,38
21,9,4,0,1,0,38
40,9,2,2,1,0,38
33,9,0,13,0,0,38
26,9,2,2,1,0,38
55,10,2,2,1,0,38
26,9,4,11,1,0,38
53,7,0,2,0,0,38
33,3,4,7,0,0,7
49,14,0,9,0,7430,38
33,9,0,7,0,0,38
57,13,2,11,1,0,38
52,3,3,2,1,0,25
63,10,6,3,1,0,38
55,14,2,3,1,0,38
42,12,2,9,1,0,38
41,13,2,0,0,7688,38
24,10,4,3,1,99999,34
60,9,2,3,1,0,38
37,9,2,2,1,0,38
33,14,2,9,1,0,38
49,13,2,11,1,0,38
40,10,0,5,1,0,38
33,9,4,0,0,0,38
62,12,2,4,1,5308,38
29,10,0,2,1,0,38
63,12,2,8,1,0,38
49,10,2,3,1,0,38
23,10,4,11,0,0,38
38,15,2,9,1,0,38
52,9,2,7,1,4386,38
36,13,2,3,1,7298,38
42,14,2,3,1,0,38
38,10,2,11,1,3103,38
28,9,0,12,0,0,38
25,13,4,0,0,0,38
46,11,4,2,1,10520,38
41,3,2,0,1,0,25
43,9,2,11,1,0,38
30,9,2,6,1,0,38
35,9,4,2,1,0,38
57,2,0,2,1,0,31
30,10,0,5,1,0,38
54,13,0,3,0,0,38
37,10,2,2,1,0,38
41,10,2,2,1,0,38
36,12,2,3,1,0,38
63,11,2,3,1,0,38
30,10,4,3,1,0,38
61,9,2,3,1,0,38
32,11,0,11,1,0,38
52,9,0,2,0,0,38
30,5,4,4,1,0,38
29,13,2,11,1,0,38
19,10,4,0,1,0,38
27,12,4,13,1,0,38
20,9,2,0,0,0,38
57,14,2,9,1,0,38
50,9,0,2,0,99999,38
24,6,2,13,1,0,38
28,10,4,13,1,0,38
33,9,2,2,1,0,38
29,10,5,0,0,0,38
35,9,2,11,1,5178,38
20,10,4,0,1,0,38
39,14,2,3,1,0,38
36,9,2,2,1,3103,38
61,11,2,2,1,0,38
50,9,2,2,1,0,38
30,13,2,9,1,0,38
48,10,2,2,1,0,38
33,9,2,2,1,0,38
41,14,2,9,1,0,38
45,9,2,2,1,0,38
39,14,2,9,1,0,38
42,14,2,3,1,15024,38
50,10,2,11,1,0,38
40,8,2,5,1,0,38
36,9,2,1,1,7688,38
52,9,0,2,1,0,38
41,11,2,11,0,0,38
38,10,2,12,1,0,38
26,9,0,4,1,0,29
53,9,2,6,1,0,38
64,9,0,2,1,0,38
44,9,4,3,0,0,38
39,14,4,11,1,0,2
23,12,4,10,1,0,38
45,10,0,11,1,4650,38
28,9,2,2,1,0,38
23,9,2,2,1,0,38
60,3,2,11,1,0,38
50,13,5,9,1,0,38
38,12,4,2,1,0,38
44,13,2,9,1,0,38
45,13,4,3,0,0,38
22,10,4,7,0,0,38
42,13,2,0,1,0,38
49,13,2,9,1,0,38
31,9,2,7,1,0,38
45,9,2,13,1,0,38
59,13,1,11,1,99999,38
55,9,2,2,1,3103,38
25,11,4,2,1,0,38
77,13,2,3,1,0,38
35,13,2,3,1,0,38
37,9,2,9,1,0,38
53,9,5,2,1,0,38
24,13,4,0,1,0,38
43,10,0,0,0,0,38
48,9,2,0,0,0,10
23,10,2,5,1,0,38
50,10,2,2,1,0,38
39,9,2,0,0,0,38
47,14,2,0,0,7688,38
37,13,2,9,1,0,29
50,10,2,3,1,99999,38
62,9,2,13,1,0,38
32,9,4,2,1,0,38
27,12,4,3,0,0,38
30,9,2,2,1,0,38
60,9,0,7,0,0,38
60,10,0,2,1,0,38
44,15,2,9,1,0,38
41,11,2,3,1,0,38
29,9,2,0,0,7298,38
44,10,2,0,0,0,38
41,13,0,3,1,0,38
37,9,2,9,1,0,38
50,13,0,10,0,0,38
28,6,3,2,1,0,25
36,9,4,6,0,0,38
57,13,2,3,1,15024,38
54,9,2,7,1,0,38
40,11,2,2,1,0,38
42,10,2,2,1,0,38
29,11,2,9,0,0,38
50,13,2,2,1,0,38
48,14,0,9,0,0,38
35,10,2,11,1,0,38
52,9,2,2,1,0,38
43,9,2,6,1,0,38
49,4,2,6,1,0,38
35,9,2,2,1,5178,38
21,9,4,0,0,0,38
36,13,2,13,1,0,38
27,9,0,12,0,0,38
47,9,2,13,1,0,38
41,13,2,11,1,7688,38
39,11,2,3,0,0,31
51,13,2,3,1,0,38
47,10,2,2,1,0,38
29,9,2,2,1,0,38
29,10,0,2,1,0,38
24,9,0,7,0,0,38
33,14,2,9,1,0,38
36,13,2,9,1,0,38
24,7,4,2,1,0,38
33,9,2,7,1,0,38
40,11,2,0,1,0,38
31,10,4,10,1,0,38
47,7,2,7,1,0,38
32,13,2,3,1,7298,37
20,6,5,11,0,0,38
41,9,2,2,1,0,38
46,9,2,2,1,0,38
43,13,0,3,0,0,38
33,13,2,0,1,0,38
46,15,2,9,1,15024,38
34,9,2,2,1,0,38
29,13,2,3,1,7688,38
46,9,2,11,0,0,38
51,10,2,2,1,0,38
32,10,4,0,0,0,38
37,13,4,11,0,0,38
37,9,2,2,1,0,38
30,10,0,13,1,0,38
41,9,0,3,1,0,38
50,14,4,3,0,0,38
60,10,0,0,0,0,38
65,9,6,0,0,0,38
24,10,4,6,1,0,38
56,13,0,3,0,0,38
60,9,2,2,1,0,38
62,13,2,3,1,0,38
32,13,2,3,1,0,38
23,6,4,2,0,0,38
25,9,2,11,1,0,38
47,15,2,9,1,0,38
44,11,2,2,1,7688,38
51,9,0,0,0,0,38
75,10,2,3,1,0,38
49,7,2,13,1,0,38
43,9,2,2,1,0,38
69,13,0,5,1,0,38
30,9,0,7,0,0,38
24,9,4,5,0,0,38
24,13,2,9,1,0,38
22,9,4,0,0,0,25
42,7,5,7,0,0,38
22,9,4,7,0,0,38
52,9,3,0,0,0,38
46,13,2,11,1,0,29
39,9,2,6,1,0,38
54,9,2,2,1,0,38
25,8,4,2,1,0,38
46,13,2,11,1,0,38
29,13,4,0,0,0,38
41,3,2,4,1,0,25
32,9,2,2,1,0,38
34,10,2,0,1,0,38
45,10,6,12,0,0,38
47,13,2,9,1,15024,38
37,14,2,9,0,7688,38
28,7,2,3,1,0,38
45,16,6,9,1,15020,19
31,7,4,13,1,0,38
22,9,4,0,0,0,38
52,9,2,6,1,0,38
50,9,2,10,1,0,38
29,10,0,0,0,0,38
33,11,2,6,1,0,38
21,9,4,2,1,0,38
38,13,2,11,1,0,38
35,9,4,10,0,4787,38
43,14,2,9,1,15024,38
40,9,2,0,0,0,38
38,13,0,9,0,0,38
23,10,4,5,1,0,38
25,3,4,2,1,0,25
44,13,4,0,1,0,38
49,10,2,3,1,0,38
39,9,0,7,0,5455,38
26,10,2,2,1,0,38
24,13,4,12,0,0,38
51,9,4,2,1,0,38
46,13,2,3,1,0,23
44,10,2,11,1,0,8
34,9,2,2,1,0,38
23,13,4,0,0,0,38
33,10,6,0,0,0,38
23,9,4,0,0,0,38
59,6,0,7,0,0,38
56,5,0,2,0,0,38
44,13,2,3,1,99999,38
52,6,2,6,1,0,38
35,14,2,0,1,0,38
30,10,2,6,1,0,38
29,9,2,11,1,0,10
26,10,4,2,1,0,38
39,10,0,11,0,0,38
39,13,5,2,1,0,38
62,11,2,0,1,3411,38
28,10,4,7,0,0,38
38,6,2,2,1,0,38
45,13,4,12,1,0,38
61,15,5,9,1,0,38
25,10,4,0,0,0,38
28,9,4,3,0,0,38
39,13,2,9,1,15024,23
60,10,2,0,0,15024,38
46,3,2,0,0,0,25
53,9,0,6,0,0,38
42,9,0,7,1,0,38
33,9,2,6,1,0,38
52,10,2,3,0,0,38
47,9,2,2,1,0,38
58,6,2,13,1,0,38
47,13,2,3,1,0,38
39,6,0,5,1,0,38
18,9,4,11,1,0,38
46,10,2,11,1,0,38
24,10,4,7,0,0,38
32,10,4,11,1,0,38
40,10,2,0,0,7298,38
34,13,2,12,1,0,38
36,13,2,11,1,0,38
62,13,2,9,1,0,38
45,13,2,9,1,0,38
27,3,4,2,1,0,38
34,9,2,2,1,0,10
40,13,2,11,1,0,38
24,7,2,2,1,0,38
40,10,4,2,1,0,38
47,9,2,2,1,0,38
42,11,0,0,0,0,38
38,13,4,0,0,0,38
46,9,2,6,1,0,38
57,6,6,7,0,0,38
28,10,2,0,1,0,38
59,13,2,3,1,0,38
39,9,4,6,1,0,38
36,9,2,2,1,0,38
40,11,4,9,1,0,38
40,14,4,9,0,0,38
50,14,4,9,0,0,38
43,13,2,9,1,0,38
36,9,0,0,0,0,38
32,9,2,11,0,0,38
25,9,4,5,1,0,38
34,13,2,3,1,0,38
68,9,2,0,1,0,38
32,13,4,9,1,0,38
41,15,2,9,0,0,38
45,13,2,9,1,0,38
30,9,4,0,0,0,38
47,9,2,13,1,0,38
47,15,2,3,1,99999,38
27,13,4,9,0,4101,38
34,13,4,11,0,0,38
39,13,2,11,1,0,38
47,10,0,13,1,0,38
43,12,0,9,0,8614,38
28,10,2,1,1,7298,38
27,13,4,13,0,0,38
20,9,4,5,1,0,38
34,13,2,9,1,0,38
27,5,2,6,0,0,31
32,12,0,6,0,0,38
31,9,2,2,1,0,38
31,10,2,3,1,0,22
41,9,2,2,1,0,38
20,9,4,5,1,0,38
49,9,2,13,1,0,38
40,15,2,3,0,15024,38
33,9,2,3,1,0,38
42,10,2,2,1,0,38
46,9,2,0,1,0,38
36,10,2,3,1,0,38
57,6,2,0,0,0,38
54,10,2,2,1,0,38
43,13,2,3,1,0,38
68,14,2,9,1,0,38
53,14,2,3,1,0,38
30,9,2,5,1,0,38
35,10,4,0,0,0,38
52,13,3,3,0,0,38
35,13,4,11,1,0,38
23,7,2,6,1,0,38
53,10,2,11,1,0,38
28,10,2,2,1,0,38
46,13,2,13,1,15024,38
46,10,2,2,1,0,38
55,6,2,2,1,0,38
45,10,2,11,1,0,38
40,15,2,9,1,15024,38
64,9,6,7,0,0,38
67,10,2,3,1,0,38
33,13,4,11,0,0,38
72,10,2,10,1,0,38
50,10,2,12,1,0,38
42,10,0,0,0,0,38
20,10,4,2,1,0,38
54,9,2,5,1,0,38
32,13,2,10,1,99999,38
58,9,2,11,1,0,38
31,14,2,3,1,0,38
36,13,2,2,1,0,38
45,13,4,9,1,0,38
36,9,2,2,1,0,38
27,9,2,6,1,0,38
61,10,2,11,1,0,38
65,13,2,10,1,20051,38
35,10,2,9,1,0,38
50,14,2,11,1,15024,38
21,10,4,0,1,0,38
48,13,1,11,1,0,38
42,9,2,3,0,0,38
36,9,2,9,1,7688,38
17,7,4,0,0,0,38
79,9,2,3,1,0,38
59,9,2,5,0,7688,38
46,9,2,11,1,5013,38
49,9,2,2,1,7298,38
50,9,2,9,1,0,38
48,9,2,0,1,0,38
41,9,4,6,1,2174,38
33,10,4,0,0,0,38
34,9,5,13,1,0,38
40,14,4,9,0,0,38
41,15,2,9,1,0,16
37,12,2,11,1,0,38
31,13,2,3,1,0,38
19,7,4,11,0,0,15
53,9,2,6,1,0,38
32,9,2,6,1,0,38
52,14,2,9,0,15024,38
60,14,2,9,1,0,38
56,9,2,3,1,99999,38
56,10,2,0,1,0,38
36,13,2,0,1,0,29
25,10,4,7,0,0,38
24,9,4,7,0,0,38
40,10,2,2,1,0,38
54,14,2,11,1,0,38
30,9,2,2,1,0,38
60,14,2,3,1,0,38
39,9,2,3,1,0,38
31,13,2,3,1,0,38
25,10,4,12,1,2174,38
30,10,2,2,1,0,38
44,10,2,9,1,0,38
50,11,5,9,0,0,38
59,9,6,4,1,0,38
25,13,4,12,1,0,38
35,12,0,0,0,0,38
39,9,0,0,1,0,38
24,5,4,6,1,0,38
40,10,2,0,0,7688,38
54,9,2,11,1,0,38
23,7,2,7,1,0,38
49,13,0,9,0,0,38
47,9,2,13,1,0,38
56,10,2,12,1,0,38
61,15,2,9,1,0,38
43,13,2,3,1,15024,38
57,15,2,9,1,0,36
36,10,2,10,1,0,38
55,9,2,3,1,0,38
22,10,4,7,0,0,38
31,7,2,2,1,0,38
17,5,2,7,1,0,38
51,9,0,6,1,0,38
43,9,2,5,1,0,38
35,7,2,4,1,0,38
44,9,2,12,1,0,38
53,13,2,3,1,0,38
36,9,0,3,0,1831,38
44,12,2,9,1,0,38
39,9,2,2,1,5178,38
50,10,0,0,0,0,38
38,13,2,9,1,0,38
42,9,0,10,0,0,38
46,9,2,8,0,0,38
36,7,2,13,1,0,38
24,13,4,3,1,0,38
55,13,2,11,1,15024,38
49,9,2,10,1,0,38
42,13,2,0,0,0,29
35,9,4,5,1,0,38
17,6,4,7,1,0,38
26,9,4,10,1,0,38
30,9,2,2,1,0,38
40,14,0,9,1,0,38
45,9,2,2,1,0,38
58,9,2,6,1,0,38
49,9,6,0,0,0,38
30,13,4,3,1,0,10
42,9,4,2,1,3325,38
20,10,4,10,1,0,10
34,10,1,0,0,0,38
33,9,0,0,1,0,38
51,13,0,3,1,0,38
33,13,2,3,1,0,38
30,9,2,2,1,0,38
70,5,2,6,0,2653,38
35,9,2,2,1,0,38
48,10,0,7,1,0,38
45,13,2,10,1,0,18
22,13,4,0,0,0,38
44,12,0,9,0,0,38
26,11,2,9,0,7688,38
37,13,2,3,1,0,38
32,11,4,7,1,0,38
52,11,2,9,1,15024,38
30,11,0,11,0,0,38
38,9,2,0,0,0,38
76,9,6,7,0,0,38
24,9,4,10,1,0,38
63,14,2,9,1,0,38
79,16,6,9,0,0,38
32,9,2,6,1,0,38
31,13,4,12,1,0,38
63,9,0,13,1,0,38
50,10,2,3,1,0,10
34,10,2,5,1,0,38
21,9,4,11,0,0,38
35,9,2,10,1,0,38
55,13,2,3,1,0,38
52,9,2,0,1,0,38
37,5,0,2,1,0,38
52,13,2,1,0,14084,38
37,9,2,13,1,0,38
46,13,2,9,1,0,38
26,14,2,11,0,0,38
22,9,4,3,0,0,10
50,14,2,9,1,7298,38
52,10,2,3,0,0,38
30,9,0,0,0,0,38
38,9,2,2,1,5178,38
29,9,2,13,1,0,38
34,13,0,9,0,0,38
32,10,2,9,1,0,38
68,15,2,9,1,99999,38
38,9,2,2,1,0,38
39,9,4,5,1,0,38
63,9,6,3,0,0,38
18,9,4,0,1,0,38
53,4,0,6,0,0,38
47,9,2,2,1,0,38
50,10,2,2,1,0,38
25,9,2,11,1,0,38
58,9,0,2,1,14344,38
44,14,2,3,1,0,38
44,9,2,3,1,0,38
21,10,4,11,1,0,38
36,13,4,9,1,10520,38
31,9,4,6,1,0,38
34,13,2,3,1,0,38
41,4,2,2,1,0,2
24,13,4,9,0,0,29
30,9,2,12,1,0,38
41,14,2,3,1,0,38
37,13,4,12,0,0,38
28,13,2,9,1,0,38
29,9,4,13,0,0,38
46,10,2,3,1,0,38
52,9,2,2,1,0,38
37,7,2,5,1,7688,38
49,9,2,2,1,0,38
32,10,2,11,1,0,38
51,9,2,13,1,7688,38
34,10,4,7,1,0,38
22,10,2,7,1,0,38
35,9,0,7,1,0,38
47,9,2,2,1,0,38
66,10,2,0,1,0,38
53,9,0,3,0,0,38
57,10,2,4,1,0,38
54,10,0,3,0,0,21
51,9,2,0,1,0,38
20,7,4,0,1,0,38
46,9,2,7,1,0,38
46,13,2,9,1,7688,38
55,11,2,11,1,3103,38
32,9,2,2,1,0,38
54,13,2,3,1,0,38
31,9,4,9,1,0,38
58,9,2,2,1,0,38
49,6,5,0,1,2176,38
42,10,0,2,1,0,38
47,9,2,2,1,0,38
60,9,2,3,1,0,38
50,15,2,9,1,0,38
24,14,4,9,0,0,38
34,16,2,9,1,0,38
45,13,2,12,1,0,38
25,10,4,0,0,0,38
43,9,2,2,1,0,38
48,16,2,3,0,0,38
32,10,2,0,1,0,38
47,10,0,0,0,0,38
53,9,4,2,0,0,38
50,13,2,11,1,0,38
25,8,2,6,1,0,25
22,10,4,0,1,0,38
24,9,0,0,0,0,38
44,9,0,11,1,0,38
67,5,4,3,1,6205,38
38,9,2,2,1,0,38
29,7,4,3,0,0,38
36,9,2,4,1,5178,38
38,9,4,7,1,0,38
25,13,2,3,0,0,38
53,5,2,3,1,0,38
45,13,2,9,1,0,38
28,12,4,0,1,0,38
29,14,0,9,0,0,17
63,12,0,3,1,0,38
42,13,5,9,1,0,38
40,10,2,6,1,0,38
39,3,2,7,1,0,29
22,11,4,7,0,0,38
46,10,4,7,0,0,38
30,13,4,0,1,0,38
40,10,2,9,1,0,38
38,9,2,2,1,0,26
33,14,2,9,1,0,38
64,9,2,0,0,0,38
26,11,4,2,1,0,23
56,10,0,3,0,0,38
37,10,2,11,0,7298,38
51,12,2,3,1,99999,38
43,11,4,0,0,0,38
28,9,4,13,1,0,38
43,10,2,2,1,0,38
60,9,2,12,0,0,38
62,9,2,6,1,0,38
74,15,0,9,1,0,38
31,5,4,2,1,0,38
22,11,4,0,0,0,38
47,9,2,3,1,0,38
55,7,4,6,0,0,38
47,12,0,11,1,0,38
34,9,4,5,1,0,38
46,13,2,3,1,7688,38
34,10,4,7,1,0,38
56,4,2,6,1,0,38
32,10,4,0,0,0,38
51,14,0,3,1,25236,38
26,10,1,10,1,0,38
30,9,0,0,0,0,38
38,6,4,2,1,0,38
41,13,2,0,1,0,38
41,13,1,3,1,0,38
58,10,0,0,0,0,38
24,10,4,5,1,0,38
47,9,2,7,1,4386,38
45,13,2,3,1,0,38
50,9,2,3,1,0,38
56,10,2,11,1,0,38
23,13,4,5,1,0,38
51,11,2,2,1,0,1
45,10,0,3,0,0,38
67,14,2,3,1,0,38
50,14,0,9,0,0,38
30,10,2,0,1,0,38
49,14,2,3,1,0,38
46,12,0,2,1,0,38
45,14,2,9,1,0,38
74,9,2,11,1,0,38
47,15,2,9,1,99999,38
23,10,4,0,0,0,38
38,10,5,3,1,0,38
47,13,2,11,1,0,38
58,10,2,12,1,3103,38
36,9,5,6,0,0,38
38,9,4,13,1,0,38
32,13,4,9,1,0,38
41,15,2,3,1,15024,38
56,10,2,2,1,0,38
24,10,4,10,1,0,38
23,13,4,4,1,0,38
52,6,2,2,1,0,38
39,14,2,9,1,7688,38
19,9,4,4,1,0,38
62,10,2,11,1,0,38
35,13,2,3,1,0,38
47,7,0,5,1,0,38
43,7,2,5,1,0,38
38,12,2,9,1,0,29
50,15,2,9,1,0,38
60,4,2,6,0,0,38
44,10,2,12,1,0,38
47,9,4,2,1,0,38
57,9,2,2,1,0,38
43,10,0,0,0,0,38
56,15,2,9,1,0,38
24,11,4,6,1,0,38
26,9,4,5,1,0,38
21,10,4,3,1,0,38
48,9,2,0,1,0,38
20,9,4,13,1,0,38
40,9,3,2,1,0,38
43,10,0,9,1,0,38
20,9,4,7,0,0,25
36,9,2,11,1,0,38
50,2,5,9,0,0,38
23,13,4,0,0,0,38
21,9,4,5,1,0,22
26,10,2,3,1,0,10
37,10,2,13,1,0,38
36,9,2,3,1,0,38
32,12,2,5,1,0,38
17,7,4,0,1,0,38
35,6,2,6,1,0,38
61,13,2,9,1,15024,38
45,13,0,3,1,0,38
43,13,0,9,0,0,38
24,11,4,13,1,0,38
42,9,2,3,1,0,38
35,13,2,3,1,0,38
21,10,4,11,1,0,38
44,9,4,6,0,0,38
37,12,2,6,1,0,38
53,13,2,3,1,0,38
60,13,2,9,1,7688,38
59,9,6,3,0,0,38
59,16,2,9,1,0,38
45,14,0,10,1,0,38
50,10,0,2,1,0,38
37,10,2,0,1,0,38
38,9,2,13,1,7298,38
23,13,4,9,1,0,38
36,11,2,10,1,0,38
61,8,6,6,0,0,21
77,15,2,3,1,0,38
41,16,4,6,0,0,38
55,13,2,9,1,0,38
23,10,4,0,1,0,38
19,10,4,13,1,0,38
46,9,2,6,1,4386,38
76,6,2,0,1,1173,38
42,13,2,3,1,0,38
42,3,3,4,1,0,25
45,10,0,9,0,0,38
29,10,0,3,0,0,38
37,7,2,13,1,0,38
54,13,0,3,0,0,38
70,10,2,3,1,6514,38
43,13,0,11,0,0,38
44,13,2,9,1,0,38
55,14,2,11,1,0,38
42,14,2,11,1,0,6
42,9,0,13,1,0,38
31,8,5,13,1,0,38
44,10,2,2,1,7688,38
27,9,2,2,1,0,10
58,9,2,2,1,0,38
55,14,2,9,1,0,38
47,13,2,3,1,0,38
30,10,2,12,1,0,38
31,13,2,9,1,0,32
22,8,2,13,1,0,38
28,10,4,2,1,0,38
56,10,2,2,1,0,38
32,6,4,2,1,0,38
33,9,2,6,1,0,38
39,9,2,2,1,0,38
35,14,4,3,1,0,38
37,12,2,9,1,0,1
59,16,2,9,1,0,38
24,14,4,12,1,0,38
52,2,2,3,1,0,38
46,10,4,0,0,0,38
33,13,4,9,0,0,38
40,11,2,3,1,7688,38
35,10,2,5,1,0,38
36,9,2,2,1,15024,38
35,8,0,2,1,0,38
49,10,0,2,0,0,38
43,11,6,0,0,0,38
46,14,2,9,0,7688,38
49,13,2,0,0,0,38
35,9,2,9,1,7298,38
53,13,0,3,1,0,38
51,10,2,3,1,0,38
64,4,2,7,0,0,38
28,13,4,9,0,0,38
44,9,2,10,1,0,38
64,7,4,0,1,0,38
24,10,4,9,1,0,38
46,10,0,0,0,0,38
40,10,0,13,1,0,38
47,13,2,3,1,0,38
20,9,4,0,1,0,38
52,11,0,7,0,0,38
43,10,0,0,0,0,38
36,13,2,9,1,0,38
56,11,2,12,1,0,38
54,14,2,3,1,0,38
44,10,2,11,1,0,38
39,13,2,9,1,0,38
26,9,2,3,1,0,38
51,7,2,2,1,0,38
36,10,2,2,1,0,38
43,9,2,11,1,0,38
52,16,2,9,1,0,18
48,9,2,0,1,0,38
47,9,2,2,1,0,38
54,10,2,10,1,0,38
26,10,2,11,1,0,38
56,13,2,12,1,0,38
36,14,2,7,1,0,38
47,13,3,0,1,0,38
25,10,2,2,1,0,38
30,13,2,3,1,0,38
55,14,3,3,0,0,38
52,9,2,3,1,0,38
40,10,2,6,1,0,38
46,10,2,12,1,5178,38
56,8,2,3,1,0,38
41,9,2,9,1,7688,38
25,8,4,7,1,0,38
52,9,2,6,1,0,38
22,9,4,13,1,0,38
40,9,2,12,1,0,38
52,9,5,8,0,0,38
52,11,2,2,1,0,38
49,16,2,9,1,0,38
37,14,2,9,1,0,38
22,10,4,0,0,0,19
38,10,2,2,1,0,38
51,13,0,3,1,0,38
49,14,2,3,1,0,38
42,13,0,8,0,4687,38
44,10,2,12,1,4386,38
65,10,0,0,0,0,38
45,13,2,3,1,0,38
37,10,2,6,1,0,38
47,12,2,11,1,5178,38
53,13,2,3,1,99999,38
22,13,4,11,1,0,38
24,13,4,0,0,0,38
32,9,4,11,0,0,38
41,13,2,11,1,15024,38
30,13,4,3,0,0,10
39,12,0,3,0,0,22
49,10,2,3,1,0,38
34,9,2,13,1,0,38
34,10,0,0,0,0,38
43,13,0,11,1,0,38
42,9,2,6,1,0,38
53,10,2,13,1,0,38
53,14,2,3,1,0,38
61,4,2,13,1,0,38
21,10,0,2,1,0,38
45,14,0,11,0,25236,38
25,9,2,2,1,0,38
60,9,2,2,1,0,38
61,4,2,0,1,2885,38
51,10,2,11,1,0,38
53,10,0,5,1,0,38
38,10,0,2,1,0,19
35,9,2,2,1,7688,38
46,14,0,9,0,0,38
56,9,2,13,1,0,38
45,16,2,3,1,0,38
35,9,2,2,1,0,38
31,9,0,2,1,0,38
65,14,2,11,1,20051,38
39,4,4,7,1,0,38
66,13,2,8,1,0,38
52,13,2,3,1,0,38
54,10,2,2,1,0,38
25,9,0,11,0,0,38
37,9,4,7,1,0,38
30,9,2,10,1,0,38
37,10,2,1,1,0,29
40,13,2,12,1,0,38
56,10,6,0,0,0,38
27,13,4,11,1,0,38
72,9,2,0,1,0,4
34,12,4,2,0,0,38
20,9,4,11,1,0,38
54,9,2,2,1,0,38
51,10,2,11,1,0,38
29,9,2,12,1,99999,38
54,9,4,0,0,0,38
55,10,0,12,0,0,38
32,10,4,0,0,0,38
31,10,0,0,0,0,38
41,10,2,2,1,0,38
42,10,4,3,0,0,38
19,7,4,11,0,0,38
25,13,4,3,1,0,38
39,9,0,12,0,0,38
55,9,2,12,0,0,38
58,11,2,2,1,0,38
34,10,2,3,1,0,38
65,9,2,3,1,0,38
27,9,4,2,1,0,20
50,10,2,2,1,0,38
55,9,2,9,0,0,38
35,12,4,2,1,8614,38
32,13,0,11,1,0,38
20,9,4,6,0,0,38
30,15,0,9,1,10520,38
38,14,2,9,1,0,8
38,13,0,9,0,15021,38
24,10,4,2,0,0,38
27,12,4,7,1,0,38
57,9,0,7,0,0,38
52,9,0,0,0,0,38
49,13,2,9,1,0,38
39,13,2,9,1,0,38
30,14,2,9,0,0,38
34,11,4,2,0,0,38
20,6,0,0,0,0,38
50,10,2,11,1,0,38
44,13,2,3,1,0,38
52,5,6,0,0,0,38
32,9,2,3,1,0,20
47,13,2,0,1,0,38
56,13,2,5,1,0,29
56,8,2,2,1,99999,38
23,10,4,0,0,0,38
43,9,2,3,1,0,38
35,7,0,13,1,0,38
32,10,2,9,0,0,38
37,14,2,0,1,7688,38
32,15,2,9,1,15024,38
55,13,2,11,1,0,38
36,9,4,6,0,0,38
57,10,2,2,1,0,38
56,10,2,2,1,0,38
33,9,2,10,1,0,38
32,9,2,12,1,7298,38
29,12,0,9,0,0,38
19,10,4,0,1,0,38
29,9,2,2,1,0,38
55,14,2,3,1,0,38
62,9,2,11,1,0,38
34,14,5,9,0,0,38
46,13,2,9,0,7688,38
48,10,2,3,1,0,38
31,9,4,0,0,0,38
55,10,2,9,1,0,30
49,9,2,0,1,0,38
25,13,4,11,0,0,38
45,16,0,9,1,0,38
48,9,0,6,0,0,38
31,9,2,6,1,0,38
42,10,2,10,1,0,38
58,11,2,2,1,0,38
63,13,2,2,1,0,34
42,9,2,13,1,0,38
40,13,2,0,0,0,38
28,9,2,3,1,7688,38
47,13,0,3,0,0,38
29,11,4,9,1,0,38
44,9,2,2,1,0,38
18,7,2,5,1,0,38
31,6,0,11,0,0,38
45,10,2,0,1,0,38
46,9,2,0,1,0,38
45,14,2,3,1,0,38
46,7,5,6,0,0,38
60,13,2,11,1,0,38
25,13,2,9,1,0,38
26,9,2,0,0,0,38
32,13,2,3,1,15024,38
44,14,2,3,1,0,38
41,9,2,2,1,0,38
39,13,4,3,1,0,38
44,11,2,12,1,4386,38
61,4,6,7,0,0,38
52,9,4,7,0,0,38
55,6,6,2,0,0,38
49,9,2,13,1,0,38
58,15,0,8,0,25236,38
34,13,2,11,1,0,38
34,12,2,11,1,0,38
58,15,2,9,1,0,38
59,13,2,3,1,10605,38
31,11,0,11,1,0,38
43,13,0,3,1,0,38
45,9,4,0,0,0,38
27,9,2,13,1,0,38
26,13,4,7,1,0,38
50,14,2,9,1,0,38
30,13,1,3,0,0,38
44,9,2,13,1,0,38
21,11,2,2,1,0,38
51,10,2,3,1,0,38
58,10,2,11,1,0,38
42,9,2,2,1,0,38
60,9,6,6,0,0,38
51,9,2,6,1,4386,38
22,10,4,5,1,0,38
18,7,4,5,1,0,38
23,10,2,11,0,0,38
53,14,2,9,1,0,38
46,10,2,9,1,7688,38
59,9,2,3,0,7688,38
33,10,2,3,1,0,38
29,9,4,10,0,0,38
28,14,0,9,0,0,38
41,9,2,2,1,0,38
50,14,2,9,1,7688,36
62,10,2,6,1,0,38
24,9,4,5,1,0,38
53,9,0,13,1,0,38
31,9,4,7,0,0,38
47,10,2,11,1,0,38
50,4,2,6,1,0,38
24,13,2,9,0,0,38
29,9,2,9,1,0,38
47,9,3,2,0,0,38
38,13,2,11,1,0,38
42,15,2,9,1,15024,38
38,9,2,9,0,0,38
51,15,2,9,1,0,38
56,13,2,9,1,0,38
51,14,2,9,0,0,38
37,9,2,11,1,0,38
55,13,2,3,1,0,38
62,5,2,3,0,5178,37
33,9,0,5,1,0,38
35,9,2,2,1,3103,38
54,14,2,9,1,0,38
30,13,2,9,1,0,38
44,15,4,9,1,10520,38
33,13,2,3,1,0,38
67,9,6,7,1,0,38
46,13,2,2,1,0,38
42,13,2,3,1,15024,38
39,13,2,9,1,0,38
48,10,2,11,1,3103,38
40,9,0,0,1,0,38
54,13,2,4,1,7688,38
35,9,2,0,0,0,38
42,9,2,2,1,0,38
60,12,2,7,1,0,38
36,9,2,2,1,0,38
58,9,2,2,1,0,38
59,10,6,7,0,0,30
44,13,2,3,1,7298,38
30,10,4,11,0,0,7
58,13,2,3,1,0,38
26,10,2,3,0,0,38
22,9,4,2,1,0,38
27,9,4,0,0,0,38
27,10,4,0,0,0,38
26,6,2,7,1,0,38
49,9,2,10,1,0,38
23,9,4,13,1,0,38
42,14,4,3,1,0,38
34,13,2,9,1,0,38
35,13,2,3,1,4386,38
57,14,2,9,1,15024,18
36,9,0,0,0,0,38
36,11,2,2,1,0,0
33,14,2,9,1,0,38
67,2,6,6,0,2062,6
19,9,4,7,0,0,38
40,13,2,11,1,7688,38
26,10,4,5,1,0,29
29,9,4,6,1,0,38
32,4,2,2,1,0,38
31,9,0,13,1,0,38
46,15,2,9,1,99999,38
35,10,2,6,1,0,38
47,10,0,9,1,0,38
52,14,2,9,1,0,38
39,9,4,7,1,0,38
42,14,2,3,1,0,38
44,9,2,2,1,0,38
54,12,2,2,1,0,4
26,5,4,7,0,0,7
38,13,2,0,0,0,38
39,8,2,0,1,0,38
20,10,4,0,0,0,38
38,12,2,9,1,0,38
44,10,0,13,1,0,38
55,13,2,9,1,15024,38
50,9,0,2,0,0,38
68,11,2,3,1,20051,38
50,9,2,3,1,0,38
32,11,2,0,1,7298,14
31,6,2,11,1,0,38
46,9,2,13,1,0,38
44,13,2,3,1,0,36
43,9,2,7,1,0,38
41,9,4,7,0,0,38
63,9,0,0,0,0,38
44,13,0,11,1,0,38
33,13,2,3,0,0,38
25,10,4,4,0,0,38
48,14,2,3,1,0,38
27,9,5,5,0,0,23
58,9,5,10,0,0,38
74,10,2,9,1,0,38
37,12,4,11,0,0,38
24,13,4,3,1,0,38
46,10,3,2,1,0,29
35,14,2,11,1,0,38
39,9,0,0,0,0,38
42,9,2,6,1,0,38
24,14,4,8,0,0,38
52,16,2,9,1,0,19
46,10,2,11,1,0,38
27,9,4,5,0,0,38
55,13,2,3,1,0,38
47,13,0,3,0,0,38
21,10,4,12,0,0,38
51,14,0,3,0,0,38
30,10,0,6,1,0,38
50,9,2,13,1,7298,38
47,10,2,13,1,0,38
41,11,2,0,0,3103,38
36,9,2,2,1,0,38
54,13,0,9,0,0,38
40,9,2,7,1,0,38
27,12,4,3,1,3325,38
25,13,2,9,1,0,38
32,13,2,11,1,15024,38
52,13,2,9,1,0,38
42,9,2,2,1,0,38
57,14,2,3,1,0,38
25,10,4,12,0,2174,38
53,5,2,2,1,5178,34
45,13,2,9,1,0,38
52,10,0,0,0,0,38
19,10,4,0,0,0,38
49,11,4,11,1,0,38
25,13,4,2,0,0,38
44,14,2,3,1,0,38
39,9,5,11,0,0,38
30,9,2,2,1,0,38
43,9,2,2,1,0,38
62,9,6,2,0,0,38
51,12,2,2,1,7688,25
21,10,4,5,1,0,38
61,3,2,4,0,0,25
34,16,2,9,1,0,38
27,7,0,2,1,0,38
35,10,2,11,1,0,38
53,9,0,2,1,0,38
47,13,2,3,1,0,38
20,7,2,5,1,0,38
44,14,2,3,1,0,38
58,10,6,9,0,0,38
60,13,2,11,1,0,38
20,9,4,5,1,0,38
31,13,4,0,1,8614,38
56,13,2,11,1,7688,38
58,9,2,3,1,0,38
21,10,4,0,1,0,35
61,10,2,0,1,0,38
52,14,2,9,1,0,38
54,4,2,6,0,0,38
21,9,4,0,1,0,38
36,12,2,9,1,0,38
49,9,2,3,1,0,38
52,10,2,2,1,0,38
41,10,2,11,1,0,38
50,15,2,0,1,0,24
19,10,4,11,1,0,38
20,9,4,0,0,0,38
51,11,2,9,1,0,38
56,9,2,2,1,0,38
60,9,2,2,1,0,38
31,10,2,2,1,0,38
38,10,4,3,0,0,38
36,9,2,12,1,0,38
52,15,2,3,1,0,38
67,12,2,3,1,9386,38
41,15,2,3,1,0,38
59,9,2,2,1,0,38
39,9,0,3,1,0,38
32,13,4,3,0,10520,38
54,14,2,3,1,0,38
53,9,2,6,1,0,38
55,10,2,9,1,0,38
48,15,2,9,1,0,38
57,14,2,9,1,0,38
61,9,2,13,1,0,38
20,10,4,7,1,0,38
57,10,0,2,0,0,38
18,6,4,4,1,0,38
45,3,2,13,1,0,25
28,13,2,11,1,0,38
30,9,4,10,0,0,38
31,13,4,3,0,0,38
57,10,2,11,1,0,38
59,9,2,9,1,0,38
47,9,2,13,1,0,38
33,15,2,9,1,0,38
49,9,2,2,1,7688,38
43,10,2,9,1,0,38
27,13,0,0,0,0,38
67,4,2,2,1,1797,38
26,13,4,2,1,0,38
61,15,2,9,1,0,38
42,13,5,7,0,0,38
47,9,2,9,0,7298,38
30,13,2,9,1,0,38
44,5,0,7,0,0,38
60,10,2,9,1,7298,38
25,9,4,5,1,0,38
49,9,2,2,1,0,38
43,14,2,3,1,0,38
20,6,4,5,1,0,38
25,9,4,7,0,114,38
23,10,4,7,1,0,25
52,13,2,9,1,0,38
44,13,2,3,1,0,38
57,10,5,0,0,0,38
60,14,2,3,1,0,38
53,16,2,9,1,0,38
21,10,2,0,1,0,38
31,8,2,11,0,0,38
33,14,2,9,0,0,38
36,13,2,9,1,0,38
47,13,2,9,1,0,20
44,10,0,0,0,0,38
49,4,4,9,1,0,38
53,16,2,9,1,0,38
28,10,0,0,0,0,38
54,9,0,4,1,14344,38
61,9,2,7,1,0,38
22,10,3,0,0,0,38
23,12,4,9,1,0,38
51,9,2,12,1,7298,38
41,10,0,2,1,0,38
38,10,4,11,1,0,38
20,10,4,3,1,0,38
48,13,3,3,1,0,22
42,12,2,12,1,0,38
26,13,4,9,0,0,38
49,9,2,2,1,0,38
24,13,4,9,1,10520,38
40,13,2,11,1,0,38
58,13,2,4,1,0,38
40,9,2,4,1,0,38
46,13,2,11,1,0,38
45,13,0,0,0,0,10
44,13,2,12,1,0,38
57,8,2,13,1,7688,38
37,13,2,3,1,0,38
41,13,0,0,0,0,38
31,10,4,0,0,0,38
27,13,2,2,1,0,38
23,10,2,12,1,0,38
56,13,4,9,0,2907,4
36,9,2,6,1,0,38
27,9,5,5,1,0,38
37,10,2,2,1,0,38
36,9,5,7,0,0,38
32,10,4,2,1,0,38
33,13,2,0,1,0,29
26,10,4,12,0,0,38
46,16,4,9,0,0,38
57,9,0,7,0,0,38
33,9,2,3,0,5178,38
38,9,2,2,1,0,38
39,9,0,2,1,2174,38
45,10,2,2,1,0,38
66,10,2,0,1,0,38
25,9,4,13,1,0,25
34,11,4,2,0,0,38
55,9,2,2,1,0,38
52,9,2,10,1,0,38
35,13,2,7,1,0,38
57,10,2,9,1,0,38
28,10,2,2,1,0,38
36,9,2,2,1,7688,38
59,16,2,9,1,0,38
58,12,0,0,0,0,38
51,10,2,9,1,0,38
41,9,5,7,0,0,25
46,9,2,6,1,0,38
56,10,2,3,1,0,38
50,11,2,12,1,0,38
51,12,5,7,0,0,38
40,9,4,5,1,0,20
49,13,2,9,1,0,3
29,8,2,13,1,0,25
34,10,2,7,1,7298,38
40,13,2,11,1,0,38
39,13,2,9,1,0,38
31,9,0,2,1,0,38
58,9,6,11,1,0,38
68,4,2,0,1,0,38
43,13,2,9,1,0,38
54,13,2,11,1,0,38
45,13,2,10,1,0,18
45,13,2,3,1,0,38
24,9,2,2,1,0,38
46,9,0,3,1,0,38
46,11,2,12,1,0,38
58,13,2,9,1,0,38
27,9,2,11,1,0,38
57,9,2,3,1,0,38
59,16,2,11,1,0,38
42,13,2,0,1,0,38
51,16,2,9,0,0,38
50,10,0,7,1,0,29
46,13,2,11,1,0,18
48,9,2,2,1,0,38
44,13,4,9,0,0,38
54,9,4,9,1,0,38
28,9,2,2,1,0,38
40,13,3,7,1,0,25
41,10,2,11,0,14344,38
60,9,2,7,1,0,38
49,9,2,2,1,0,38
39,9,2,2,1,0,38
44,14,2,9,0,4386,38
53,9,2,11,1,0,38
40,10,0,0,0,0,38
49,9,2,13,1,0,38
57,16,2,9,1,0,38
51,9,2,5,1,4386,38
38,13,2,11,1,0,38
51,9,2,0,1,0,38
55,14,2,9,1,0,38
33,10,2,11,1,0,38
45,9,4,13,0,0,38
67,9,6,3,0,15831,38
50,13,4,9,0,0,38
41,10,2,2,1,0,38
46,13,2,9,1,0,38
31,9,4,2,1,0,38
22,9,4,9,0,0,38
54,10,2,9,1,0,38
22,9,4,4,1,0,38
40,14,2,3,1,0,38
58,15,2,9,1,0,38
36,12,2,2,1,0,38
35,11,2,3,0,0,38
48,10,2,10,1,0,38
36,10,2,3,1,0,38
43,10,0,11,1,0,38
36,9,2,3,1,0,38
44,10,2,3,1,0,38
47,14,2,3,1,0,38
28,9,2,2,1,0,38
25,10,4,9,1,0,38
28,9,2,13,1,0,38
49,11,4,3,0,0,38
35,13,2,3,1,0,38
63,12,2,11,1,0,38
21,10,4,0,1,0,38
48,9,2,11,1,0,38
48,14,2,11,1,0,18
56,9,2,13,1,0,38
51,13,2,9,1,0,38
61,13,2,3,1,5240,38
24,13,1,9,0,0,38
50,10,2,11,1,0,38
53,13,0,3,0,0,38
29,9,2,13,1,0,38
32,10,0,0,1,0,38
28,3,4,7,0,0,25
46,12,2,2,1,0,38
40,13,2,11,1,0,38
41,9,2,2,1,0,38
30,10,0,3,0,0,38
37,9,4,3,0,0,38
47,9,2,6,0,0,38
34,9,2,6,1,0,38
68,13,2,9,1,0,38
20,10,4,7,1,0,38
40,12,0,3,0,0,38
30,10,0,10,0,0,38
47,9,2,9,1,0,10
28,9,2,6,1,0,38
35,5,2,4,1,0,38
17,7,4,0,0,0,38
21,10,4,7,0,0,38
47,11,2,3,0,0,38
53,14,0,9,0,0,38
37,8,4,7,0,0,38
35,9,2,11,1,0,38
37,9,0,4,1,0,38
21,9,4,7,1,0,38
38,15,2,9,1,0,38
51,10,0,9,1,0,38
46,14,2,9,1,0,38
22,10,5,11,0,0,38
33,11,4,2,1,0,38
31,13,2,3,1,0,38
41,14,2,9,1,0,38
59,6,2,13,1,0,38
51,10,0,0,0,0,38
27,13,4,12,0,0,38
45,9,2,2,1,0,38
33,9,2,2,1,0,38
55,13,6,6,0,0,38
27,13,4,5,1,0,38
31,13,0,2,0,0,38
55,9,2,2,1,7688,38
62,10,2,1,1,9386,38
45,9,3,4,1,0,38
31,5,4,6,1,0,38
37,11,2,11,1,0,38
44,13,2,2,1,0,38
48,10,4,5,1,0,38
57,5,2,2,1,0,38
39,9,2,7,0,0,38
43,9,2,2,1,0,38
43,9,2,3,1,0,38
47,13,0,0,0,0,38
62,9,0,0,0,0,38
24,13,4,6,1,0,38
45,9,0,3,1,0,38
43,10,2,5,1,0,11
40,13,2,11,1,0,38
37,10,2,2,1,0,38
45,10,2,13,1,7298,38
32,14,2,9,1,0,38
32,10,2,9,1,7298,38
44,10,2,9,1,0,38
50,13,2,3,1,0,38
65,9,2,12,1,0,38
46,9,2,0,0,0,38
25,9,2,13,1,0,38
57,13,2,9,1,0,18
66,5,2,0,1,0,38
30,10,2,7,0,0,38
19,9,4,11,1,4101,38
32,10,0,3,0,0,38
37,12,2,11,1,0,38
51,15,4,9,1,0,38
23,13,4,3,0,0,38
42,14,2,9,1,0,38
34,9,2,0,1,0,38
55,10,2,11,1,0,1
53,5,4,2,1,0,22
44,14,2,9,1,0,38
53,9,2,2,1,0,38
25,10,4,7,1,0,38
41,12,2,6,1,0,38
32,9,2,2,1,0,38
30,13,4,3,1,14084,38
47,9,2,6,1,7298,38
50,14,2,9,0,0,38
61,9,2,6,1,0,38
36,9,2,0,0,0,38
20,10,4,0,0,0,38
55,10,2,9,1,0,38
40,13,2,3,1,0,38
48,16,2,9,1,0,38
53,14,2,9,0,15024,38
59,12,2,0,1,0,38
46,9,2,0,0,7688,38
39,9,2,2,1,0,38
78,15,2,9,1,0,38
41,11,2,0,0,7688,38
27,13,2,3,1,0,38
25,9,4,11,0,0,3
37,10,2,11,1,0,38
19,12,4,3,0,0,38
37,13,2,9,0,7688,38
51,9,2,2,1,0,38
31,9,0,0,0,0,38
52,10,2,2,1,0,38
38,13,2,9,0,7688,38
35,14,2,9,0,0,38
59,10,4,3,0,0,38
32,9,2,6,1,0,38
55,10,2,12,1,0,38
27,9,4,5,1,0,38
29,9,4,7,1,0,38
42,10,2,11,1,0,38
37,13,2,9,0,0,38
28,9,4,5,1,0,38
51,9,2,2,1,7298,38
50,11,1,3,0,14344,38
36,11,1,9,1,0,38
38,10,2,3,1,0,38
34,15,4,12,1,0,18
60,9,2,11,0,0,38
46,10,0,3,0,0,38
45,13,2,3,1,0,38
46,10,4,3,0,0,38
48,9,2,2,1,0,38
47,13,2,3,1,0,38
58,13,2,3,1,0,38
57,12,6,0,0,0,38
49,10,0,0,0,0,38
50,9,2,5,1,0,38
25,9,0,2,1,0,38
45,13,0,3,1,0,38
50,14,2,9,1,7688,38
19,10,4,7,0,0,38
41,13,2,3,1,7298,38
24,9,2,5,1,0,38
44,10,2,0,0,0,38
21,11,4,2,1,0,38
52,9,2,4,1,0,25
51,9,2,2,1,0,38
47,9,2,0,0,0,38
58,9,2,13,1,0,38
26,10,4,0,0,0,38
26,13,4,9,0,8614,38
32,10,3,13,0,0,38
50,7,4,2,1,0,38
37,6,2,6,1,0,25
29,10,2,2,1,0,38
46,14,6,9,0,0,38
56,13,2,9,1,3103,38
36,14,4,9,0,0,38
24,9,0,3,0,0,38
39,13,2,0,1,0,38
23,9,4,2,1,0,3
40,9,2,9,1,0,38
38,9,0,3,1,0,38
35,13,2,11,1,0,38
29,9,2,2,1,0,38
28,9,2,3,1,0,38
50,13,2,3,1,0,38
29,13,4,3,0,0,38
21,10,4,7,1,0,27
47,13,2,2,1,15024,38
37,9,2,2,1,0,38
41,9,2,2,1,0,38
35,13,2,11,1,0,38
53,9,2,13,1,0,38
22,6,4,0,0,0,38
25,13,4,3,1,0,35
66,15,2,9,1,10605,38
55,11,2,3,1,0,38
54,10,2,3,1,0,38
27,10,4,10,1,0,38
21,10,4,13,1,0,38
34,14,4,9,0,0,35
43,10,2,6,0,13550,38
62,9,2,6,1,0,38
46,11,2,3,1,15024,38
46,14,2,9,1,15024,38
27,9,2,11,1,0,38
42,9,0,11,1,1151,38
42,9,0,6,1,0,38
28,13,2,7,1,0,38
41,13,5,2,1,0,38
30,9,2,12,1,0,38
35,10,2,3,1,0,38
36,10,5,0,0,0,38
32,7,0,0,0,0,38
29,9,2,6,1,0,38
46,14,2,3,1,0,38
27,9,4,5,1,0,38
42,10,2,10,1,0,38
60,9,2,2,1,15024,38
28,13,4,0,0,0,38
53,10,6,11,0,0,38
36,10,2,10,1,5178,38
33,15,2,9,1,0,38
53,9,2,9,1,0,38
62,11,2,3,1,15024,38
56,9,2,13,1,0,38
30,8,4,2,1,0,38
34,9,4,0,1,0,38
48,9,2,2,1,0,38
32,11,2,13,1,0,38
32,9,2,2,1,0,38
39,9,2,2,1,0,38
59,13,2,3,1,0,38
46,10,0,11,1,0,38
23,13,4,0,0,0,38
53,9,2,6,1,0,38
25,13,4,3,1,0,38
54,10,0,3,0,0,38
20,10,4,7,1,0,38
30,10,4,0,1,0,38
28,9,0,4,1,0,38
43,9,1,2,0,0,38
51,10,2,2,1,0,38
52,10,2,3,1,0,38
23,11,4,0,0,0,38
45,10,2,2,1,0,38
65,5,2,2,1,0,38
48,13,2,3,1,15024,38
31,9,0,2,1,0,38
49,14,2,9,1,0,38
22,12,4,13,1,0,38
34,10,5,0,0,0,38
29,9,4,2,1,0,38
22,9,4,0,0,0,38
57,10,2,11,1,0,38
41,10,4,3,0,0,38
58,13,0,9,0,0,38
30,13,2,11,1,0,38
34,9,4,0,0,4865,38
41,8,2,5,1,0,38
39,10,0,0,0,0,38
41,14,4,3,1,0,38
21,10,4,6,1,0,38
31,13,0,9,1,0,38
22,10,4,7,1,0,38
64,9,2,3,1,0,38
40,13,2,11,1,0,38
38,5,2,0,1,0,38
29,12,4,11,0,0,38
41,9,2,13,1,0,38
42,10,0,3,0,0,38
52,12,2,10,1,0,38
48,14,0,3,0,0,38
32,12,2,0,1,0,38
29,10,2,12,1,0,38
41,9,4,0,0,0,38
54,9,4,0,1,0,38
49,9,2,7,0,0,38
61,9,2,2,1,0,38
38,9,2,3,1,0,38
20,10,4,7,1,0,38
39,12,4,9,1,0,38
50,10,6,9,1,0,38
47,9,2,3,1,0,38
36,14,2,9,1,0,38
44,8,4,13,1,0,38
62,13,0,11,1,99999,38
41,13,2,3,1,0,38
27,13,4,0,1,0,38
38,9,4,9,1,0,38
37,9,2,2,1,0,38
26,10,2,11,1,0,38
31,10,2,2,1,0,38
50,15,2,9,1,0,38
72,10,6,11,1,0,38
43,12,2,12,1,0,38
44,13,2,3,1,0,38
21,9,5,7,0,0,38
40,9,4,11,1,0,38
42,10,2,3,0,7298,38
36,9,0,2,1,0,38
31,14,2,3,1,0,38
22,10,4,0,1,0,38
47,13,2,3,1,0,38
37,10,2,9,1,0,38
22,12,4,7,0,0,38
32,13,4,9,1,0,38
57,16,2,9,1,0,38
43,11,2,2,1,0,38
64,7,2,2,1,0,38
29,9,4,13,1,0,38
45,13,4,9,0,0,10
52,13,2,11,1,0,38
29,13,2,9,1,0,38
33,14,2,9,1,0,38
43,9,2,13,1,0,38
25,9,4,6,1,0,38
51,9,0,10,1,0,38
31,9,2,0,0,0,38
46,11,2,2,1,15024,38
53,9,0,12,1,0,38
36,13,2,9,1,0,38
49,9,0,2,1,0,38
51,9,4,0,0,0,38
36,9,2,4,1,0,38
51,7,2,4,1,0,38
32,13,2,3,1,0,38
23,10,4,0,0,0,38
27,10,2,3,1,7688,38
45,10,4,4,1,0,38
34,9,4,0,0,0,38
32,10,2,3,1,0,38
31,4,5,2,0,0,38
62,9,0,6,0,2174,38
31,9,4,2,1,0,38
21,9,4,5,1,3674,38
43,9,2,10,1,0,38
31,13,0,9,0,0,38
37,10,2,2,1,5178,38
32,13,2,3,0,0,38
55,9,0,0,1,0,38
52,15,2,9,1,99999,38
30,9,2,3,1,0,38
25,9,4,2,0,14344,38
47,11,0,0,0,0,38
45,9,2,13,1,0,38
53,9,2,0,1,0,38
27,13,4,2,1,0,38
48,13,2,3,1,0,23
67,13,2,0,1,0,38
37,9,4,13,1,0,38
37,9,2,9,0,0,38
47,14,2,9,1,0,38
45,13,2,9,1,0,38
26,10,4,11,0,0,38
59,9,4,0,1,0,12
27,13,4,10,1,13550,38
41,9,0,2,1,2174,23
53,9,2,3,0,0,38
27,9,4,7,0,0,38
54,9,2,6,1,0,30
24,10,4,0,0,0,38
36,11,2,0,1,0,38
61,4,2,11,1,0,38
41,13,2,9,0,0,38
30,9,2,10,1,0,38
38,13,2,3,1,0,38
23,9,0,2,1,0,38
47,13,2,3,1,0,38
44,13,2,3,1,0,38
32,13,2,11,1,0,38
40,10,2,2,1,0,38
33,9,2,11,1,0,38
32,9,0,11,1,0,38
26,10,2,11,1,0,38
43,10,2,11,1,7298,38
53,10,2,0,1,0,38
42,10,0,3,1,0,38
39,10,0,11,0,0,38
57,10,2,11,1,99999,38
35,13,4,11,0,0,38
21,10,4,7,0,0,38
41,9,2,13,1,0,38
38,14,4,3,0,10520,38
30,9,2,13,1,0,38
46,9,0,6,0,0,38
38,9,2,5,1,0,38
42,12,2,3,1,0,38
36,11,2,3,0,0,38
64,5,2,0,1,0,38
47,9,2,3,1,0,38
28,9,2,2,1,0,38
20,10,4,7,1,0,38
26,9,4,0,1,0,38
32,10,5,12,0,3887,38
17,8,4,0,0,0,38
46,9,0,9,0,0,38
46,15,5,9,0,0,10
44,13,3,0,0,0,4
44,9,2,2,1,7688,38
48,10,6,7,0,0,38
50,9,2,2,1,0,38
41,9,2,2,1,0,38
34,13,2,9,1,0,38
28,6,4,6,1,0,38
57,9,0,0,0,0,38
59,9,2,5,1,0,38
20,10,4,0,0,0,38
44,10,2,11,1,0,38
59,9,6,6,0,0,38
42,9,2,11,1,0,38
39,12,2,2,0,0,29
58,13,2,0,1,0,38
43,13,2,9,1,0,38
51,9,2,13,1,0,38
69,13,2,9,1,20051,38
34,10,2,0,1,0,38
25,10,4,11,0,0,38
56,13,2,11,1,0,38
33,14,2,9,1,15024,38
32,10,2,11,1,4386,38
39,9,2,9,1,0,38
42,9,2,13,1,0,38
48,11,2,7,0,8614,16
36,14,2,9,1,0,38
43,5,2,2,1,0,38
26,11,4,7,0,0,38
39,9,2,0,0,0,38
40,13,2,10,1,0,38
21,10,4,6,1,0,38
31,12,2,0,1,7298,38
55,10,2,2,1,0,38
39,14,2,9,1,0,38
30,14,4,9,0,0,38
29,9,2,7,1,0,38
50,10,0,11,0,0,38
54,9,0,11,0,0,38
39,14,4,9,1,0,38
41,10,4,11,1,0,38
47,13,0,10,1,0,38
34,10,4,0,1,0,38
32,13,2,3,1,0,38
41,14,4,0,0,0,38
19,9,4,7,0,0,38
69,7,2,0,1,0,38
60,13,2,8,1,0,18
51,10,0,0,0,0,38
52,13,2,7,1,0,4
46,5,2,6,1,0,38
38,9,5,2,0,0,38
45,10,2,9,1,0,38
40,10,4,11,0,0,38
51,14,4,9,1,0,38
39,13,2,12,1,0,38
44,15,2,9,1,0,38
28,14,2,11,1,0,9
50,9,2,0,1,0,38
46,9,2,3,0,0,38
43,14,2,9,1,0,38
59,10,2,2,1,0,38
56,9,2,2,1,0,38
24,9,2,11,0,0,38
29,10,2,0,1,0,38
47,9,2,6,1,0,38
37,10,2,12,0,7298,38
19,10,4,0,0,0,38
26,10,2,5,1,0,38
56,10,2,0,1,0,24
38,13,0,11,1,0,38
35,11,4,0,0,14344,38
20,10,4,0,0,0,38
26,9,4,7,1,0,38
61,13,2,3,1,0,38
46,10,4,3,1,0,38
47,4,2,6,1,0,38
27,12,2,2,1,0,38
19,9,4,5,1,0,38
39,11,2,12,1,0,38
36,10,2,10,1,0,38
51,9,2,2,1,7298,38
34,13,2,3,1,0,38
48,13,2,9,1,0,38
60,9,0,3,1,10520,38
42,4,2,7,0,0,38
39,9,2,7,0,5013,38
36,9,0,0,0,0,38
35,9,0,2,1,0,38
26,13,4,7,0,0,38
36,13,2,9,1,0,38
58,13,4,9,1,0,38
40,9,2,9,1,7298,38
38,9,2,2,1,0,38
36,5,2,6,1,0,38
39,15,2,9,1,0,38
66,13,2,10,1,20051,38
18,9,4,6,1,0,38
43,10,2,11,1,7688,38
51,10,2,3,1,0,38
33,9,2,2,1,0,38
47,15,2,9,1,15024,38
51,16,2,9,1,0,18
30,10,4,2,1,0,38
29,9,2,13,1,5178,38
43,13,2,0,1,0,38
47,9,2,3,1,0,38
31,9,2,6,1,0,38
44,13,2,1,1,3103,38
42,13,2,3,1,0,38
37,9,2,12,1,0,38
40,14,4,6,0,14084,38
34,13,4,3,0,4787,9
50,9,2,11,1,0,38
34,15,2,9,1,0,38
45,14,2,9,0,0,38
54,13,5,9,0,0,38
46,11,0,12,0,0,38
51,9,4,2,0,0,25
43,14,2,9,1,0,38
31,10,6,0,0,0,38
24,10,2,11,1,0,38
54,10,2,3,1,0,38
38,16,2,9,1,0,38
36,14,2,3,1,15024,38
25,13,4,9,0,0,38
43,9,2,0,0,0,1
26,9,2,6,1,0,38
44,11,2,11,1,4386,38
28,11,2,9,1,99999,38
26,9,0,0,0,0,38
39,12,6,0,0,0,38
51,13,0,0,0,0,38
48,9,2,2,1,0,38
47,9,2,0,1,0,38
28,10,2,2,1,0,38
22,10,4,0,1,0,38
36,11,2,7,1,0,38
38,9,0,2,1,0,38
62,12,2,2,1,0,8
29,9,5,6,1,0,38
39,9,2,11,1,3103,38
31,10,0,0,0,0,38
39,10,0,3,0,0,38
43,13,4,9,0,0,38
45,13,2,2,1,3103,38
37,9,0,2,1,0,38
51,9,2,0,0,7688,38
30,10,2,2,1,0,38
27,9,2,2,1,0,38
31,10,2,11,1,0,38
38,13,5,9,1,0,38
44,9,2,11,0,0,38
28,13,2,3,0,0,38
41,14,4,9,1,0,38
31,9,2,6,1,0,38
52,9,2,11,1,0,38
31,12,2,2,1,0,38
37,9,4,5,1,0,38
36,9,2,0,0,0,38
52,10,2,7,1,0,38
62,11,0,7,1,0,38
33,14,4,9,1,0,38
49,14,2,3,1,0,38
53,16,2,9,1,0,38
39,15,2,9,1,0,38
23,13,4,0,1,2907,38
38,10,2,6,1,0,38
47,13,4,3,1,0,38
27,9,4,2,1,9562,38
32,9,4,7,1,0,38
51,10,2,2,1,0,38
18,6,4,11,0,0,38
50,9,2,0,0,5178,38
57,11,2,10,1,3103,38
37,9,2,4,1,0,38
42,10,2,2,1,0,38
53,10,2,11,1,15024,38
44,6,4,11,0,0,5
23,10,4,11,1,0,38
42,14,2,3,1,0,38
41,9,0,12,0,0,38
48,9,2,13,1,0,38
26,13,4,10,1,0,38
27,12,4,11,0,0,38
52,10,2,2,1,0,38
27,9,4,11,1,0,38
31,9,2,6,1,0,38
52,9,6,8,0,0,38
51,9,2,6,1,0,38
58,3,0,7,0,0,13
34,13,2,3,1,0,38
19,4,4,7,0,0,38
18,9,4,11,0,0,38
42,10,0,6,1,0,38
53,9,2,6,1,0,38
44,10,2,6,1,0,38
42,10,2,9,1,0,38
40,15,2,9,1,15024,38
19,8,2,3,0,15024,38
29,13,4,9,0,0,38
34,9,2,13,1,0,38
52,14,2,9,1,0,38
24,13,2,11,1,0,38
36,12,2,3,0,0,38
27,9,0,0,0,0,38
33,11,2,11,1,0,38
57,9,2,7,1,0,8
50,9,2,2,1,0,38
29,10,4,0,0,0,38
28,11,4,12,0,0,38
50,9,2,5,1,0,38
28,11,2,2,1,0,9
48,10,0,0,0,0,38
29,9,4,10,1,0,38
47,10,2,5,1,0,38
38,10,6,0,0,0,38
40,8,2,2,1,0,38
25,13,2,9,1,0,38
40,15,2,9,1,0,38
30,9,2,6,1,0,38
19,9,4,7,0,0,38
49,9,2,0,1,0,38
47,4,2,2,1,0,38
65,10,6,0,0,0,38
42,13,2,3,1,0,38
38,9,2,2,1,0,38
22,10,4,0,1,0,38
45,16,2,9,1,0,30
38,14,2,9,1,0,38
53,14,2,3,1,0,38
50,13,2,2,1,0,38
30,13,2,9,1,0,38
53,14,2,0,1,0,38
30,9,4,7,0,0,38
46,10,2,3,1,0,38
25,9,4,11,1,4416,38
52,9,0,7,1,0,38
36,13,0,9,0,0,38
25,13,0,2,1,0,38
49,14,2,3,1,0,38
57,9,5,6,1,2174,4
39,9,2,5,1,0,38
41,14,2,9,0,0,35
59,4,2,4,1,0,38
34,4,2,13,1,0,38
59,9,2,5,1,0,38
46,10,2,0,0,0,38
36,8,5,7,0,0,25
41,10,2,11,1,0,38
46,9,2,9,1,0,38
46,14,2,9,1,0,38
40,14,2,3,1,99999,38
38,13,0,3,1,0,38
40,14,4,0,0,0,38
21,10,4,11,1,0,38
38,7,2,2,1,5178,38
45,11,0,3,1,0,38
66,9,6,11,0,0,38
42,13,2,3,1,3137,38
27,10,2,3,0,0,38
49,9,2,2,1,0,38
35,13,0,12,1,7430,10
57,10,0,0,0,0,38
36,9,0,0,0,0,38
36,9,2,10,1,0,38
43,3,3,4,1,0,25
48,12,2,3,0,0,18
58,9,2,11,1,0,38
23,10,2,7,1,0,38
43,9,2,2,1,0,38
40,10,4,0,0,0,38
45,13,2,3,1,0,38
34,9,2,9,1,5178,38
39,15,2,9,1,0,38
40,10,2,9,1,0,38
46,13,2,2,0,7688,38
50,9,2,3,1,7298,38
36,9,2,2,1,0,38
26,13,4,11,0,0,38
57,14,2,12,1,0,38
49,9,2,0,1,0,32
45,14,2,11,1,0,38
35,8,2,2,1,5178,38
30,10,2,2,1,0,38
30,13,2,0,0,0,38
49,10,2,2,1,0,38
35,9,4,12,0,1151,38
22,9,5,7,0,0,38
40,11,4,3,0,0,38
39,9,2,0,1,0,38
25,10,4,0,0,0,38
18,7,4,9,0,0,38
31,9,4,7,0,0,38
28,10,2,3,1,0,38
49,9,2,0,1,0,38
26,9,2,0,0,0,38
29,13,2,3,1,7688,38
37,9,2,3,1,0,38
90,5,4,0,0,0,38
36,13,2,11,1,0,38
57,3,5,6,0,0,38
45,13,2,3,1,7688,38
66,9,2,5,1,0,38
60,13,2,9,0,0,38
50,9,2,13,1,0,38
76,9,2,3,1,0,1
31,13,4,9,1,0,38
32,10,2,12,1,0,38
50,13,2,12,0,0,38
41,11,2,6,1,0,38
38,11,2,7,1,0,38
25,13,4,9,0,0,38
39,9,2,5,1,0,38
59,14,4,3,1,0,38
55,11,5,9,0,0,38
26,13,2,11,1,0,38
35,10,2,9,1,0,38
52,13,2,3,1,0,38
27,9,4,2,1,0,38
52,10,2,11,1,15024,38
46,9,2,2,1,0,38
25,9,4,0,0,0,38
39,13,2,9,1,0,38
54,5,2,3,1,0,38
39,9,2,6,1,0,38
37,9,2,3,1,0,38
58,9,2,3,1,0,38
33,10,0,0,0,0,38
28,9,4,2,1,0,25
29,13,0,8,1,10520,38
49,9,2,2,0,0,38
36,10,4,3,0,0,38
37,9,2,2,1,0,38
28,14,4,9,0,0,38
35,11,2,7,0,0,38
55,7,2,7,1,0,38
18,5,4,7,1,0,38
49,16,2,9,0,0,38
44,10,2,9,1,0,38
46,13,2,13,1,0,38
71,9,6,0,0,0,38
49,5,2,5,1,0,38
30,9,2,2,1,0,38
52,9,5,2,1,0,38
51,13,2,9,1,0,38
28,13,2,3,1,3103,38
65,13,2,9,1,5556,38
45,13,0,9,1,0,38
56,4,2,2,1,0,38
65,4,2,2,1,0,38
49,13,2,9,1,5013,38
56,13,0,3,1,0,38
28,9,4,5,1,0,38
34,10,2,3,1,0,38
25,9,4,11,1,6849,38
48,9,2,13,1,0,38
36,13,4,3,0,0,38
33,6,4,5,1,0,38
32,9,2,10,0,0,4
27,10,4,2,1,0,38
63,9,2,3,1,7298,38
35,10,2,3,1,0,29
28,12,0,3,0,0,38
55,9,2,12,0,0,38
42,10,2,0,1,0,38
39,15,3,8,1,4787,38
38,9,2,2,1,0,38
43,14,2,9,0,0,38
28,9,4,6,0,0,38
37,13,2,3,1,0,38
29,9,4,0,0,0,38
48,13,2,3,1,0,38
61,10,2,11,0,0,38
57,10,3,0,1,0,38
35,13,4,11,0,0,38
42,13,2,9,1,0,38
35,10,4,11,1,0,38
34,13,2,9,0,0,38
47,15,2,3,1,99999,38
48,14,2,3,1,0,38
51,10,2,11,1,0,38
31,9,2,6,1,5013,38
36,9,4,5,1,0,38
51,9,0,3,0,99999,38
33,10,0,7,0,0,38
34,9,2,2,1,0,38
41,10,2,0,1,0,38
40,6,2,5,1,0,38
37,13,2,9,1,0,38
49,14,2,9,1,0,38
63,9,2,11,1,0,38
35,9,4,11,1,0,38
25,13,4,0,0,0,38
45,6,4,6,1,0,39
63,13,6,3,0,0,38
37,13,2,0,1,7298,38
47,14,2,9,1,0,18
56,10,2,3,0,7688,38
57,10,2,9,1,0,38
27,9,0,2,1,0,38
47,11,0,11,1,0,38
42,13,2,3,1,15024,38
40,14,2,3,1,0,38
58,9,2,4,0,99999,38
38,10,2,11,1,7298,38
47,10,2,2,1,0,38
59,13,2,2,1,15024,38
18,8,4,0,1,0,38
51,13,2,9,1,15024,38
33,10,2,10,1,0,38
49,12,2,11,0,0,38
23,9,5,3,0,0,38
26,10,2,2,1,0,38
19,6,4,5,1,0,38
45,10,2,10,1,0,38
50,13,2,9,1,0,20
49,10,2,3,1,0,38
40,5,5,6,1,0,38
58,7,2,0,1,0,38
27,13,4,11,1,10520,38
32,12,2,3,1,15024,38
28,10,0,0,1,0,38
40,13,2,11,1,0,38
54,13,2,7,1,7688,38
22,10,4,11,1,0,38
50,16,2,9,1,0,38
42,10,2,12,1,0,38
28,7,4,2,1,0,38
29,9,4,13,1,0,5
39,14,4,9,0,0,38
42,13,2,3,1,3103,38
33,14,2,9,1,0,38
50,13,2,3,1,0,38
23,9,4,7,1,0,38
43,13,0,3,1,0,38
29,14,2,9,1,0,38
54,12,2,11,1,0,38
41,10,2,4,1,7688,38
21,9,4,11,0,0,38
26,13,4,9,0,0,38
59,9,2,6,1,0,38
44,13,2,9,1,0,38
39,7,2,7,1,0,38
31,9,4,0,0,0,32
46,14,0,9,1,0,38
52,9,2,2,1,0,38
32,14,2,3,0,0,38
25,13,2,9,0,0,38
23,9,4,11,1,0,38
22,10,4,7,0,0,29
58,9,2,3,1,0,38
30,9,2,13,1,0,38
27,14,4,9,0,0,38
27,11,4,6,1,0,38
42,13,2,12,1,0,38
56,10,2,13,1,0,38
55,7,2,3,1,0,38
43,10,2,11,1,7298,38
31,13,6,11,0,0,4
45,10,0,7,0,0,38
46,13,0,9,0,0,38
40,6,2,2,1,0,38
24,10,4,0,1,0,38
37,11,2,2,1,0,38
30,10,2,2,1,0,38
42,4,0,2,1,0,32
45,13,3,3,1,0,38
50,7,4,11,0,3674,38
46,13,0,9,1,0,38
30,10,4,0,0,0,38
49,9,2,9,1,0,33
46,5,0,3,0,0,38
52,9,0,0,0,0,38
49,9,2,0,0,0,38
42,14,2,3,1,0,38
22,10,1,7,0,0,38
36,3,2,7,1,0,25
51,13,2,10,1,15024,38
22,9,2,7,1,0,38
23,9,4,2,1,0,27
58,13,2,9,1,0,38
61,9,0,3,0,0,38
39,10,0,7,1,0,38
21,10,4,5,1,0,29
36,13,2,9,1,0,38
31,10,0,0,0,0,38
58,9,0,0,1,0,38
46,15,2,10,1,0,38
43,14,2,9,1,0,38
37,5,2,5,1,0,38
46,9,2,11,1,15024,38
58,10,2,2,1,15024,38
33,7,4,2,1,0,38
41,12,2,2,1,3103,38
25,13,4,9,0,0,38
32,13,2,11,1,0,38
51,9,2,5,1,0,38
50,9,0,2,1,0,38
41,16,0,11,0,0,38
28,10,2,0,0,0,38
53,9,2,6,1,0,38
59,10,3,3,1,0,38
61,9,2,13,1,0,38
50,6,2,2,1,0,38
39,13,2,9,1,0,38
37,10,2,11,1,0,38
42,9,0,6,0,0,38
34,12,2,9,1,7298,38
55,14,2,9,1,0,38
27,13,2,10,1,0,38
31,13,4,3,0,14344,38
57,7,2,7,1,0,38
36,13,2,12,1,3103,38
59,9,2,5,1,0,38
32,11,2,1,1,7298,38
41,13,2,3,1,7688,38
48,14,2,9,1,0,38
31,5,2,2,1,0,38
41,10,2,0,0,0,38
26,13,4,9,0,0,38
37,9,0,2,1,14344,38
28,12,4,5,1,0,38
29,9,4,10,1,0,38
37,14,2,3,1,0,38
49,9,5,0,0,0,3
63,12,2,11,1,0,38
30,13,2,9,1,0,38
30,9,2,3,0,0,38
45,13,2,3,1,0,38
27,13,4,11,0,0,38
43,9,2,3,0,0,31
22,10,4,0,1,0,38
86,11,2,10,0,0,38
31,10,0,10,1,0,38
31,9,2,11,1,0,38
51,9,2,2,1,7298,38
62,9,2,6,1,0,38
52,3,0,4,1,0,38
40,13,2,3,1,0,38
44,13,2,3,1,0,38
36,13,2,11,1,0,38
33,12,2,0,1,0,38
65,10,2,3,1,0,38
23,10,0,5,1,0,38
28,9,0,5,1,0,38
32,11,4,2,1,0,38
53,10,2,3,1,0,38
50,6,0,2,1,0,38
60,9,2,2,1,6418,38
28,13,2,9,1,0,38
47,10,2,0,0,0,38
39,9,0,0,0,0,38
45,10,2,2,1,0,38
52,16,2,3,1,0,38
41,10,2,10,1,0,38
39,10,2,3,1,0,38
51,10,2,11,1,0,38
40,14,2,9,1,0,38
39,11,2,0,0,0,38
55,16,2,9,1,0,38
30,13,4,3,0,0,38
44,9,2,10,1,0,38
27,13,4,0,1,0,30
29,9,4,7,0,0,38
47,16,2,9,1,0,38
46,9,2,6,1,0,38
17,6,4,7,1,0,38
37,10,2,2,0,15024,38
42,10,2,2,1,0,38
45,13,2,11,1,0,38
41,9,0,0,0,0,38
49,14,2,9,1,0,38
39,9,0,3,0,0,38
36,13,2,9,1,0,38
27,4,2,2,1,0,38
51,9,2,0,1,0,38
34,9,4,10,0,4787,38
38,13,2,9,1,0,38
43,9,4,11,0,0,38
47,13,2,10,1,0,38
58,9,2,10,1,3908,38
36,13,2,9,0,0,19
53,10,2,11,1,0,38
19,10,4,0,1,0,39
20,9,4,6,1,0,38
59,6,2,2,1,0,38
31,13,2,3,0,0,38
34,9,2,3,1,0,38
41,10,2,11,1,0,38
50,13,2,0,1,0,38
38,9,4,7,1,0,38
30,5,2,7,1,0,38
51,9,2,2,1,4386,38
37,13,2,2,1,0,38
33,14,2,9,1,0,38
41,12,2,3,0,0,38
19,9,2,0,0,0,38
25,10,2,11,1,2885,38
62,9,4,0,1,0,38
66,10,2,3,1,0,38
43,13,2,9,1,15024,38
37,13,2,9,0,0,38
51,10,2,11,1,0,38
57,13,2,10,1,0,38
49,9,2,11,1,0,38
40,9,2,2,1,7688,38
39,9,2,3,1,0,38
44,13,0,3,1,0,38
33,9,4,3,0,0,38
23,7,2,5,1,0,38
57,5,2,2,1,0,38
27,13,2,11,1,0,38
40,13,2,0,1,0,38
42,9,2,6,1,4386,38
38,11,2,2,1,7298,38
39,10,0,3,0,8614,38
23,13,4,7,1,0,38
21,10,4,9,0,0,38
44,13,2,3,1,0,38
38,10,2,2,1,0,38
30,13,2,3,1,0,38
48,9,0,2,1,0,38
44,16,2,9,1,0,38
49,9,0,0,0,0,38
40,14,2,8,0,25236,38
50,10,2,12,1,0,38
31,13,4,3,1,14084,38
24,9,4,11,1,0,38
47,9,2,6,1,0,38
53,9,0,0,0,0,38
33,6,2,7,1,0,38
19,4,2,5,1,0,25
40,9,2,9,1,0,38
73,13,2,9,1,0,38
48,9,2,9,1,0,33
35,10,0,0,0,0,38
41,10,2,10,1,0,38
44,9,2,0,0,0,38
50,9,5,0,0,0,38
61,2,2,7,1,0,25
29,9,4,0,1,0,38
51,16,2,3,1,7298,38
35,9,2,13,1,0,38
33,13,5,9,0,0,22
21,9,4,6,0,0,38
56,13,2,11,1,15024,38
20,10,4,13,1,0,38
42,14,2,3,1,0,38
36,11,3,10,1,0,38
56,9,2,11,1,0,38
32,14,4,9,0,0,38
38,10,2,11,0,0,38
50,13,2,3,1,7298,38
55,10,2,2,1,0,38
36,13,4,9,1,0,38
51,10,0,3,0,0,38
44,9,0,2,1,0,38
58,10,6,2,1,0,38
41,10,2,2,1,7298,38
38,9,2,3,1,0,38
36,13,5,9,1,0,38
26,9,0,2,1,0,38
27,13,4,9,1,0,38
30,13,2,11,1,0,38
50,10,2,3,1,0,38
43,9,2,0,0,0,38
22,10,4,11,0,0,38
34,13,4,11,1,0,38
50,9,2,2,1,0,38
49,10,2,0,0,0,38
36,9,0,3,1,0,38
68,9,2,0,1,0,38
35,11,2,11,1,5178,38
31,10,2,3,1,0,10
29,9,4,10,1,0,29
44,16,2,9,1,0,38
43,9,2,0,0,0,38
42,10,5,12,0,0,38
19,9,4,5,1,0,38
27,7,0,0,0,0,38
41,13,5,9,0,0,38
42,4,2,7,0,0,38
51,9,2,13,1,0,38
35,9,4,6,0,0,38
66,9,2,2,1,0,38
35,9,4,0,1,0,38
29,14,2,9,1,0,38
40,13,2,12,1,0,38
39,11,2,2,1,7688,38
42,9,2,6,1,0,38
39,9,2,3,1,0,38
26,8,4,5,1,0,38
29,12,4,6,1,0,38
25,13,4,3,0,0,38
57,10,2,3,1,0,38
40,11,5,11,1,0,38
39,10,2,2,1,0,38
31,9,0,3,0,0,38
39,10,4,2,1,0,38
25,9,4,11,0,0,38
42,13,2,0,1,0,38
36,9,2,2,1,0,24
35,9,0,12,1,8614,38
32,9,2,2,1,7688,38
51,13,2,3,1,0,38
44,13,0,11,0,0,38
38,10,5,3,1,0,38
32,13,2,3,0,0,38
41,13,2,3,0,0,19
64,13,0,11,1,0,38
52,9,2,3,0,15024,38
42,9,0,3,1,0,38
24,9,2,12,0,0,38
35,9,0,3,0,0,38
90,7,2,2,1,0,38
43,13,2,9,1,0,38
39,9,2,5,1,0,38
56,13,2,9,1,0,38
52,14,2,9,1,0,38
33,9,0,7,1,0,38
29,13,2,9,0,0,16
37,8,2,11,0,0,38
41,10,4,2,0,0,38
46,9,2,2,1,0,38
31,9,3,2,1,0,38
27,13,4,7,1,0,38
30,10,4,6,1,0,38
56,10,2,7,1,0,38
31,9,2,2,1,0,38
42,10,2,9,0,0,38
23,8,4,2,1,0,38
48,10,2,7,1,0,38
37,9,0,6,0,0,38
36,10,2,2,1,0,38
30,7,2,5,1,0,39
44,16,4,9,1,0,38
52,4,2,2,1,0,38
37,9,0,13,1,0,38
27,13,2,9,0,0,38
38,10,2,2,1,0,38
63,13,2,3,1,0,21
58,9,5,7,0,0,5
46,10,2,3,1,0,38
44,10,2,2,1,0,38
54,13,4,3,1,0,38
55,13,2,3,1,0,38
52,14,2,9,1,0,38
23,9,4,3,0,0,38
56,13,2,9,1,0,38
43,13,0,12,1,0,38
54,9,2,11,1,0,38
51,10,0,3,1,0,33
36,13,2,9,1,15024,38
18,9,4,6,0,0,5
45,15,0,9,1,25236,38
48,13,2,2,1,0,38
52,13,2,0,0,0,38
26,9,4,7,1,0,38
24,9,4,0,1,0,22
40,6,2,3,1,0,38
47,13,2,3,0,0,38
30,13,4,0,0,0,38
47,13,2,9,1,0,38
64,9,2,0,1,0,38
39,10,2,2,1,0,38
52,9,2,3,1,99999,22
35,9,2,13,1,0,38
43,11,2,2,1,0,38
39,14,2,9,1,0,38
39,13,0,10,1,0,25
21,10,4,0,0,0,38
45,4,2,6,1,0,38
24,13,4,11,1,0,38
49,13,0,3,0,0,38
23,7,4,2,1,0,38
30,13,4,13,1,4865,38
40,10,0,0,0,0,38
51,9,2,2,1,7298,38
57,5,2,3,1,0,38
50,13,2,1,1,0,10
43,13,4,11,1,0,38
35,13,2,11,1,0,38
25,12,0,0,0,0,38
24,9,4,7,1,0,38
49,1,2,7,1,0,38
30,10,2,3,1,0,38
36,12,2,3,1,0,38
48,6,2,6,1,0,38
46,9,2,11,0,7298,38
24,8,4,7,0,0,38
48,14,2,9,1,0,38
29,10,4,2,1,0,38
36,7,4,10,1,13550,38
51,13,2,4,1,0,1
58,13,2,3,1,0,38
36,10,0,3,0,0,38
50,14,2,11,1,0,38
40,12,2,9,1,0,38
53,10,0,2,1,0,38
53,9,2,2,1,0,38
51,10,2,12,1,7298,38
36,15,2,9,0,15024,38
24,13,4,9,1,0,38
29,11,4,3,0,0,38
64,7,6,0,0,3674,38
31,9,6,2,0,0,38
28,5,2,2,1,0,37
19,9,4,11,0,0,38
25,9,4,2,1,0,38
39,9,2,2,1,0,38
30,10,0,0,0,0,38
53,9,3,11,1,0,38
44,13,2,9,1,0,38
30,13,2,3,1,0,38
65,13,2,3,1,0,38
51,9,5,7,0,0,38
61,10,2,0,0,15024,38
55,10,2,10,1,0,38
31,11,2,11,1,0,38
52,7,2,6,1,0,5
26,9,2,9,1,3103,38
45,13,2,11,1,0,38
29,13,4,0,0,0,38
64,9,2,3,1,0,38
60,13,2,0,1,0,35
40,13,2,11,1,0,38
38,9,2,2,1,0,38
32,9,2,13,1,0,38
50,14,2,9,1,7688,38
41,12,2,9,1,0,38
28,13,2,9,1,0,38
47,14,2,9,1,0,38
55,11,0,0,0,0,38
42,10,2,2,1,3103,38
17,7,4,11,0,0,38
58,9,2,11,1,0,38
35,9,2,2,1,2829,38
31,9,4,4,1,0,38
38,13,2,3,1,0,38
33,9,4,9,1,0,38
29,9,3,0,0,0,38
23,13,4,0,1,0,38
56,9,2,11,1,0,38
33,13,2,9,1,7688,38
61,3,2,5,1,3411,38
40,13,1,10,0,14084,38
43,9,2,0,1,0,38
36,9,4,11,1,0,38
28,10,2,0,1,0,38
46,9,2,0,0,0,38
29,9,2,2,1,0,38
37,9,5,2,1,0,38
47,13,2,3,1,0,38
55,13,2,3,1,0,38
42,10,2,3,1,15024,38
27,13,4,9,0,13550,38
33,10,2,9,0,3103,38
48,12,2,11,1,0,38
38,9,0,7,0,0,38
33,9,0,3,1,0,38
44,14,2,9,1,0,38
58,10,2,3,1,0,38
59,13,2,9,1,15024,38
38,11,0,2,1,0,38
54,10,4,3,0,0,38
37,6,2,2,1,0,38
43,10,3,0,0,13550,38
23,10,4,7,1,0,38
25,12,4,12,0,0,38
38,10,2,11,1,0,29
20,9,4,7,0,0,38
41,7,0,7,1,0,38
29,15,2,9,1,0,38
47,10,0,12,0,0,38
48,10,2,3,1,0,38
29,9,2,5,1,0,38
24,9,2,0,0,0,38
47,9,2,11,1,0,38
20,10,4,0,0,0,38
50,10,2,2,1,0,38
50,12,2,6,1,0,38
35,13,2,3,1,0,38
40,15,2,9,1,0,38
49,13,2,0,1,0,38
37,5,0,0,0,0,38
56,10,2,11,1,0,38
46,13,2,11,1,0,38
33,13,2,9,1,0,38
46,13,2,3,1,0,38
32,9,0,0,0,0,38
61,3,2,2,1,0,7
40,9,2,2,1,0,38
55,10,2,9,1,0,38
75,10,2,3,1,0,38
57,13,2,3,1,0,38
45,13,2,3,1,7688,38
43,13,2,3,1,0,38
50,9,2,11,1,0,38
48,13,3,3,0,0,38
52,13,2,3,1,0,38
48,10,2,10,1,0,38
30,9,2,10,1,0,38
42,13,2,3,1,0,38
39,10,2,6,1,0,38
22,8,4,5,1,0,38
41,14,2,9,0,0,35
29,9,4,0,1,0,25
42,4,0,11,0,0,38
54,10,2,10,1,0,38
76,13,2,0,1,20051,38
67,10,2,0,1,0,38
32,10,2,3,1,0,38
38,13,2,12,1,0,38
53,10,2,2,1,0,12
50,5,2,2,1,0,38
34,10,2,12,1,0,38
45,12,2,2,1,0,38
58,9,0,7,1,0,38
56,11,2,3,1,15024,38
34,6,3,3,1,0,25
24,9,4,5,0,0,38
37,11,0,9,0,0,38
24,13,4,0,0,0,38
45,10,2,9,1,0,38
30,6,2,2,1,0,38
31,9,2,0,0,0,38
33,15,2,9,1,0,38
28,7,4,6,1,0,38
49,9,0,3,0,0,38
47,14,2,3,1,0,38
54,13,2,4,1,0,38
44,15,2,9,1,0,38
29,9,4,6,1,0,10
21,12,4,7,1,0,38
50,9,0,0,0,0,38
45,10,2,2,1,0,38
48,10,2,3,1,15024,38
43,11,2,11,1,0,38
43,13,5,9,0,10520,38
23,9,4,0,1,0,38
33,9,2,13,1,0,38
59,6,2,2,1,0,38
44,16,2,9,1,0,38
36,13,2,3,1,0,38
53,14,2,9,1,0,38
42,9,3,10,1,0,38
32,10,4,0,0,0,38
59,6,2,13,1,0,32
56,12,2,7,1,0,38
48,10,0,0,1,0,38
50,14,0,9,0,0,38
33,10,0,2,1,0,38
40,10,2,9,1,0,38
35,9,0,6,1,0,38
44,10,2,2,1,0,38
40,9,2,6,1,0,38
67,14,2,9,1,20051,38
44,12,2,2,1,0,33
31,9,4,2,1,0,38
39,13,2,9,1,0,38
25,13,4,9,0,0,38
59,9,2,0,1,0,38
47,10,2,0,0,0,38
20,9,4,11,1,0,38
30,13,2,9,1,0,38
47,10,0,7,0,0,38
72,10,2,11,1,0,38
35,9,4,3,1,0,38
59,9,2,13,1,0,38
31,11,0,11,1,0,38
47,13,2,3,1,0,38
24,9,4,0,0,2597,38
39,13,2,6,1,0,38
36,9,5,0,0,0,38
49,10,2,3,1,0,38
34,14,2,3,1,0,38
28,9,2,10,1,0,38
61,15,2,3,1,0,35
29,13,4,11,0,0,38
40,9,2,4,1,0,38
22,9,4,7,1,0,38
53,10,2,11,1,0,38
37,13,2,3,1,15024,38
29,10,2,9,1,0,38
56,10,2,11,1,15024,38
23,9,4,13,1,0,38
31,9,2,10,1,0,38
24,9,2,2,1,0,38
34,10,2,2,1,0,38
34,9,2,2,1,0,38
26,8,4,2,1,0,25
62,13,2,0,1,0,38
61,11,1,1,1,0,38
47,14,2,9,1,0,38
60,9,2,13,1,0,38
35,9,0,9,0,0,38
36,13,0,9,1,14084,38
37,6,2,4,1,0,25
45,9,5,6,0,0,38
23,10,4,0,1,0,38
33,15,2,9,1,0,38
43,11,2,3,1,15024,38
35,10,4,4,1,0,38
67,13,2,3,1,0,38
25,9,0,7,0,0,25
60,11,2,2,1,0,38
53,12,2,2,1,0,31
19,9,0,7,0,0,38
33,15,4,9,0,0,38
53,9,2,6,1,0,38
30,9,2,3,1,0,38
23,9,4,6,1,0,38
24,9,4,2,1,0,38
54,9,2,2,1,0,38
33,9,4,7,1,0,38
56,5,0,11,0,0,38
21,10,4,7,1,0,38
53,9,0,9,1,0,38
34,10,2,6,1,0,38
45,10,2,3,1,0,38
43,9,2,3,1,0,38
45,9,2,0,1,0,38
28,9,2,4,1,0,38
32,13,2,3,0,0,2
34,12,4,9,0,4787,38
31,9,2,2,1,0,38
49,14,2,9,0,0,38
64,12,2,11,1,0,38
35,9,2,10,1,0,38
34,10,4,0,0,0,38
40,5,2,6,0,0,39
54,13,2,11,1,0,38
39,10,2,11,0,0,38
29,13,2,9,0,0,38
85,9,6,11,1,0,38
21,10,4,0,0,0,38
67,15,2,9,1,20051,38
26,8,2,2,1,0,38
58,9,2,13,1,0,38
56,16,2,9,1,0,37
45,9,2,10,0,7298,38
34,9,2,2,1,0,38
73,4,0,7,0,0,38
65,9,2,0,1,0,38
47,14,0,9,0,0,38
23,9,4,5,1,0,38
34,9,4,7,1,0,23
30,10,2,0,1,0,38
56,6,0,11,1,0,38
51,10,2,7,1,0,10
32,9,4,8,0,0,25
47,13,0,10,1,0,38
39,10,5,0,0,0,38
43,13,2,11,1,0,38
46,15,2,9,1,0,38
37,5,2,11,1,0,38
52,9,2,2,1,0,38
43,10,2,11,1,0,38
21,10,4,3,1,0,38
29,11,2,3,1,0,38
38,13,2,2,1,7688,38
58,10,2,3,1,0,38
47,10,2,2,1,0,38
41,10,2,11,1,0,38
43,10,0,2,1,0,38
65,13,2,3,1,0,38
32,13,2,2,1,0,38
23,7,4,3,1,14344,38
62,5,2,7,1,0,38
30,10,2,6,1,0,38
51,14,2,9,1,0,38
39,6,2,2,1,0,38
51,13,5,11,1,0,38
59,6,6,7,0,0,29
37,10,2,2,1,0,38
21,10,4,0,0,0,38
33,9,3,7,0,0,38
46,14,2,3,1,0,38
36,13,0,11,0,0,38
58,9,2,2,1,0,38
27,4,0,6,1,0,38
47,3,2,2,1,0,38
34,13,2,11,1,0,38
55,10,2,3,0,0,38
58,13,2,3,1,0,38
59,6,2,3,0,0,38
46,13,2,11,1,0,38
27,9,4,0,1,0,38
42,9,6,7,0,0,38
29,13,4,3,0,0,38
46,14,2,9,0,7688,38
46,12,2,10,1,0,38
38,9,2,2,1,0,38
50,9,2,6,1,0,38
35,9,3,2,1,0,38
26,9,5,12,0,0,38
54,4,2,2,1,0,38
22,9,4,9,0,99999,5
40,10,2,12,0,0,38
49,14,2,3,1,0,38
25,10,2,2,1,0,38
32,9,2,2,1,0,10
27,11,2,3,0,0,38
33,10,4,7,1,0,38
59,9,2,11,1,0,38
33,15,2,9,1,0,38
37,9,2,2,1,0,25
25,9,4,7,0,0,38
31,10,2,11,1,0,38
60,9,0,11,0,0,38
42,13,2,11,1,0,38
31,9,2,0,0,0,38
49,9,0,11,1,0,38
24,13,4,3,0,0,38
47,9,0,0,0,0,38
40,10,0,7,1,0,38
30,14,4,0,0,0,38
32,12,4,1,0,14344,38
42,10,2,12,0,0,38
47,13,2,9,1,0,38
24,7,0,11,0,0,38
41,10,2,11,1,0,38
28,2,4,6,0,0,25
37,9,2,3,1,0,38
63,10,2,9,1,4386,38
48,16,2,9,1,0,38
29,11,2,2,1,0,38
36,14,2,9,0,0,38
53,13,2,3,1,0,38
29,9,4,0,0,0,38
58,11,2,3,1,15024,38
44,9,2,2,1,0,38
38,11,2,3,0,15024,38
34,9,5,0,1,0,38
33,13,2,9,1,0,38
18,10,4,0,1,0,38
40,15,2,9,1,15024,38
33,13,2,11,1,0,38
42,13,2,0,0,0,38
39,10,0,0,0,0,38
39,10,2,4,1,0,38
48,4,2,5,1,0,38
57,13,2,9,1,0,38
56,14,2,2,1,0,38
45,12,2,0,1,7298,38
37,10,2,2,1,0,38
48,9,0,5,1,0,38
44,9,2,0,0,0,38
32,13,2,3,1,7688,38
20,9,4,5,1,0,38
45,12,4,9,0,0,38
38,10,2,3,1,0,38
59,14,2,3,1,0,38
31,9,2,6,0,4386,38
25,9,2,10,1,0,38
27,9,2,6,1,0,38
40,10,0,12,0,0,38
26,13,4,9,1,0,38
62,13,2,3,1,0,38
22,10,4,7,1,0,38
49,9,6,12,1,0,38
47,16,2,9,1,0,38
27,10,2,4,1,0,38
21,9,4,6,0,0,28
76,15,2,9,1,0,38
58,15,2,12,0,15024,38
30,9,4,11,0,0,38
43,13,2,6,1,0,38
31,13,4,2,1,0,39
27,10,2,4,1,0,38
26,13,4,3,0,0,38
37,11,2,9,0,0,38
45,10,2,9,1,0,38
46,9,2,6,1,4386,38
44,10,2,12,1,0,38
30,13,2,11,1,2407,38
52,10,2,2,1,0,38
34,10,4,7,0,0,38
50,14,2,3,1,7298,29
57,9,2,6,1,0,38
39,13,2,9,1,0,38
25,9,4,2,0,0,38
42,15,2,11,0,15024,34
51,10,2,11,1,0,38
50,10,2,0,1,0,29
36,9,2,9,1,0,6
58,10,2,11,1,0,38
26,9,2,6,0,0,38
63,9,6,7,0,0,38
35,13,2,9,1,0,38
44,10,2,3,1,0,38
41,13,2,3,1,0,38
31,14,4,9,0,0,38
46,13,2,11,1,0,38
24,13,4,2,0,0,38
57,14,0,3,1,0,38
35,9,2,3,1,0,38
38,13,2,11,1,0,38
21,9,4,6,0,0,38
50,13,2,9,1,0,38
37,13,2,9,1,0,38
35,14,4,9,0,0,38
38,9,2,3,1,0,38
32,10,0,7,0,0,38
50,13,2,3,1,0,38
59,9,0,2,1,0,38
22,9,4,5,1,4416,38
21,10,4,3,0,0,38
37,4,2,2,1,0,38
54,3,2,13,1,0,38
46,10,2,6,1,0,38
46,9,2,0,1,0,38
34,13,2,11,1,15024,38
49,14,2,3,1,0,38
31,9,4,2,1,0,38
43,9,2,3,1,0,38
75,10,2,3,1,0,38
23,11,4,11,1,0,38
49,13,2,3,1,15024,38
37,11,2,12,1,15024,38
43,10,2,4,1,0,38
33,7,4,0,0,0,38
32,9,5,2,1,0,38
27,9,2,0,1,0,38
59,14,2,2,1,0,38
40,11,2,2,1,0,38
22,9,4,3,1,0,40
36,9,0,13,1,8614,38
32,13,2,11,1,0,38
55,9,2,2,1,0,38
72,7,6,0,0,0,38
39,13,2,3,1,0,38
58,13,2,3,1,0,38
53,9,2,2,1,0,38
50,9,2,2,1,7688,38
50,10,2,3,1,0,38
27,9,5,6,0,0,38
30,13,4,12,0,0,38
24,10,4,0,0,0,38
38,10,2,6,1,0,38
35,13,2,11,1,0,38
58,10,0,7,1,0,38
40,12,2,9,1,0,38
30,10,4,13,0,0,38
24,10,4,7,0,0,25
41,13,2,11,1,0,38
36,6,0,2,1,0,38
59,9,2,2,1,0,38
65,7,6,7,1,0,38
24,10,4,11,1,0,38
53,9,2,13,1,0,38
51,9,4,7,1,0,13
40,14,2,9,1,0,38
35,10,2,11,1,0,38
43,9,2,6,1,0,25
47,9,2,13,1,0,38
38,10,2,12,1,0,38
53,9,0,12,1,0,38
35,12,0,3,0,0,38
33,4,4,11,1,0,25
29,13,4,9,1,0,38
43,13,2,0,1,0,38
25,10,4,6,0,0,38
44,13,0,3,0,3325,38
27,9,4,0,1,0,38
38,9,2,2,1,0,38
44,12,2,11,1,5178,38
56,9,0,2,1,0,38
54,13,2,3,1,0,38
58,14,4,9,0,27828,38
31,13,2,9,1,15024,30
53,9,2,2,1,0,38
38,13,0,9,0,0,38
39,5,2,5,1,0,38
30,13,4,7,1,0,38
32,11,2,2,1,0,38
51,13,2,3,0,0,38
30,10,2,6,1,0,38
50,9,0,11,0,0,38
43,14,2,9,1,0,38
24,9,4,3,1,0,38
52,13,2,3,1,99999,34
39,13,0,9,1,0,38
26,9,4,0,0,0,38
49,13,2,2,1,0,38
42,10,0,12,0,3325,38
52,10,2,11,1,0,38
62,10,2,3,0,0,38
37,9,2,3,1,0,38
25,9,4,6,1,0,38
45,9,2,6,1,0,38
28,14,2,9,1,0,38
42,10,0,0,0,0,38
41,9,2,3,1,0,38
30,10,0,0,0,0,38
22,9,4,7,0,0,38
37,10,5,7,1,0,38
40,12,2,9,1,7298,38
21,10,4,0,0,0,38
50,9,0,0,0,0,38
53,13,2,9,1,0,38
29,7,4,6,1,0,38
34,13,2,9,1,0,38
44,9,2,0,1,0,38
73,7,2,3,0,0,38
39,12,0,3,1,0,38
28,9,2,11,1,0,4
28,13,2,11,1,0,38
28,6,4,4,1,0,25
46,9,2,13,1,0,38
50,14,0,11,0,0,38
31,13,4,9,1,0,38
45,9,2,3,1,0,38
20,10,4,2,1,0,38
37,13,2,12,0,0,38
51,9,2,11,0,0,0
25,10,2,0,1,0,38
35,10,5,0,0,0,38
44,9,2,12,1,0,38
46,10,2,11,1,0,38
28,9,2,6,1,0,38
28,12,2,5,1,0,38
59,9,2,13,1,0,38
51,15,2,3,1,7298,38
33,12,2,2,1,0,38
20,9,4,11,0,0,38
25,11,2,4,1,0,38
31,9,2,10,1,0,38
46,14,2,3,1,0,38
56,9,2,7,1,0,1
44,10,2,11,1,0,38
53,11,2,2,1,0,38
20,10,4,7,0,0,38
43,14,2,3,0,0,38
40,16,2,9,1,0,38
36,5,4,5,1,0,38
51,9,2,11,1,0,0
30,9,2,12,1,0,38
37,9,4,7,0,0,38
47,5,2,2,1,0,38
56,16,2,9,1,0,38
43,9,2,2,1,0,38
25,13,0,11,0,0,38
33,13,0,0,0,0,38
53,9,0,2,1,0,38
52,10,2,3,1,0,38
41,16,2,9,1,0,38
53,9,0,2,1,0,38
44,13,4,9,0,0,38
36,10,2,2,1,0,38
36,10,4,0,0,0,38
42,10,2,9,0,0,38
40,10,0,9,0,0,38
36,13,2,3,1,15024,38
38,9,2,2,1,0,38
32,10,2,3,1,0,38
32,13,2,9,0,7688,38
67,13,2,3,1,0,38
41,13,2,10,1,0,38
26,13,4,9,1,0,38
25,5,2,2,1,0,25
33,13,4,11,0,0,38
55,13,2,3,1,0,32
25,9,4,2,1,0,38
48,10,2,2,1,0,38
41,15,2,9,1,0,38
30,9,4,8,0,0,12
28,9,2,10,1,0,38
46,10,2,3,1,0,38
23,10,4,11,1,0,38
47,10,2,2,1,0,19
55,14,2,9,1,0,38
26,7,2,3,1,3411,38
41,14,4,9,0,0,38
58,10,2,12,1,0,38
46,13,2,9,1,0,38
26,10,4,5,1,0,38
66,12,0,0,0,0,38
44,10,2,3,1,0,38
33,10,4,3,1,0,38
51,9,2,6,1,0,38
20,10,4,12,1,0,38
51,14,2,9,1,0,38
50,10,4,5,1,0,38
52,10,2,0,0,0,38
24,10,4,10,0,0,38
32,12,4,5,1,27828,38
50,7,4,6,0,0,38
28,13,2,0,1,0,38
50,13,2,3,1,0,38
46,11,2,2,1,0,38
46,10,2,6,1,0,38
55,9,2,5,1,0,38
57,13,2,9,1,3103,38
46,13,0,9,1,0,38
25,9,4,0,0,0,38
30,13,4,0,1,0,38
34,9,2,2,1,0,38
31,12,2,2,1,0,38
58,9,0,0,0,0,38
35,9,2,0,0,0,38
57,10,2,3,1,0,38
45,9,4,6,0,0,1
22,10,4,0,1,0,38
48,10,2,2,1,7688,38
37,9,2,2,1,0,38
41,14,2,9,1,7688,38
39,13,2,11,1,0,38
40,6,2,2,1,0,38
44,13,2,3,1,0,38
40,9,2,3,1,0,38
32,11,2,6,1,0,38
60,9,6,7,0,0,38
45,13,0,9,1,0,38
53,9,6,2,0,0,38
22,9,4,5,1,0,38
35,13,2,3,1,0,38
54,16,2,9,1,0,38
35,10,2,2,1,4064,38
54,9,2,11,1,0,38
33,10,2,3,0,0,38
50,9,2,3,1,7688,38
22,9,4,9,1,0,38
50,13,2,12,1,0,38
51,9,2,2,1,0,38
49,13,0,3,0,0,38
36,9,0,11,0,0,38
38,11,4,12,1,0,38
43,10,2,2,1,0,38
36,13,2,3,1,0,38
26,7,0,0,0,0,38
57,13,2,12,1,0,38
36,12,2,2,1,0,38
37,14,4,9,0,0,38
21,10,4,6,1,0,38
50,11,2,9,0,0,38
42,16,3,9,0,0,38
41,10,2,13,0,7298,38
52,3,4,5,0,0,38
29,11,2,4,1,0,38
31,10,2,2,1,0,38
31,10,4,2,1,0,38
38,13,2,9,1,0,38
64,7,2,2,1,0,38
33,12,4,9,0,0,38
47,4,0,5,1,0,38
40,2,2,6,1,0,25
37,10,2,2,1,0,38
53,14,2,9,1,0,38
48,9,2,2,1,0,38
65,10,2,11,1,0,38
35,13,4,11,1,0,38
36,12,0,3,0,0,35
54,14,2,3,1,0,38
31,11,0,11,0,0,38
41,9,5,0,1,2354,38
35,9,2,3,1,0,38
27,11,2,11,1,0,38
47,11,2,12,1,0,38
23,9,0,0,0,0,4
53,2,0,7,0,0,5
50,10,0,0,0,0,38
36,9,2,11,1,7688,38
33,12,0,3,0,0,38
42,10,2,4,0,0,38
44,13,0,3,0,0,38
28,9,4,3,0,0,38
22,10,4,0,1,0,38
35,13,2,0,0,0,38
27,12,4,10,1,8614,38
39,9,2,6,1,0,38
54,9,2,11,1,0,38
50,10,2,13,1,0,38
54,10,0,2,1,0,38
38,9,4,0,0,0,38
48,14,2,9,1,15024,38
46,9,2,7,0,0,38
33,13,2,3,0,0,38
50,13,2,10,1,0,38
37,9,2,2,1,0,38
45,9,6,0,0,0,38
32,14,2,9,1,0,38
24,9,2,12,1,0,38
35,13,0,9,1,0,32
35,13,2,3,1,0,38
51,11,2,11,1,0,38
33,9,2,7,1,0,38
42,10,2,3,1,0,38
24,9,4,11,1,0,38
55,8,2,9,1,0,38
55,9,0,0,0,0,38
45,14,0,9,0,7430,38
38,10,5,3,0,0,38
61,14,5,9,0,0,38
57,9,2,11,1,0,38
49,15,2,9,1,15024,38
32,10,4,3,1,0,22
38,14,2,3,1,0,38
28,5,2,6,0,0,38
40,13,2,3,0,0,38
46,13,2,4,1,0,38
48,13,2,3,1,0,38
40,9,2,3,1,0,38
59,9,6,2,1,0,38
38,9,2,2,1,0,38
30,13,2,9,0,0,38
42,9,2,3,1,0,38
40,9,0,10,0,0,38
31,13,4,4,1,0,38
25,2,4,8,0,0,12
26,8,2,3,1,7688,38
39,10,0,11,1,0,38
44,13,2,3,1,0,38
22,9,4,5,1,0,38
29,13,4,9,1,4650,38
31,13,2,10,1,0,38
54,13,4,9,0,0,38
47,6,2,6,1,0,38
37,9,2,0,0,0,38
56,13,2,9,1,3103,38
45,7,2,2,1,0,38
23,10,4,7,0,0,5
52,14,2,9,1,0,38
60,10,6,3,0,0,8
28,10,4,12,0,4865,38
35,9,2,11,1,0,38
37,10,4,6,0,0,38
34,10,2,0,1,0,38
60,13,2,3,1,0,38
47,10,4,0,0,0,38
59,13,2,9,1,0,38
46,9,2,0,0,0,38
39,9,2,2,1,0,38
41,10,2,11,1,0,38
48,13,2,0,0,7688,38
42,10,2,2,1,0,38
51,10,2,3,1,10520,38
44,14,2,3,1,0,38
42,13,4,3,1,0,38
58,10,2,3,1,15024,38
26,13,4,11,0,0,38
20,10,4,11,0,0,38
52,13,0,3,0,0,38
31,12,4,10,1,0,38
35,10,2,9,1,0,38
46,9,0,2,1,8614,38
43,9,2,2,1,0,38
28,13,4,9,0,0,38
26,13,4,12,1,0,38
46,13,2,3,1,0,38
43,9,2,9,0,0,21
51,13,0,3,1,0,38
23,10,4,3,1,0,38
42,13,2,12,1,0,38
46,9,2,5,1,0,0
49,9,0,9,1,0,38
52,16,4,3,1,0,38
79,9,2,3,1,0,38
37,13,2,11,1,0,38
46,9,0,13,1,0,38
49,13,2,3,1,0,38
26,9,2,0,0,0,38
37,10,2,12,1,0,38
65,4,2,3,1,0,38
53,13,2,2,1,0,38
34,9,5,5,1,2463,38
60,6,6,11,0,0,38
21,9,4,9,0,0,38
42,11,2,13,1,0,38
50,10,2,2,1,0,38
49,14,2,3,1,15024,38
39,9,2,6,1,0,38
64,9,2,1,1,9386,38
62,9,2,3,0,0,38
28,11,4,0,0,0,38
39,10,2,11,1,3103,38
36,9,0,11,0,8614,38
50,13,2,9,1,0,21
24,9,2,13,1,0,38
64,15,2,9,1,0,38
48,9,2,0,0,0,38
44,10,2,11,1,0,38
63,15,3,9,0,4787,38
31,4,4,2,1,0,38
36,10,2,12,1,0,38
34,9,0,13,0,0,38
30,3,2,2,1,0,25
55,9,0,7,1,0,38
42,9,4,13,0,0,38
38,10,0,2,0,0,38
41,9,2,0,1,0,38
44,10,5,0,0,0,38
70,6,2,3,0,0,38
28,13,2,12,1,0,38
46,12,0,0,1,0,38
39,10,0,3,1,0,38
46,13,2,3,1,0,38
20,9,4,0,1,0,38
30,10,5,5,1,0,38
47,3,2,2,1,0,38
38,14,2,7,1,0,38
29,13,2,3,1,5178,38
53,9,2,0,0,0,38
37,13,2,9,1,0,38
23,11,2,5,1,0,38
53,10,2,3,1,0,38
52,9,2,11,1,0,38
54,9,2,3,1,0,38
27,7,2,4,1,7688,38
36,9,2,2,1,0,38
26,13,4,9,0,4865,38
50,11,2,2,1,0,38
35,8,4,6,0,0,38
38,13,2,3,1,0,38
47,9,2,6,0,0,38
43,16,4,9,0,0,38
44,13,4,9,0,0,25
57,9,5,7,0,0,38
58,10,2,11,1,15024,38
26,11,2,0,0,0,38
34,9,2,11,0,5178,38
59,9,2,2,1,0,38
28,13,4,10,0,0,38
50,14,2,9,0,0,1
45,15,0,9,0,0,38
43,10,0,9,1,0,38
25,9,4,0,0,0,38
22,10,4,0,1,0,38
70,10,2,3,1,0,38
19,10,4,6,1,0,38
28,9,2,10,1,0,38
44,13,0,6,1,0,38
66,16,0,9,0,3273,38
59,6,6,6,1,0,38
52,9,2,2,1,7298,38
30,13,2,9,1,15024,38
28,10,4,0,0,0,22
45,13,2,5,1,0,38
59,4,2,6,1,0,38
43,9,2,5,1,0,38
33,11,2,4,1,0,38
21,10,4,0,0,0,38
42,13,2,9,0,0,38
40,10,2,4,1,0,38
21,11,4,0,0,0,38
37,16,5,9,0,0,38
39,9,2,11,1,0,38
41,13,2,10,1,0,38
35,4,2,2,1,0,32
65,14,2,9,1,6514,38
56,9,2,11,1,0,38
49,10,0,0,1,0,38
36,14,2,9,1,0,38
27,13,4,0,1,0,38
38,9,2,0,0,0,38
40,13,2,0,1,0,38
33,13,4,0,1,0,38
59,9,2,3,1,0,38
49,9,2,11,1,0,38
26,10,2,6,1,0,38
32,4,0,7,0,0,38
54,14,0,12,1,0,38
23,9,2,6,0,0,38
25,10,2,11,1,0,38
43,9,5,3,0,0,38
31,11,2,2,1,0,20
34,10,4,9,1,0,38
30,9,0,2,1,0,38
52,9,2,11,1,0,38
22,12,4,0,1,0,38
33,13,4,9,1,0,38
45,13,2,9,1,0,8
37,10,2,11,1,0,38
47,9,5,2,0,0,38
47,9,2,5,0,0,38
30,13,2,9,1,0,18
22,10,4,0,0,0,38
34,11,4,0,0,0,38
33,10,2,3,0,0,38
31,13,2,11,1,0,38
55,9,2,2,1,3103,38
68,9,2,4,1,0,38
28,11,2,9,0,7688,38
31,6,2,0,1,0,38
23,6,2,2,1,0,31
39,13,2,10,0,0,1
40,9,6,6,0,0,38
23,10,4,0,1,0,38
44,13,2,3,1,0,35
43,10,0,0,0,0,38
42,9,2,2,1,0,38
38,10,4,9,0,4787,38
28,9,2,11,0,0,38
45,9,6,10,1,0,38
49,9,2,10,1,0,38
72,10,2,1,0,20051,38
26,10,4,7,1,0,26
47,15,2,9,1,0,38
53,9,2,2,1,0,22
49,9,2,10,1,0,38
54,13,2,3,1,0,38
40,10,0,2,1,0,38
38,13,2,13,1,4508,38
27,10,2,2,1,0,29
43,10,2,2,1,0,38
34,14,2,3,1,0,38
17,7,4,8,0,0,38
39,10,2,2,1,0,38
37,10,2,2,1,0,38
50,9,4,6,1,0,38
35,9,2,2,1,0,38
27,13,4,9,0,0,38
43,10,2,9,1,0,38
27,9,2,7,1,0,38
53,9,2,3,0,15024,38
42,9,4,2,1,0,38
44,11,2,2,1,0,38
63,6,2,13,1,0,38
38,11,2,2,1,0,38
41,8,2,5,1,0,38
51,14,2,3,1,0,38
43,12,2,3,1,99999,38
61,13,2,11,1,0,38
30,13,2,0,0,0,38
46,11,2,9,1,0,38
45,13,2,3,1,0,38
59,13,2,3,1,0,38
55,9,2,2,1,7688,38
45,12,2,3,1,0,38
49,11,1,2,1,0,38
42,10,4,2,1,0,38
25,13,3,0,1,0,38
42,6,2,6,1,0,38
32,10,2,6,1,0,38
35,14,2,9,1,0,38
40,9,4,3,1,6849,38
38,13,2,9,1,0,38
37,11,2,2,1,0,38
49,10,2,3,1,15024,38
57,6,2,6,1,0,38
58,12,2,3,1,0,38
65,14,3,9,0,7799,38
36,9,2,0,0,0,38
29,14,2,9,1,0,38
31,9,2,6,1,0,38
31,10,5,7,0,0,25
25,10,4,2,0,0,0
68,13,6,11,1,0,38
18,7,4,0,1,0,38
52,10,2,2,0,0,29
38,15,4,9,1,0,38
58,12,2,2,1,0,38
40,3,2,7,1,0,25
34,5,4,2,1,0,38
47,9,0,3,0,3325,38
26,9,0,11,1,0,38
59,13,2,9,0,0,38
56,9,2,2,1,0,38
59,10,2,0,0,0,38
41,9,3,2,1,0,30
27,12,4,11,0,0,38
37,10,2,2,1,0,38
41,9,0,2,1,0,38
44,13,2,3,1,0,38
32,13,2,9,1,0,25
46,12,4,9,0,0,38
43,13,2,9,1,0,38
51,14,2,3,1,0,38
19,10,4,7,1,0,38
25,12,4,2,1,0,38
45,14,4,9,0,0,38
40,9,0,2,0,0,38
40,13,2,9,1,0,38
44,4,2,6,0,0,38
35,12,5,11,1,0,38
38,9,2,13,1,0,38
37,13,2,12,1,0,38
39,13,2,11,1,0,29
20,9,0,0,0,0,38
35,13,2,3,1,0,38
38,13,2,9,1,0,38
45,11,0,3,1,2174,38
22,10,4,0,0,0,38
53,14,2,3,1,0,38
36,13,2,7,1,7298,38
36,9,2,2,1,0,38
22,10,4,11,1,0,38
46,9,2,6,1,0,38
50,13,2,9,0,15024,38
33,9,2,10,1,7298,38
48,13,2,9,1,0,38
19,9,4,2,1,0,38
47,10,4,7,0,0,38
57,9,2,0,1,0,38
22,10,4,11,1,0,38
27,9,4,4,1,0,38
54,13,4,9,0,0,38
47,12,2,2,1,0,38
53,16,2,0,1,0,38
31,9,2,13,1,0,38
42,13,2,10,0,8614,38
38,11,2,3,1,0,38
34,16,2,9,0,0,38
23,10,4,0,1,0,38
61,1,3,7,1,0,2
29,13,1,9,1,0,38
18,10,4,7,1,0,38
38,13,2,11,1,0,38
32,11,0,3,0,0,38
38,10,2,9,1,0,38
40,10,2,13,1,0,38
27,13,4,0,0,0,38
54,9,2,11,1,0,38
36,12,0,7,0,0,38
47,9,2,7,0,0,38
40,9,4,4,1,0,38
46,13,2,9,1,0,38
42,13,2,0,1,0,38
36,13,5,7,0,0,38
41,10,2,2,1,0,38
36,3,3,2,1,0,25
47,12,2,0,1,0,38
23,9,4,0,0,0,38
48,13,2,9,1,0,38
46,10,2,10,1,0,38
32,10,2,13,1,0,38
42,14,2,9,0,0,38
29,8,2,12,1,0,38
28,13,4,9,0,0,38
33,9,4,13,1,0,38
19,7,4,5,1,0,38
36,13,2,11,1,0,38
42,9,2,13,1,0,38
30,11,0,3,1,0,38
48,10,6,0,0,0,38
49,12,1,3,1,10520,38
55,13,2,3,1,0,38
41,10,2,0,0,0,38
21,9,4,7,1,0,38
52,4,6,7,0,0,38
34,9,2,2,1,0,38
64,10,2,4,1,6418,38
19,10,4,0,1,0,38
48,9,2,2,1,0,38
43,15,5,12,1,0,3
52,10,2,0,1,0,38
23,12,4,11,0,0,38
17,5,4,7,1,0,38
37,7,4,5,1,0,38
33,10,4,0,0,0,38
24,13,4,12,0,0,38
28,14,4,9,1,0,38
27,3,2,4,1,0,25
21,9,2,6,1,0,38
39,10,2,10,1,0,38
67,16,2,9,1,0,2
25,3,2,6,1,0,25
18,9,4,11,0,0,38
40,16,2,9,1,0,38
45,9,2,2,1,0,38
51,9,5,5,0,0,38
42,12,2,11,1,0,38
23,9,4,2,0,0,38
49,13,2,11,1,0,38
41,11,2,0,0,7688,38
38,10,0,3,0,0,38
24,13,4,12,1,0,38
26,9,2,2,1,0,38
44,9,2,0,1,0,38
59,10,2,3,1,0,38
20,10,4,0,0,0,38
27,9,4,5,1,0,38
20,10,4,5,1,0,10
36,12,2,3,0,0,38
31,13,3,0,0,0,38
35,9,2,2,1,0,25
25,12,4,6,1,0,38
20,9,4,7,1,0,38
69,9,2,4,1,0,38
20,10,4,0,0,0,38
36,13,2,9,1,0,29
48,16,2,9,0,0,38
45,9,2,2,1,0,38
38,13,2,9,1,0,38
57,14,0,9,0,0,38
34,14,4,9,0,0,38
37,11,0,9,0,0,38
64,13,2,5,1,0,26
37,10,2,2,1,0,38
39,13,2,3,1,0,38
50,13,2,2,1,0,38
46,9,0,2,1,0,38
36,7,2,2,1,5178,38
50,13,2,3,1,0,38
32,13,2,9,1,7688,38
53,14,0,9,0,0,38
44,10,2,3,1,0,38
39,12,2,11,1,15024,38
21,10,4,0,0,0,38
31,9,2,6,1,0,38
41,9,2,2,1,0,38
46,13,2,9,1,0,38
19,9,4,11,1,0,38
27,9,2,12,1,0,38
29,13,4,11,1,6849,38
51,10,2,7,0,0,38
37,10,2,0,1,0,29
50,10,0,0,1,0,38
26,10,4,2,1,0,38
37,2,2,2,1,0,0
25,13,4,3,0,0,38
66,10,2,12,1,0,38
37,12,2,13,1,0,38
52,10,0,3,0,0,38
38,9,4,11,0,0,38
30,5,2,5,1,0,25
52,11,5,7,0,0,38
40,9,2,6,1,0,38
50,9,2,0,0,7688,38
45,10,2,3,1,0,38
46,11,2,13,1,15024,38
53,9,2,13,1,0,38
44,13,0,11,1,0,38
35,9,2,7,1,0,38
37,10,2,3,1,0,38
56,10,4,0,0,0,38
54,13,2,3,1,15024,38
36,1,4,6,1,0,32
47,10,2,0,0,0,38
29,13,0,9,1,0,38
47,9,2,2,1,5178,38
54,10,2,11,1,0,38
42,13,2,9,1,0,38
47,13,2,9,0,0,38
39,14,2,11,1,0,38
25,14,4,0,1,0,38
38,10,0,3,0,0,38
39,14,4,3,0,0,38
42,11,2,9,1,0,38
35,9,2,5,0,0,38
32,12,2,9,1,0,38
46,10,2,2,1,0,38
42,14,4,9,0,0,38
46,9,2,6,1,0,38
25,9,4,6,1,4416,38
37,13,2,11,1,0,38
26,9,4,6,1,5721,38
31,10,0,0,0,0,38
61,9,2,3,1,0,38
46,14,2,1,1,0,38
38,13,2,3,1,15024,38
40,10,0,0,0,0,38
49,14,3,0,0,0,38
30,13,2,9,1,0,38
43,13,0,3,1,0,38
23,10,4,7,1,0,38
26,10,2,6,1,0,38
44,10,6,3,0,0,38
26,14,2,9,0,0,38
38,9,2,9,0,0,38
33,9,2,2,1,0,38
28,6,4,0,0,0,38
29,10,4,12,1,0,38
22,10,4,6,0,0,38
60,10,2,3,1,0,38
40,13,4,9,0,0,38
19,10,4,0,0,0,38
37,13,2,9,1,7688,38
41,13,2,11,1,0,38
44,13,2,3,1,7688,38
62,10,2,3,1,0,38
50,11,2,2,1,0,38
23,10,4,12,1,0,38
34,5,2,2,1,0,38
22,10,4,0,1,0,38
25,9,4,3,0,0,38
36,9,2,11,1,0,38
22,9,4,0,0,0,38
33,11,2,2,1,7298,38
37,9,2,7,1,0,12
35,9,2,3,1,0,38
26,13,4,9,0,0,38
28,9,4,9,1,0,38
30,4,2,4,1,0,25
38,10,4,7,1,0,38
33,9,2,11,1,0,38
19,9,4,0,0,0,38
31,10,4,0,0,2463,38
59,9,2,2,1,0,38
67,14,2,9,1,20051,38
62,9,2,3,1,0,38
30,10,4,6,1,0,38
42,10,2,11,1,0,38
34,9,4,5,1,0,38
29,14,2,9,1,0,38
20,10,4,0,0,0,38
59,9,2,13,1,0,38
27,9,2,6,1,5013,1
44,16,2,9,1,0,38
24,10,4,6,1,0,38
55,13,0,9,0,0,38
46,13,2,3,1,15024,38
65,9,2,0,0,0,38
80,15,2,9,1,0,38
30,10,2,2,1,4386,38
19,9,4,2,1,0,38
33,13,2,0,0,0,2
28,10,2,3,0,0,38
22,5,4,6,1,0,12
32,9,2,6,1,0,38
34,9,2,6,1,0,38
33,10,3,5,1,0,8
36,9,0,13,1,0,38
54,9,2,0,1,0,38
58,6,2,13,1,0,38
53,13,2,9,1,0,38
33,9,2,10,1,7298,38
38,9,4,13,0,0,38
24,9,4,7,1,0,38
42,9,4,7,0,0,38
25,10,5,0,0,0,38
20,9,4,6,1,0,38
41,9,0,13,1,0,38
58,9,4,13,1,0,1
45,13,0,11,0,0,38
53,10,4,9,0,0,38
35,11,2,7,0,0,38
37,9,2,12,1,0,38
51,10,2,9,0,0,38
30,13,2,9,1,0,38
24,10,4,2,1,0,38
39,11,2,1,1,15024,38
32,13,4,7,1,0,38
33,7,2,5,1,0,38
45,13,2,11,1,0,38
22,11,2,12,1,0,38
73,9,2,4,1,0,39
30,6,2,2,1,0,38
56,13,1,7,0,27828,38
24,13,4,0,0,0,38
31,9,2,0,0,0,38
31,2,4,5,1,0,25
19,9,4,7,0,0,38
44,13,2,9,1,0,38
44,13,2,9,1,0,38
43,5,2,3,1,0,25
28,9,2,3,1,0,38
34,13,2,3,1,0,38
40,9,2,13,1,0,38
55,10,4,0,1,0,38
31,10,4,0,0,0,38
45,9,2,7,1,0,38
33,11,2,11,1,0,38
37,9,2,3,1,0,38
28,9,4,4,0,0,38
57,9,2,2,1,99999,38
22,10,4,0,0,0,38
46,12,4,0,0,0,38
41,9,4,11,1,0,38
27,12,4,0,0,0,38
82,4,2,4,1,0,38
57,14,2,11,1,15024,38
48,15,2,9,1,0,38
40,15,2,9,1,0,38
35,4,2,4,1,0,38
38,10,2,11,1,0,38
34,9,2,7,0,0,38
32,10,2,2,1,15024,38
42,11,2,3,1,0,38
32,9,2,1,1,8614,38
59,12,2,3,1,0,38
47,9,2,0,1,0,38
34,14,2,9,1,0,38
30,7,4,4,1,0,38
48,10,2,12,1,0,38
26,9,2,3,0,5013,38
35,9,5,0,0,0,38
28,10,4,0,1,0,38
41,7,2,2,1,0,38
26,12,0,9,0,0,38
28,12,0,0,0,0,38
36,13,0,9,0,0,38
35,13,4,9,1,0,38
31,13,2,9,1,0,38
59,9,2,2,1,0,38
58,13,2,9,1,0,38
46,9,2,0,0,0,38
44,10,5,12,0,0,38
45,10,2,2,1,0,38
47,13,2,11,1,0,38
32,9,2,2,1,0,38
52,8,2,2,1,0,7
27,9,2,11,1,0,38
46,13,2,11,1,99999,38
36,13,2,11,1,0,38
29,9,4,2,1,0,38
36,15,2,9,0,15024,38
38,13,2,11,1,7688,38
50,9,2,9,1,0,38
38,9,2,3,1,7298,38
27,10,4,11,0,0,38
34,10,4,0,1,0,38
38,13,4,7,1,0,38
49,14,2,9,1,0,38
31,12,0,7,0,0,38
45,13,2,3,1,0,38
67,13,6,7,0,0,38
31,11,2,3,1,0,38
38,14,2,2,1,0,38
34,14,5,9,0,4787,38
39,10,0,11,0,0,38
35,13,2,11,1,0,38
44,14,2,3,1,0,38
33,13,4,3,1,0,38
27,9,2,2,1,2885,38
61,4,2,6,1,0,38
67,13,2,7,1,0,20
45,15,0,9,0,0,38
46,13,2,11,1,0,38
28,10,4,11,1,0,38
56,13,2,9,1,7688,38
24,9,4,2,1,0,38
45,13,2,3,1,7688,38
43,9,2,5,1,0,38
42,9,2,7,1,0,13
23,10,4,6,1,0,38
37,15,2,9,1,0,38
29,9,2,2,1,0,38
50,13,2,3,1,0,38
40,10,2,4,1,0,38
46,14,2,3,1,15024,38
30,12,2,12,0,0,38
31,10,2,2,1,0,38
40,14,4,9,1,0,38
46,15,4,9,1,0,38
54,9,4,3,1,0,38
62,9,0,7,0,0,38
41,9,2,2,1,0,38
49,13,2,10,1,15024,38
63,9,2,0,0,0,38
44,14,5,11,0,0,38
62,6,6,5,0,0,38
27,13,2,3,1,0,38
44,9,0,7,0,0,38
37,15,2,9,1,0,38
33,13,2,11,1,0,38
36,16,3,9,1,0,38
58,14,2,3,1,15024,11
36,10,2,2,1,0,38
51,13,2,9,1,0,38
60,9,2,3,1,0,38
44,14,2,3,1,0,38
31,9,4,2,1,0,38
36,13,0,9,0,0,38
68,9,2,3,1,0,38
36,9,2,0,1,7688,38
28,13,2,9,1,0,35
43,12,2,9,0,0,38
38,12,0,3,1,0,38
35,14,2,11,1,0,38
33,13,2,9,0,0,38
34,9,2,7,1,0,38
32,10,4,2,1,0,38
21,10,4,0,0,0,38
33,13,2,9,1,3103,38
35,10,2,2,1,0,38
36,9,2,6,1,0,38
24,9,4,2,1,0,38
22,9,4,2,0,0,38
43,9,0,0,0,0,38
21,10,4,6,1,0,38
35,9,5,13,1,0,38
30,13,2,9,1,99999,38
66,9,2,0,1,0,38
22,3,2,0,0,0,25
20,10,4,5,1,0,38
49,11,2,2,1,0,11
21,9,4,11,1,0,38
43,8,2,2,1,0,38
29,10,4,0,1,0,38
31,13,2,3,1,0,38
48,10,0,2,1,3325,38
36,9,2,12,1,0,38
41,10,2,2,1,0,38
67,9,5,4,0,15831,38
28,13,0,7,0,0,8
66,9,2,0,0,0,38
36,13,0,7,1,0,38
42,13,2,11,1,14084,38
24,13,2,9,1,0,38
36,10,2,13,1,0,38
27,10,4,10,0,0,38
49,9,4,13,0,1506,38
39,10,2,5,1,0,38
59,12,2,11,1,15024,38
42,14,0,9,0,0,38
29,10,4,11,0,0,38
40,13,2,3,1,0,38
44,9,0,12,0,0,38
46,10,2,13,1,3103,38
25,13,4,9,1,0,38
49,13,4,7,0,0,29
54,9,2,2,1,0,38
27,9,2,7,1,0,30
25,10,4,3,1,0,38
27,12,2,3,1,5178,38
46,14,2,9,1,15024,38
35,9,2,0,0,0,38
22,13,4,12,0,0,38
51,9,2,2,1,0,38
22,10,2,5,1,0,38
31,9,4,2,1,0,38
64,11,2,2,1,0,38
41,9,0,7,0,0,38
23,11,4,3,1,0,38
42,14,2,9,1,0,38
43,9,2,2,1,7688,38
24,9,0,7,0,0,23
38,10,2,12,1,0,38
47,10,2,0,0,0,38
35,13,2,2,1,0,29
33,9,2,2,1,3103,38
60,14,2,3,1,0,38
41,9,2,2,1,0,38
33,10,2,2,1,0,38
61,9,2,3,0,15024,38
50,9,2,13,1,0,38
32,10,2,12,1,0,38
78,4,2,0,1,0,31
41,14,2,3,0,0,21
39,13,2,12,1,0,38
71,9,2,10,1,0,38
42,9,5,0,0,0,33
43,13,2,11,1,0,38
29,13,2,11,1,0,38
37,10,2,0,1,0,22
38,9,2,2,1,0,38
60,9,6,11,0,0,38
32,13,2,2,1,0,38
44,15,2,9,1,0,18
29,13,2,10,1,0,38
31,5,2,5,1,0,38
53,6,2,4,1,0,38
34,13,2,9,0,0,19
57,9,2,2,1,0,38
48,15,2,9,1,0,38
35,14,2,9,1,0,38
66,13,2,11,1,0,38
31,9,0,5,1,0,38
20,9,2,6,1,0,38
54,14,4,9,0,0,38
25,13,2,9,1,0,38
60,3,2,13,1,0,38
44,15,2,9,1,0,38
57,4,2,2,1,0,38
37,13,4,3,1,0,38
40,10,2,2,1,0,38
51,9,2,2,1,0,38
44,14,2,9,1,0,38
35,11,0,11,1,0,38
28,13,4,3,1,0,38
45,14,0,9,1,0,38
50,6,2,2,1,0,38
25,9,0,5,0,0,38
38,13,2,0,1,7298,38
27,5,4,0,0,0,38
29,9,4,0,0,0,38
38,10,2,3,0,0,38
43,10,2,3,1,0,38
40,13,4,0,0,2977,38
44,15,0,9,1,0,38
25,10,2,0,0,3103,38
36,9,2,6,1,0,38
47,13,2,3,1,0,38
36,9,2,3,1,0,38
21,9,4,11,1,0,38
46,9,2,0,0,3103,38
28,9,2,2,1,0,38
61,9,0,3,0,0,38
65,9,2,2,1,0,38
63,4,2,2,1,0,38
26,10,2,11,1,0,10
49,9,2,2,1,0,25
68,14,6,9,0,0,38
53,4,2,4,1,0,38
51,9,2,13,1,0,38
36,9,2,2,1,3103,38
26,13,4,7,0,0,38
56,10,2,2,1,0,38
23,10,0,0,1,0,38
50,13,2,12,1,0,38
64,12,5,9,0,0,38
39,9,3,2,1,0,38
49,14,2,3,1,0,38
22,11,4,0,1,0,38
58,9,2,2,1,0,38
47,13,2,9,1,0,38
34,11,2,3,1,0,38
28,9,2,2,1,0,38
57,10,0,0,1,0,38
47,9,2,6,0,0,38
31,9,3,2,1,0,38
31,10,4,0,0,0,38
56,9,0,7,1,0,38
49,13,4,3,1,0,38
22,10,4,5,0,0,38
20,7,2,0,0,0,38
25,13,2,9,1,0,38
56,9,0,13,1,0,38
20,10,4,5,1,0,38
36,13,2,0,1,0,38
33,9,5,2,1,0,38
51,10,2,11,1,0,38
59,12,0,9,0,0,38
43,10,2,0,0,0,38
54,9,2,7,0,0,38
40,9,2,6,1,0,38
61,10,2,2,1,0,38
58,13,3,9,1,4787,38
45,13,2,6,1,0,9
37,10,5,0,0,0,38
25,13,4,7,1,0,38
43,15,2,9,1,0,18
47,13,2,11,1,0,38
34,10,2,9,1,0,21
42,9,2,6,1,4386,38
58,9,2,11,0,0,38
39,9,0,6,1,0,38
44,13,2,3,1,0,38
65,10,6,11,0,0,38
54,9,2,11,1,0,38
18,6,4,7,0,0,38
31,9,4,7,1,0,38
47,9,4,0,0,0,38
19,10,4,0,1,0,38
42,10,0,3,0,0,38
30,8,0,6,1,0,38
23,10,4,6,1,0,38
46,7,2,2,1,0,38
47,3,2,13,1,0,4
49,14,3,9,1,0,38
26,9,2,2,1,0,38
29,9,0,9,0,0,38
32,10,4,0,0,0,38
19,10,4,11,1,0,38
29,12,2,9,1,0,38
55,14,2,3,1,0,38
24,13,4,11,0,0,38
49,11,2,2,1,0,38
38,3,2,5,1,0,25
50,14,2,9,1,7298,38
24,9,4,11,0,0,38
51,13,2,9,1,0,38
33,9,2,2,1,0,38
23,9,2,11,1,0,38
40,13,2,9,1,7298,38
44,2,2,10,1,0,25
26,9,2,10,1,3103,38
59,10,2,3,1,0,38
23,11,4,2,1,0,38
21,10,4,0,1,0,38
37,13,2,9,1,0,38
31,10,2,2,1,0,38
27,9,4,11,1,0,38
30,6,2,2,1,0,38
38,6,2,3,1,0,38
32,13,2,9,1,15024,38
55,14,2,9,1,7688,38
29,9,5,0,0,0,38
51,10,2,3,1,0,38
29,11,4,0,0,0,38
29,11,4,3,1,0,38
58,10,2,2,1,0,38
29,13,2,3,1,0,38
42,10,4,11,1,0,38
35,9,4,7,0,0,38
51,9,2,2,1,0,38
37,9,2,2,1,0,38
59,10,0,9,0,0,38
33,11,2,9,1,0,38
48,12,0,3,0,14084,38
46,10,2,2,1,0,18
59,9,2,13,1,0,38
53,9,5,0,0,0,38
48,11,2,3,1,0,38
54,10,2,3,1,0,38
40,11,2,12,1,0,38
56,13,0,3,1,0,38
38,11,2,6,1,0,38
33,9,5,7,0,0,38
30,13,2,2,1,0,39
25,10,4,0,1,0,38
31,13,4,3,0,0,38
31,9,4,7,1,0,38
29,12,4,3,1,0,38
26,14,4,9,0,0,38
22,10,4,0,1,0,38
51,13,2,3,1,15024,38
54,14,2,9,1,0,38
24,3,4,4,1,0,25
36,9,2,2,1,0,38
54,9,2,0,1,0,38
43,14,2,9,1,0,38
29,9,4,11,1,0,38
35,13,4,0,0,0,38
38,10,2,3,0,15024,38
42,13,2,0,0,0,38
45,4,5,7,0,0,25
67,13,6,0,0,0,38
57,10,0,9,1,0,38
44,10,0,7,0,0,38
49,10,2,2,1,0,38
38,9,4,13,1,0,38
53,13,2,9,1,0,23
35,13,4,11,1,0,38
36,10,4,13,1,0,38
43,9,0,0,0,0,38
48,10,2,2,1,0,38
49,9,2,10,1,0,38
46,16,5,9,1,0,38
61,9,2,3,1,0,38
47,13,0,3,1,0,38
47,7,2,6,0,0,38
54,10,2,11,1,0,38
37,9,0,0,0,0,38
21,10,4,4,1,0,38
51,9,2,6,1,0,38
20,10,4,0,0,0,26
24,10,4,7,1,0,38
19,10,4,0,1,0,38
44,9,0,6,0,0,38
39,14,4,3,0,14084,38
50,13,2,3,1,0,38
50,13,2,3,1,0,38
46,14,2,3,1,0,23
27,13,2,3,1,0,38
48,13,0,9,0,0,38
58,9,6,0,1,0,38
53,6,2,2,1,0,38
28,12,2,0,0,0,13
47,15,2,9,1,15024,38
28,13,3,12,0,0,38
26,14,4,3,0,0,38
34,13,4,3,1,0,38
34,13,2,9,1,0,38
39,13,4,0,1,2174,38
45,13,2,3,1,0,38
59,10,2,3,1,0,38
33,10,2,2,1,0,38
41,14,2,3,1,0,38
49,10,2,3,1,0,38
40,13,2,9,1,0,38
49,10,0,3,0,0,38
33,15,2,9,0,0,38
43,10,2,13,1,0,38
37,9,2,6,1,0,38
45,10,3,7,1,0,13
57,10,6,0,0,0,25
35,10,0,11,0,0,38
48,10,0,7,0,14084,38
36,15,4,6,0,14084,38
24,9,4,4,1,0,38
40,10,2,0,0,0,38
35,13,2,3,1,0,38
35,14,2,3,1,0,38
55,10,2,2,1,5013,38
25,10,2,0,0,0,38
43,11,2,3,1,0,8
37,10,4,2,1,0,38
27,13,4,11,0,0,38
56,13,2,10,1,7688,38
27,13,2,3,1,0,5
38,10,2,2,1,0,38
44,13,2,1,1,3103,38
24,10,2,11,1,0,38
50,9,2,3,1,0,38
25,9,2,0,0,0,38
60,13,2,3,1,0,38
28,7,4,5,1,0,38
37,5,2,13,1,0,38
34,9,2,6,1,0,38
51,13,0,3,1,14084,38
44,9,4,0,1,0,38
32,13,2,10,1,15024,38
40,10,2,9,1,0,38
39,15,2,2,1,7688,38
54,9,2,2,1,0,38
50,9,2,6,0,0,38
31,9,2,2,1,0,38
42,12,2,9,0,0,38
64,13,2,2,1,0,38
32,13,2,11,1,0,38
32,13,4,9,0,0,38
37,7,2,2,1,0,38
25,9,2,13,1,0,38
59,10,2,3,1,0,38
40,5,2,7,0,0,40
46,13,2,3,1,7688,38
48,10,0,5,1,2176,38
41,11,2,9,1,0,38
41,9,0,2,1,0,38
34,9,2,3,1,0,38
44,15,2,9,1,0,38
58,13,2,7,1,0,34
62,13,2,9,1,0,38
21,9,4,7,0,0,38
64,13,1,3,0,0,20
61,9,2,3,1,0,38
33,9,4,13,1,0,38
46,9,2,2,1,0,38
36,16,2,9,1,0,38
27,9,4,6,1,0,38
52,9,2,11,1,0,38
43,14,4,9,1,0,38
40,9,0,13,1,0,38
46,10,2,0,1,0,38
30,10,2,11,1,0,38
48,9,0,3,0,0,38
61,9,2,10,1,0,18
42,16,2,9,1,0,38
23,10,4,3,0,0,38
33,13,2,3,1,15024,38
28,7,4,11,1,0,38
51,9,2,12,1,0,38
52,9,0,13,1,0,38
59,15,4,9,1,0,38
37,13,4,3,1,0,38
42,11,2,10,1,0,38
36,13,2,9,1,0,10
47,9,4,0,1,0,38
56,10,2,9,1,0,38
58,13,2,3,1,7688,38
53,9,6,6,0,0,38
21,5,4,6,1,0,25
40,13,4,7,0,27828,38
47,4,2,2,1,0,25
34,10,2,6,1,0,38
49,14,2,9,0,0,38
20,10,4,11,0,0,38
40,12,2,12,1,0,38
34,9,4,7,0,0,38
31,9,2,10,1,0,38
26,13,4,9,0,0,38
50,13,2,3,1,0,38
48,13,2,0,1,7688,38
53,9,2,2,1,5013,38
47,13,2,2,1,15024,38
39,15,2,9,1,0,38
36,9,2,6,1,0,38
35,9,2,10,1,0,38
54,14,0,6,0,14084,38
35,9,4,2,1,0,38
62,14,2,0,1,0,38
51,14,2,9,1,0,38
42,12,2,0,0,0,38
60,14,2,9,1,0,2
64,9,2,0,0,20051,38
23,13,4,9,0,0,38
23,10,2,11,1,0,38
50,12,2,2,1,0,38
62,15,2,2,1,0,38
44,9,2,3,0,0,38
24,13,4,11,1,0,38
35,7,0,6,0,0,38
20,10,4,0,0,0,39
39,9,4,2,1,0,38
52,10,2,2,1,0,38
55,13,2,0,0,3464,38
42,10,2,2,1,0,38
36,15,0,9,1,25236,38
43,10,0,0,0,0,38
49,13,2,9,1,0,38
23,10,2,0,1,0,38
52,9,2,11,1,99999,38
34,13,4,9,0,0,38
38,13,2,2,1,0,38
31,13,0,2,0,0,38
23,10,2,6,1,0,38
32,13,4,12,0,0,29
43,10,2,10,1,0,38
34,11,4,7,1,0,38
42,13,4,9,0,0,38
59,9,2,2,0,15024,38
40,5,2,2,1,0,38
41,9,2,2,1,0,38
36,11,2,0,1,0,38
49,11,2,2,1,0,38
29,9,2,3,1,0,38
40,10,2,11,1,0,38
58,13,4,9,0,0,38
39,13,2,0,1,0,29
44,9,2,11,0,0,38
65,9,2,11,1,9386,38
27,9,4,13,1,0,38
29,10,0,2,1,2202,38
35,14,4,9,1,0,38
56,10,2,12,1,0,38
45,15,2,9,1,0,38
25,13,4,0,1,0,38
41,13,2,3,1,0,38
34,10,4,11,0,0,38
29,10,4,7,1,0,38
32,9,4,7,0,0,38
36,9,2,5,1,5178,38
42,13,3,9,0,8614,38
51,10,0,5,0,0,20
31,13,2,9,0,0,38
25,3,2,5,1,0,38
54,14,6,0,0,0,38
43,15,2,9,1,0,38
26,9,4,0,0,0,38
33,13,2,9,1,0,21
28,9,4,3,0,0,38
49,9,4,2,1,0,38
41,9,4,0,0,0,38
82,9,2,2,1,0,4
43,14,6,9,0,0,38
52,6,2,2,1,0,38
32,6,2,0,0,0,38
31,13,0,9,0,0,38
36,10,4,2,1,0,38
28,9,0,11,0,14084,38
43,9,0,0,0,0,38
42,13,2,11,1,0,38
27,10,4,5,1,0,38
39,14,2,9,1,7688,38
45,10,2,11,1,0,38
32,14,2,9,1,0,18
58,13,2,4,1,0,21
53,4,2,6,1,0,38
29,6,2,2,1,5013,38
47,9,2,3,1,0,38
42,13,2,5,0,0,13
40,9,2,6,1,0,38
39,13,2,9,1,0,38
35,9,2,2,1,0,38
54,10,2,11,1,0,38
26,10,4,6,1,0,38
26,9,3,11,1,0,38
45,10,0,0,0,0,38
23,9,4,11,1,0,38
35,13,2,3,1,0,38
39,14,2,9,1,0,38
54,9,2,2,1,0,38
29,9,2,2,1,0,38
35,9,2,2,1,0,38
51,10,2,9,1,0,38
29,10,2,2,1,0,38
47,14,2,9,1,0,38
42,10,2,11,1,0,38
58,10,2,3,1,0,38
58,4,2,13,1,0,38
22,7,5,2,1,0,38
24,8,2,2,1,0,38
32,7,2,0,1,0,38
43,14,2,3,1,0,38
41,12,2,12,1,0,38
44,14,2,3,1,0,38
42,13,2,12,1,0,38
46,12,2,3,1,15024,38
34,13,2,3,1,0,38
40,11,2,9,1,0,38
62,13,2,3,1,0,38
42,11,2,6,1,2407,38
32,13,4,3,1,0,38
55,9,2,3,1,0,38
47,16,2,9,1,0,18
37,13,4,0,1,0,38
23,9,4,13,1,0,38
27,13,2,0,0,0,4
33,10,2,10,1,0,38
67,9,2,10,1,0,38
35,13,2,11,1,7298,29
36,11,2,9,0,0,38
40,9,2,2,1,0,38
52,9,0,2,1,0,38
50,12,0,0,1,0,38
33,13,4,2,0,4787,14
38,13,5,3,1,27828,38
42,10,2,7,1,0,38
47,14,0,9,1,0,38
47,10,2,5,1,0,38
33,14,2,9,1,0,38
40,10,2,6,1,0,38
45,9,0,0,0,0,38
63,9,6,3,1,0,38
35,9,2,2,1,0,38
29,9,2,6,1,0,38
32,9,4,6,1,0,38
44,10,4,3,1,2202,38
24,9,2,11,0,0,38
58,13,2,11,1,0,38
23,5,4,6,0,0,25
59,16,2,9,1,0,38
36,13,2,3,1,7298,32
29,13,2,3,1,0,38
40,9,2,3,1,7688,38
31,10,2,11,1,0,38
33,10,2,2,1,7298,38
31,13,0,3,0,0,38
37,9,2,2,1,0,38
50,9,2,1,0,5178,38
53,9,0,6,0,0,33
39,9,2,0,1,7688,38
31,2,5,5,1,0,15
58,10,0,0,0,0,38
41,9,2,12,1,0,38
57,2,3,7,1,0,38
50,12,2,5,1,15024,38
49,9,2,2,1,0,38
63,9,5,3,1,0,38
42,9,2,2,0,3103,38
53,16,2,9,1,0,38
59,7,2,4,0,0,22
30,9,4,6,1,0,38
49,9,2,2,1,0,38
28,13,4,3,0,0,38
37,11,0,11,1,0,38
51,15,4,9,1,3325,38
52,9,2,0,1,0,38
49,9,4,2,0,0,32
53,4,4,13,1,0,38
51,10,2,10,1,0,38
35,13,2,3,1,0,38
52,11,5,11,0,0,38
59,9,2,2,1,0,38
54,13,4,9,0,0,38
51,16,0,3,0,0,38
70,3,6,7,0,2346,38
37,11,2,9,0,0,38
30,15,2,9,0,0,1
30,9,0,0,0,0,38
29,8,4,7,0,0,38
37,10,4,7,1,0,23
49,13,2,9,1,0,38
42,9,2,11,1,0,38
49,13,2,11,1,0,38
54,4,2,2,1,0,38
65,13,6,7,0,0,38
44,10,2,11,1,0,38
32,10,0,2,0,0,38
41,10,4,0,0,0,25
50,12,2,12,1,0,38
24,10,4,13,1,0,38
29,13,2,3,1,7688,38
56,13,2,3,1,0,38
33,9,2,2,1,0,38
38,10,0,0,0,5721,38
48,7,5,7,0,0,38
32,13,2,3,1,7298,38
28,11,2,9,0,7688,38
47,9,0,9,0,0,38
50,12,2,3,1,0,38
34,10,2,2,1,0,38
32,13,2,10,1,15024,38
41,11,2,9,1,0,38
21,5,4,7,1,0,25
45,16,0,9,0,0,38
34,9,2,7,1,0,38
42,10,2,2,1,3103,38
35,13,2,9,0,15024,38
28,11,4,3,0,0,38
32,10,0,2,1,0,38
29,14,2,9,0,0,38
48,9,2,2,1,0,38
50,10,4,9,1,0,38
49,9,2,2,1,0,38
47,13,0,9,1,0,38
29,9,4,6,0,0,38
52,4,4,6,0,0,38
50,13,2,3,0,0,38
45,10,2,9,1,0,38
39,13,4,9,1,0,38
62,9,2,4,1,0,38
44,13,2,1,1,3103,38
39,13,4,9,1,0,38
32,12,0,9,0,0,38
44,15,2,9,1,0,38
44,14,2,3,1,0,38
46,13,2,9,1,7688,38
51,10,2,9,1,0,38
53,9,0,13,1,0,38
42,14,2,3,1,0,38
41,14,0,9,0,0,38
28,10,0,9,1,0,38
34,13,4,9,0,0,38
29,13,2,9,0,7688,38
44,10,0,2,1,0,38
45,9,2,6,1,0,38
30,10,4,11,1,0,38
50,12,2,2,1,0,38
58,13,0,3,1,0,38
22,6,2,11,0,0,38
32,6,4,2,1,0,38
52,13,2,3,1,0,38
53,9,6,11,0,0,38
45,10,0,6,1,0,38
30,9,0,2,0,0,38
41,9,4,3,0,0,38
39,13,2,9,1,0,38
39,14,2,9,1,0,38
27,13,4,3,0,0,38
41,14,2,3,1,0,38
51,10,0,2,0,0,38
29,7,0,2,1,0,38
34,10,2,0,1,0,38
43,9,2,6,1,0,38
48,10,5,11,0,0,38
25,11,4,12,0,0,38
39,9,2,2,1,0,38
47,13,2,2,1,0,38
44,13,2,9,1,0,38
43,11,2,3,1,0,38
46,14,2,3,1,0,38
49,9,0,7,0,0,38
46,10,2,12,1,3103,38
37,13,4,3,0,0,38
52,7,5,5,1,0,38
45,5,2,6,0,0,38
62,10,2,3,1,0,38
55,13,2,9,1,7298,38
35,10,0,0,0,0,38
41,10,2,2,1,0,38
42,13,2,9,1,0,38
52,10,2,2,1,0,38
42,16,4,3,0,0,21
36,13,2,9,0,0,38
30,12,4,9,1,10520,38
34,12,4,11,0,14344,14
58,10,0,0,0,0,38
33,10,0,0,0,0,38
28,12,6,9,1,0,38
30,10,4,2,1,0,38
69,13,2,3,1,99999,38
39,15,2,3,1,3103,18
44,13,2,3,1,0,38
52,7,2,7,1,0,38
42,13,2,0,1,0,29
31,12,4,12,0,0,38
35,9,2,0,1,0,38
59,9,2,11,0,0,38
30,13,4,9,1,0,38
19,9,0,2,0,0,7
47,13,2,9,1,15024,38
48,13,0,3,1,0,38
49,10,2,2,1,0,38
39,9,2,2,1,0,38
51,6,2,7,1,0,25
50,15,2,9,1,0,38
61,13,2,11,1,0,38
66,11,6,0,0,0,38
38,9,4,9,0,0,38
56,9,0,3,1,0,38
26,9,4,2,1,0,38
32,10,0,3,1,0,38
44,8,2,5,1,0,38
53,9,2,4,1,0,38
35,13,4,2,0,0,38
44,4,2,6,0,0,5
30,10,3,3,0,0,38
38,8,2,2,1,7688,38
48,9,0,0,1,0,38
29,9,3,6,0,0,7
27,13,4,2,1,0,38
48,14,2,9,1,0,38
30,9,2,10,1,0,38
59,10,2,3,1,0,38
50,7,2,2,1,0,38
56,16,2,9,1,0,38
54,9,2,2,1,0,38
62,9,0,13,1,0,38
30,14,2,9,1,0,18
34,14,2,3,1,0,38
26,9,2,0,0,0,38
33,13,4,9,0,0,38
28,9,2,12,1,0,38
30,5,2,6,0,0,31
49,13,0,9,0,0,38
24,8,2,6,1,0,38
64,10,2,13,1,0,38
52,8,2,2,1,0,38
60,10,2,1,1,7298,38
34,13,4,11,1,0,38
48,11,3,9,1,0,38
22,9,2,13,1,0,38
44,14,2,9,0,0,38
39,13,2,3,1,0,38
45,14,0,9,0,0,38
50,10,2,11,1,0,38
33,14,2,9,1,0,38
27,13,4,9,0,0,38
48,13,2,3,1,0,38
46,13,2,3,1,7688,38
51,9,5,10,1,0,38
30,13,2,9,1,0,38
37,10,2,12,1,0,38
36,10,4,0,1,2463,38
38,15,2,9,1,0,38
50,10,2,5,1,0,38
44,10,2,3,1,0,38
30,13,0,9,0,0,38
36,13,2,0,0,0,10
23,10,4,4,1,0,38
54,9,5,0,0,0,32
50,14,0,9,0,0,38
38,15,2,9,1,0,38
48,13,2,3,1,0,38
33,14,2,9,1,0,38
36,14,2,3,1,0,38
40,11,2,3,1,0,1
50,13,0,3,0,0,38
26,10,4,0,1,0,38
45,14,2,3,1,4386,38
30,10,2,3,1,0,38
53,10,4,3,0,0,38
39,10,0,9,0,0,38
39,9,2,13,1,0,38
36,11,1,9,1,0,38
30,9,2,2,1,0,38
47,11,2,1,0,7688,38
20,9,4,7,1,0,38
32,9,4,5,0,0,38
25,12,2,0,0,0,38
40,5,2,2,1,0,38
56,9,2,6,1,0,38
51,13,2,11,1,0,38
47,10,2,2,1,0,38
51,10,0,9,0,0,38
51,10,1,11,0,0,38
33,15,2,9,0,0,38
19,9,4,2,1,0,38
56,9,4,0,0,0,38
41,13,4,12,1,0,38
18,9,4,0,1,0,38
51,13,2,3,0,15024,38
65,10,0,3,0,0,38
22,13,4,0,0,0,38
57,14,2,9,1,0,38
52,15,2,9,0,99999,38
33,10,0,0,0,0,38
46,9,0,3,0,0,38
39,9,2,2,1,7298,38
50,9,2,2,1,3103,38
56,10,2,3,1,7688,38
29,9,2,2,1,0,38
52,10,0,3,0,0,38
40,6,0,2,1,0,38
26,9,4,2,0,0,38
41,10,2,3,1,0,38
47,10,6,0,0,0,38
57,15,4,3,0,0,38
44,14,2,2,1,15024,38
29,10,2,7,0,0,38
45,16,2,9,1,7688,38
43,11,2,4,1,0,38
37,10,2,2,1,0,38
36,9,2,6,1,0,38
57,13,2,2,1,0,38
34,13,2,3,1,0,38
18,7,2,2,1,0,38
43,13,2,9,1,0,38
38,2,2,5,1,0,25
33,13,4,0,1,0,38
30,9,2,10,1,0,38
47,10,0,0,0,0,38
50,9,2,13,1,0,38
47,9,2,3,1,15024,38
28,10,4,3,0,0,38
41,9,0,6,1,0,38
28,10,4,10,1,0,15
43,14,4,3,0,0,38
54,13,4,9,1,0,38
53,13,2,0,1,7298,38
33,9,2,6,1,0,38
57,15,2,9,1,0,38
52,13,2,9,1,0,38
26,10,4,11,0,0,38
51,9,2,2,1,0,38
34,7,4,13,1,0,38
39,13,2,9,0,0,10
36,14,4,9,0,0,38
61,15,2,9,1,0,38
50,10,2,10,1,0,38
44,15,0,9,0,0,38
20,10,4,5,1,0,38
40,10,2,5,1,0,25
68,9,2,11,1,0,38
24,11,2,2,1,0,38
33,10,2,10,1,3908,38
42,9,1,3,0,0,38
50,9,2,5,1,0,38
32,10,2,11,1,0,38
33,16,2,9,1,0,4
26,13,2,2,1,0,38
36,13,0,9,1,0,38
51,9,2,2,1,4386,38
43,11,5,11,0,0,38
53,11,2,9,1,4386,38
20,10,4,0,0,0,38
45,9,0,2,1,10520,38
45,13,0,9,1,0,38
20,10,4,0,0,0,38
43,13,2,11,1,0,38
37,9,2,2,1,0,38
23,13,4,9,0,0,38
53,10,2,11,1,15024,38
60,9,2,10,1,0,38
28,13,2,3,0,0,38
43,9,2,2,1,0,38
51,13,2,3,1,0,38
32,10,4,11,1,0,38
23,6,4,5,1,0,38
36,9,0,2,1,0,38
65,15,0,9,1,0,38
40,12,2,3,0,0,38
40,9,2,3,1,0,38
40,9,0,6,0,0,38
53,16,2,9,1,15024,38
35,9,2,2,1,7298,38
25,13,4,11,0,0,38
42,13,2,9,1,0,38
46,13,4,3,1,0,38
59,9,2,3,1,99999,38
31,10,2,11,1,0,38
37,13,0,7,1,0,38
38,15,2,9,1,0,38
24,9,4,2,1,0,38
26,11,2,3,0,0,38
21,6,5,11,0,0,38
57,10,2,0,1,0,38
54,9,2,2,1,5178,38
30,10,2,2,1,0,38
34,6,1,2,1,0,38
55,9,2,13,1,3411,22
41,14,4,9,0,0,38
34,9,2,2,1,0,38
41,14,2,9,1,15024,38
52,9,2,11,1,0,38
25,10,3,11,0,0,38
27,13,4,3,0,0,38
52,9,5,2,1,0,38
77,12,2,3,1,0,38
58,7,2,2,1,0,38
55,9,2,2,1,0,38
29,10,4,9,0,0,38
32,9,4,2,1,0,38
